graph_id,seed,install_index,event_wall_seconds,interval_end_wall_seconds,tau_seconds,incumbent_delta_contact_seconds,mean_trajectory_delta_contact_seconds,population_diversity_pct
CP-SCALE-AU-L002__g0340,67,0,34.034365367144346,75.05265353620052,-10,-574.296563,-574.296563,0.0
CP-SCALE-AU-L002__g0340,67,0,34.034365367144346,75.05265353620052,-5,-234.412765,-234.412765,0.0
CP-SCALE-AU-L002__g0340,67,0,34.034365367144346,75.05265353620052,0,0.0,0.0,0.0
CP-SCALE-AU-L002__g0340,67,0,34.034365367144346,75.05265353620052,1,0.0,0.0,0.0
CP-SCALE-AU-L002__g0340,67,0,34.034365367144346,75.05265353620052,5,68.644333,-3436.26238025,90.0069
CP-SCALE-AU-L002__g0340,67,0,34.034365367144346,75.05265353620052,8,145.93118,-2644.61993775,89.781
CP-SCALE-AU-L002__g0340,67,0,34.034365367144346,75.05265353620052,12,497.98939,-1886.21456725,90.012
CP-SCALE-AU-L002__g0340,67,0,34.034365367144346,75.05265353620052,16,723.648471,-1363.89032975,90.2806
CP-SCALE-AU-L002__g0340,67,0,34.034365367144346,75.05265353620052,24,844.197728,-621.6213345,90.481
CP-SCALE-AU-L002__g0340,67,0,34.034365367144346,75.05265353620052,30,1011.17361,-206.004098,90.4188
CP-SCALE-AU-L002__g0340,67,5,231.6904270388186,274.71523644030094,-10,-58.440757,-185.218495,91.6571
CP-SCALE-AU-L002__g0340,67,5,231.6904270388186,274.71523644030094,-5,-58.440757,-106.30349725,91.6409
CP-SCALE-AU-L002__g0340,67,5,231.6904270388186,274.71523644030094,0,0.0,0.0,91.6869
CP-SCALE-AU-L002__g0340,67,5,231.6904270388186,274.71523644030094,1,0.0,0.0,91.6869
CP-SCALE-AU-L002__g0340,67,5,231.6904270388186,274.71523644030094,5,0.0,-2830.59791725,91.9851
CP-SCALE-AU-L002__g0340,67,5,231.6904270388186,274.71523644030094,8,0.0,-2318.935467,91.9974
CP-SCALE-AU-L002__g0340,67,5,231.6904270388186,274.71523644030094,12,1.309484,-1861.4110135,91.8234
CP-SCALE-AU-L002__g0340,67,5,231.6904270388186,274.71523644030094,16,1.309484,-1512.84178225,92.0971
CP-SCALE-AU-L002__g0340,67,5,231.6904270388186,274.71523644030094,24,1.309484,-1079.78206425,91.965
CP-SCALE-AU-L002__g0340,67,5,231.6904270388186,274.71523644030094,30,1.309484,-674.53543675,91.9902
CP-SCALE-AU-L002__g0340,67,12,512.1675633825362,552.1859147436917,-10,0.0,0.0,0.0
CP-SCALE-AU-L002__g0340,67,12,512.1675633825362,552.1859147436917,-5,0.0,0.0,0.0
CP-SCALE-AU-L002__g0340,67,12,512.1675633825362,552.1859147436917,0,0.0,0.0,0.0
CP-SCALE-AU-L002__g0340,67,12,512.1675633825362,552.1859147436917,1,0.0,0.0,0.0
CP-SCALE-AU-L002__g0340,67,12,512.1675633825362,552.1859147436917,5,29.598619,-4611.3956975,80.6616
CP-SCALE-AU-L002__g0340,67,12,512.1675633825362,552.1859147436917,8,29.598619,-3864.504583,80.3524
CP-SCALE-AU-L002__g0340,67,12,512.1675633825362,552.1859147436917,12,29.598619,-3275.25793725,80.3672
CP-SCALE-AU-L002__g0340,67,12,512.1675633825362,552.1859147436917,16,29.598619,-2944.24542775,80.0872
CP-SCALE-AU-L002__g0340,67,12,512.1675633825362,552.1859147436917,24,29.598619,-2498.982234,80.1289
CP-SCALE-AU-L002__g0340,67,12,512.1675633825362,552.1859147436917,30,58.720279,-2222.02296725,80.2686
CP-SCALE-AU-L002__g0340,67,14,591.4415278658271,632.4629763588309,-10,0.0,0.0,0.0
CP-SCALE-AU-L002__g0340,67,14,591.4415278658271,632.4629763588309,-5,0.0,0.0,0.0
CP-SCALE-AU-L002__g0340,67,14,591.4415278658271,632.4629763588309,0,0.0,0.0,0.0
CP-SCALE-AU-L002__g0340,67,14,591.4415278658271,632.4629763588309,1,0.0,0.0,0.0
CP-SCALE-AU-L002__g0340,67,14,591.4415278658271,632.4629763588309,5,0.0,-4048.2657875,80.2471
CP-SCALE-AU-L002__g0340,67,14,591.4415278658271,632.4629763588309,8,0.0,-3284.2801185,80.1936
CP-SCALE-AU-L002__g0340,67,14,591.4415278658271,632.4629763588309,12,453.044263,-2618.34430625,80.431
CP-SCALE-AU-L002__g0340,67,14,591.4415278658271,632.4629763588309,16,624.993633,-2239.08055275,80.3703
CP-SCALE-AU-L002__g0340,67,14,591.4415278658271,632.4629763588309,24,624.993633,-1792.70570975,80.0908
CP-SCALE-AU-L002__g0340,67,14,591.4415278658271,632.4629763588309,30,624.993633,-1581.382969,80.2904
CP-SCALE-AU-L002__g0340,67,15,632.4684626869857,673.4901867769659,-10,-234.439119,-289.68072025,80.2415
CP-SCALE-AU-L002__g0340,67,15,632.4684626869857,673.4901867769659,-5,-234.439119,-150.337528,80.2343
CP-SCALE-AU-L002__g0340,67,15,632.4684626869857,673.4901867769659,0,0.0,0.0,80.5821
CP-SCALE-AU-L002__g0340,67,15,632.4684626869857,673.4901867769659,1,0.0,0.0,80.5821
CP-SCALE-AU-L002__g0340,67,15,632.4684626869857,673.4901867769659,5,0.0,-2435.51156775,78.3794
CP-SCALE-AU-L002__g0340,67,15,632.4684626869857,673.4901867769659,8,0.0,-1775.43324975,78.2767
CP-SCALE-AU-L002__g0340,67,15,632.4684626869857,673.4901867769659,12,0.0,-1160.0238765,78.4827
CP-SCALE-AU-L002__g0340,67,15,632.4684626869857,673.4901867769659,16,0.0,-952.14852225,78.6626
CP-SCALE-AU-L002__g0340,67,15,632.4684626869857,673.4901867769659,24,0.0,-366.1951585,78.6298
CP-SCALE-AU-L002__g0340,67,15,632.4684626869857,673.4901867769659,30,147.471171,-97.64204475,78.0981
CP-SCALE-AU-L002__g0340,67,16,673.49552455917,713.5136523731053,-10,0.0,-410.683961,78.0981
CP-SCALE-AU-L002__g0340,67,16,673.49552455917,713.5136523731053,-5,0.0,-278.812966,78.0515
CP-SCALE-AU-L002__g0340,67,16,673.49552455917,713.5136523731053,0,0.0,0.0,78.3701
CP-SCALE-AU-L002__g0340,67,16,673.49552455917,713.5136523731053,1,0.0,0.0,78.3701
CP-SCALE-AU-L002__g0340,67,16,673.49552455917,713.5136523731053,5,20.66242,-3310.897178,79.8414
CP-SCALE-AU-L002__g0340,67,16,673.49552455917,713.5136523731053,8,20.66242,-2595.9640235,80.0113
CP-SCALE-AU-L002__g0340,67,16,673.49552455917,713.5136523731053,12,237.689072,-1877.278222,80.4168
CP-SCALE-AU-L002__g0340,67,16,673.49552455917,713.5136523731053,16,237.689072,-1585.482994,80.5586
CP-SCALE-AU-L002__g0340,67,16,673.49552455917,713.5136523731053,24,237.689072,-1064.4385335,80.6964
CP-SCALE-AU-L002__g0340,67,16,673.49552455917,713.5136523731053,30,257.160496,-661.57727025,80.7073
CP-SCALE-AU-L002__g0340,67,17,713.5190454274416,752.7061452865601,-10,-74.993027,-297.3385335,80.7073
CP-SCALE-AU-L002__g0340,67,17,713.5190454274416,752.7061452865601,-5,-74.993027,-145.95849075,80.33
CP-SCALE-AU-L002__g0340,67,17,713.5190454274416,752.7061452865601,0,0.0,0.0,80.4713
CP-SCALE-AU-L002__g0340,67,17,713.5190454274416,752.7061452865601,1,0.0,0.0,80.4713
CP-SCALE-AU-L002__g0340,67,17,713.5190454274416,752.7061452865601,5,0.0,-3074.83204175,82.2419
CP-SCALE-AU-L002__g0340,67,17,713.5190454274416,752.7061452865601,8,0.0,-1938.43202325,81.5887
CP-SCALE-AU-L002__g0340,67,17,713.5190454274416,752.7061452865601,12,20.66242,-1617.35244875,81.7541
CP-SCALE-AU-L002__g0340,67,17,713.5190454274416,752.7061452865601,16,20.66242,-1313.996967,81.8114
CP-SCALE-AU-L002__g0340,67,17,713.5190454274416,752.7061452865601,24,57.90181,-713.30337675,82.1829
CP-SCALE-AU-L002__g0340,67,17,713.5190454274416,752.7061452865601,30,57.90181,-569.44664275,82.3378
CP-SCALE-AU-L002__g0340,67,20,833.8988258726895,900.0032818429172,-10,-98.409872,-24.602468,1.4097
CP-SCALE-AU-L002__g0340,67,20,833.8988258726895,900.0032818429172,-5,-98.409872,-24.602468,1.4097
CP-SCALE-AU-L002__g0340,67,20,833.8988258726895,900.0032818429172,0,0.0,0.0,2.1535
CP-SCALE-AU-L002__g0340,67,20,833.8988258726895,900.0032818429172,1,0.0,0.0,2.1535
CP-SCALE-AU-L002__g0340,67,20,833.8988258726895,900.0032818429172,5,0.0,-5488.5944135,84.0212
CP-SCALE-AU-L002__g0340,67,20,833.8988258726895,900.0032818429172,8,0.0,-4702.588571,84.246
CP-SCALE-AU-L002__g0340,67,20,833.8988258726895,900.0032818429172,12,0.0,-4147.595205,84.046
CP-SCALE-AU-L002__g0340,67,20,833.8988258726895,900.0032818429172,16,0.0,-3606.74695525,83.9517
CP-SCALE-AU-L002__g0340,67,20,833.8988258726895,900.0032818429172,24,26.779526,-3113.098595,83.8114
CP-SCALE-AU-L002__g0340,67,20,833.8988258726895,900.0032818429172,30,26.779526,-2861.94097175,83.7659
CP-SCALE-AU-L002__g0340,71,0,30.94390542805195,70.95979160815477,-10,-1120.129915,-1120.129915,0.0
CP-SCALE-AU-L002__g0340,71,0,30.94390542805195,70.95979160815477,-5,-205.899616,-205.899616,0.0
CP-SCALE-AU-L002__g0340,71,0,30.94390542805195,70.95979160815477,0,0.0,0.0,0.0
CP-SCALE-AU-L002__g0340,71,0,30.94390542805195,70.95979160815477,1,0.0,0.0,0.0
CP-SCALE-AU-L002__g0340,71,0,30.94390542805195,70.95979160815477,5,380.95656,-3868.30997075,90.2864
CP-SCALE-AU-L002__g0340,71,0,30.94390542805195,70.95979160815477,8,440.950523,-2859.758171,90.7584
CP-SCALE-AU-L002__g0340,71,0,30.94390542805195,70.95979160815477,12,569.119252,-2492.0073685,90.7028
CP-SCALE-AU-L002__g0340,71,0,30.94390542805195,70.95979160815477,16,629.295224,-1728.062088,90.9569
CP-SCALE-AU-L002__g0340,71,0,30.94390542805195,70.95979160815477,24,866.809471,-1237.084613,91.0304
CP-SCALE-AU-L002__g0340,71,0,30.94390542805195,70.95979160815477,30,1316.718806,-956.184698,91.1739
CP-SCALE-AU-L002__g0340,71,1,70.96434489637613,110.97973462939262,-10,0.0,-402.47175875,91.1739
CP-SCALE-AU-L002__g0340,71,1,70.96434489637613,110.97973462939262,-5,0.0,-141.97798375,91.1354
CP-SCALE-AU-L002__g0340,71,1,70.96434489637613,110.97973462939262,0,0.0,0.0,91.0437
CP-SCALE-AU-L002__g0340,71,1,70.96434489637613,110.97973462939262,1,0.0,0.0,91.0437
CP-SCALE-AU-L002__g0340,71,1,70.96434489637613,110.97973462939262,5,0.0,-2125.94334075,91.8104
CP-SCALE-AU-L002__g0340,71,1,70.96434489637613,110.97973462939262,8,66.869701,-1420.8361485,91.784
CP-SCALE-AU-L002__g0340,71,1,70.96434489637613,110.97973462939262,12,230.823539,-812.1420465,91.7391
CP-SCALE-AU-L002__g0340,71,1,70.96434489637613,110.97973462939262,16,258.663413,-479.0676825,91.8666
CP-SCALE-AU-L002__g0340,71,1,70.96434489637613,110.97973462939262,24,383.730742,430.34417375,91.9688
CP-SCALE-AU-L002__g0340,71,1,70.96434489637613,110.97973462939262,30,403.711674,537.4586,92.0469
CP-SCALE-AU-L002__g0340,71,2,110.98444297537208,149.11329462006688,-10,-12.954531,-409.20749925,92.0469
CP-SCALE-AU-L002__g0340,71,2,110.98444297537208,149.11329462006688,-5,-12.954531,-197.3010055,92.0039
CP-SCALE-AU-L002__g0340,71,2,110.98444297537208,149.11329462006688,0,0.0,0.0,91.9035
CP-SCALE-AU-L002__g0340,71,2,110.98444297537208,149.11329462006688,1,0.0,0.0,91.9035
CP-SCALE-AU-L002__g0340,71,2,110.98444297537208,149.11329462006688,5,0.0,-2274.21871875,91.2097
CP-SCALE-AU-L002__g0340,71,2,110.98444297537208,149.11329462006688,8,0.0,-1514.67282325,91.3324
CP-SCALE-AU-L002__g0340,71,2,110.98444297537208,149.11329462006688,12,44.350524,-1187.32961475,91.5195
CP-SCALE-AU-L002__g0340,71,2,110.98444297537208,149.11329462006688,16,51.123137,-698.14783925,91.6295
CP-SCALE-AU-L002__g0340,71,2,110.98444297537208,149.11329462006688,24,119.545161,-391.61109725,91.5569
CP-SCALE-AU-L002__g0340,71,2,110.98444297537208,149.11329462006688,30,151.131859,-352.27832775,91.5583
CP-SCALE-AU-L002__g0340,71,4,191.17467126995325,230.30399879813194,-10,0.0,-69.979945,91.8038
CP-SCALE-AU-L002__g0340,71,4,191.17467126995325,230.30399879813194,-5,0.0,-42.81806725,91.8364
CP-SCALE-AU-L002__g0340,71,4,191.17467126995325,230.30399879813194,0,0.0,0.0,91.8284
CP-SCALE-AU-L002__g0340,71,4,191.17467126995325,230.30399879813194,1,0.0,0.0,91.8284
CP-SCALE-AU-L002__g0340,71,4,191.17467126995325,230.30399879813194,5,0.0,-3102.61666125,91.9317
CP-SCALE-AU-L002__g0340,71,4,191.17467126995325,230.30399879813194,8,46.29342,-2268.73226525,91.9383
CP-SCALE-AU-L002__g0340,71,4,191.17467126995325,230.30399879813194,12,120.994019,-1537.57206725,91.9038
CP-SCALE-AU-L002__g0340,71,4,191.17467126995325,230.30399879813194,16,120.994019,-1193.039278,91.8504
CP-SCALE-AU-L002__g0340,71,4,191.17467126995325,230.30399879813194,24,156.628263,-675.4523955,91.9126
CP-SCALE-AU-L002__g0340,71,4,191.17467126995325,230.30399879813194,30,156.628263,-457.6797275,91.9165
CP-SCALE-AU-L002__g0340,71,6,271.8065086938441,311.55296240746975,-10,0.0,-131.449473,91.7456
CP-SCALE-AU-L002__g0340,71,6,271.8065086938441,311.55296240746975,-5,0.0,-103.08015775,91.7593
CP-SCALE-AU-L002__g0340,71,6,271.8065086938441,311.55296240746975,0,0.0,0.0,91.7048
CP-SCALE-AU-L002__g0340,71,6,271.8065086938441,311.55296240746975,1,0.0,0.0,91.7048
CP-SCALE-AU-L002__g0340,71,6,271.8065086938441,311.55296240746975,5,7.271611,-4663.42585,98.28
CP-SCALE-AU-L002__g0340,71,6,271.8065086938441,311.55296240746975,8,7.271611,-4059.149904,98.2821
CP-SCALE-AU-L002__g0340,71,6,271.8065086938441,311.55296240746975,12,7.271611,-3431.1043985,98.2456
CP-SCALE-AU-L002__g0340,71,6,271.8065086938441,311.55296240746975,16,142.508683,-3121.880006,98.2473
CP-SCALE-AU-L002__g0340,71,6,271.8065086938441,311.55296240746975,24,142.508683,-2560.199318,98.3461
CP-SCALE-AU-L002__g0340,71,6,271.8065086938441,311.55296240746975,30,142.508683,-2273.706716,98.3459
CP-SCALE-AU-L002__g0340,71,8,349.69765711948276,389.71351116895676,-10,-12.642584,-262.37815975,98.3815
CP-SCALE-AU-L002__g0340,71,8,349.69765711948276,389.71351116895676,-5,0.0,-34.03035125,98.3708
CP-SCALE-AU-L002__g0340,71,8,349.69765711948276,389.71351116895676,0,0.0,0.0,98.3718
CP-SCALE-AU-L002__g0340,71,8,349.69765711948276,389.71351116895676,1,0.0,0.0,98.3718
CP-SCALE-AU-L002__g0340,71,8,349.69765711948276,389.71351116895676,5,0.0,-2802.4548825,98.0942
CP-SCALE-AU-L002__g0340,71,8,349.69765711948276,389.71351116895676,8,0.0,-1830.4204835,98.0215
CP-SCALE-AU-L002__g0340,71,8,349.69765711948276,389.71351116895676,12,0.0,-1323.84079725,98.0635
CP-SCALE-AU-L002__g0340,71,8,349.69765711948276,389.71351116895676,16,0.0,-888.1095405,97.9855
CP-SCALE-AU-L002__g0340,71,8,349.69765711948276,389.71351116895676,24,278.654812,-427.9502305,97.9439
CP-SCALE-AU-L002__g0340,71,8,349.69765711948276,389.71351116895676,30,278.654812,-67.92654925,97.942
CP-SCALE-AU-L002__g0340,71,10,430.8615406528115,470.8783266842365,-10,-132.774679,-207.98484175,98.0288
CP-SCALE-AU-L002__g0340,71,10,430.8615406528115,470.8783266842365,-5,-34.56662,-89.16114375,98.0273
CP-SCALE-AU-L002__g0340,71,10,430.8615406528115,470.8783266842365,0,0.0,0.0,98.0149
CP-SCALE-AU-L002__g0340,71,10,430.8615406528115,470.8783266842365,1,0.0,0.0,98.0149
CP-SCALE-AU-L002__g0340,71,10,430.8615406528115,470.8783266842365,5,0.0,-2539.9718785,96.6847
CP-SCALE-AU-L002__g0340,71,10,430.8615406528115,470.8783266842365,8,0.0,-1886.80001025,96.7256
CP-SCALE-AU-L002__g0340,71,10,430.8615406528115,470.8783266842365,12,0.0,-1461.2074535,96.8082
CP-SCALE-AU-L002__g0340,71,10,430.8615406528115,470.8783266842365,16,164.711097,-974.67018975,96.8375
CP-SCALE-AU-L002__g0340,71,10,430.8615406528115,470.8783266842365,24,164.711097,-501.16064125,96.8069
CP-SCALE-AU-L002__g0340,71,10,430.8615406528115,470.8783266842365,30,164.711097,-271.3091455,96.8396
CP-SCALE-AU-L002__g0340,71,16,670.6689450740814,710.6839762590826,-10,0.0,-86.93745175,96.7868
CP-SCALE-AU-L002__g0340,71,16,670.6689450740814,710.6839762590826,-5,0.0,-36.32255425,96.8545
CP-SCALE-AU-L002__g0340,71,16,670.6689450740814,710.6839762590826,0,0.0,0.0,96.8688
CP-SCALE-AU-L002__g0340,71,16,670.6689450740814,710.6839762590826,1,0.0,0.0,96.8688
CP-SCALE-AU-L002__g0340,71,16,670.6689450740814,710.6839762590826,5,0.0,-4183.780197,97.5672
CP-SCALE-AU-L002__g0340,71,16,670.6689450740814,710.6839762590826,8,0.0,-3536.359663,97.475
CP-SCALE-AU-L002__g0340,71,16,670.6689450740814,710.6839762590826,12,0.0,-2687.411123,97.5552
CP-SCALE-AU-L002__g0340,71,16,670.6689450740814,710.6839762590826,16,10.266683,-2211.3891935,97.6399
CP-SCALE-AU-L002__g0340,71,16,670.6689450740814,710.6839762590826,24,10.266683,-1627.99737725,97.5464
CP-SCALE-AU-L002__g0340,71,16,670.6689450740814,710.6839762590826,30,10.266683,-1458.52567525,97.4498
CP-SCALE-AU-L002__g0340,71,18,749.8310079053044,790.8521779514849,-10,0.0,-82.06498425,97.5119
CP-SCALE-AU-L002__g0340,71,18,749.8310079053044,790.8521779514849,-5,0.0,0.0,97.5386
CP-SCALE-AU-L002__g0340,71,18,749.8310079053044,790.8521779514849,0,0.0,0.0,97.5386
CP-SCALE-AU-L002__g0340,71,18,749.8310079053044,790.8521779514849,1,0.0,0.0,97.5386
CP-SCALE-AU-L002__g0340,71,18,749.8310079053044,790.8521779514849,5,0.0,-2693.9115645,97.0176
CP-SCALE-AU-L002__g0340,71,18,749.8310079053044,790.8521779514849,8,0.0,-2113.98659375,97.1581
CP-SCALE-AU-L002__g0340,71,18,749.8310079053044,790.8521779514849,12,0.0,-1715.7178275,97.1547
CP-SCALE-AU-L002__g0340,71,18,749.8310079053044,790.8521779514849,16,0.0,-1312.80639075,97.184
CP-SCALE-AU-L002__g0340,71,18,749.8310079053044,790.8521779514849,24,0.0,-758.6134975,97.3011
CP-SCALE-AU-L002__g0340,71,18,749.8310079053044,790.8521779514849,30,0.0,-627.434972,97.2899
CP-SCALE-AU-L002__g0340,71,20,833.0216676779091,900.0038211233914,-10,0.0,-91.018352,97.3136
CP-SCALE-AU-L002__g0340,71,20,833.0216676779091,900.0038211233914,-5,0.0,-20.73863625,97.3042
CP-SCALE-AU-L002__g0340,71,20,833.0216676779091,900.0038211233914,0,0.0,0.0,97.2907
CP-SCALE-AU-L002__g0340,71,20,833.0216676779091,900.0038211233914,1,0.0,0.0,97.2907
CP-SCALE-AU-L002__g0340,71,20,833.0216676779091,900.0038211233914,5,0.0,-3179.062506,96.7245
CP-SCALE-AU-L002__g0340,71,20,833.0216676779091,900.0038211233914,8,0.0,-2266.8285735,96.7678
CP-SCALE-AU-L002__g0340,71,20,833.0216676779091,900.0038211233914,12,0.0,-1854.387287,96.7851
CP-SCALE-AU-L002__g0340,71,20,833.0216676779091,900.0038211233914,16,0.0,-1581.2050045,96.7851
CP-SCALE-AU-L002__g0340,71,20,833.0216676779091,900.0038211233914,24,0.0,-892.383627,96.8536
CP-SCALE-AU-L002__g0340,71,20,833.0216676779091,900.0038211233914,30,0.0,-572.16163775,96.8721
CP-SCALE-AU-L002__g0340,73,0,30.361384067684412,70.37630182504654,-10,-406.216667,-406.216667,0.0
CP-SCALE-AU-L002__g0340,73,0,30.361384067684412,70.37630182504654,-5,-138.254806,-138.254806,0.0
CP-SCALE-AU-L002__g0340,73,0,30.361384067684412,70.37630182504654,0,0.0,0.0,0.0
CP-SCALE-AU-L002__g0340,73,0,30.361384067684412,70.37630182504654,1,0.0,0.0,0.0
CP-SCALE-AU-L002__g0340,73,0,30.361384067684412,70.37630182504654,5,80.78888,-3405.48067925,89.9895
CP-SCALE-AU-L002__g0340,73,0,30.361384067684412,70.37630182504654,8,243.55205,-2378.01642025,90.1315
CP-SCALE-AU-L002__g0340,73,0,30.361384067684412,70.37630182504654,12,268.285082,-1864.42542,90.2557
CP-SCALE-AU-L002__g0340,73,0,30.361384067684412,70.37630182504654,16,381.356297,-1291.68797125,90.6913
CP-SCALE-AU-L002__g0340,73,0,30.361384067684412,70.37630182504654,24,619.312016,-727.54233225,90.9783
CP-SCALE-AU-L002__g0340,73,0,30.361384067684412,70.37630182504654,30,1193.578503,-71.96604775,91.1449
CP-SCALE-AU-L002__g0340,73,3,151.685284614563,189.82529802247882,-10,-22.439463,-69.7781885,91.9993
CP-SCALE-AU-L002__g0340,73,3,151.685284614563,189.82529802247882,-5,-13.557681,-16.3610875,91.9954
CP-SCALE-AU-L002__g0340,73,3,151.685284614563,189.82529802247882,0,0.0,0.0,91.9856
CP-SCALE-AU-L002__g0340,73,3,151.685284614563,189.82529802247882,1,0.0,0.0,91.9856
CP-SCALE-AU-L002__g0340,73,3,151.685284614563,189.82529802247882,5,0.0,-4878.0435665,97.8712
CP-SCALE-AU-L002__g0340,73,3,151.685284614563,189.82529802247882,8,94.754117,-4075.95632525,97.9398
CP-SCALE-AU-L002__g0340,73,3,151.685284614563,189.82529802247882,12,194.545136,-3230.8272685,97.8348
CP-SCALE-AU-L002__g0340,73,3,151.685284614563,189.82529802247882,16,196.347912,-2838.68788475,97.8351
CP-SCALE-AU-L002__g0340,73,3,151.685284614563,189.82529802247882,24,322.568704,-2462.87426975,97.9032
CP-SCALE-AU-L002__g0340,73,3,151.685284614563,189.82529802247882,30,480.599679,-2078.07182075,97.847
CP-SCALE-AU-L002__g0340,73,9,392.56375762820244,431.70100339129567,-10,-74.508836,-104.69812025,97.6881
CP-SCALE-AU-L002__g0340,73,9,392.56375762820244,431.70100339129567,-5,-74.508836,-49.3824565,97.6875
CP-SCALE-AU-L002__g0340,73,9,392.56375762820244,431.70100339129567,0,0.0,0.0,97.7041
CP-SCALE-AU-L002__g0340,73,9,392.56375762820244,431.70100339129567,1,0.0,0.0,97.7041
CP-SCALE-AU-L002__g0340,73,9,392.56375762820244,431.70100339129567,5,0.0,-3504.76580875,98.2149
CP-SCALE-AU-L002__g0340,73,9,392.56375762820244,431.70100339129567,8,0.0,-2726.30234975,98.201
CP-SCALE-AU-L002__g0340,73,9,392.56375762820244,431.70100339129567,12,0.0,-2181.6064785,98.1916
CP-SCALE-AU-L002__g0340,73,9,392.56375762820244,431.70100339129567,16,0.0,-1769.0326925,98.2609
CP-SCALE-AU-L002__g0340,73,9,392.56375762820244,431.70100339129567,24,2.635065,-1393.2301645,98.25
CP-SCALE-AU-L002__g0340,73,9,392.56375762820244,431.70100339129567,30,2.635065,-1109.790262,98.2635
CP-SCALE-AU-L002__g0340,73,10,431.7064360566437,476.7407510019839,-10,0.0,-274.0208505,98.2635
CP-SCALE-AU-L002__g0340,73,10,431.7064360566437,476.7407510019839,-5,0.0,-144.3917,98.2008
CP-SCALE-AU-L002__g0340,73,10,431.7064360566437,476.7407510019839,0,0.0,0.0,98.2269
CP-SCALE-AU-L002__g0340,73,10,431.7064360566437,476.7407510019839,1,0.0,0.0,98.2269
CP-SCALE-AU-L002__g0340,73,10,431.7064360566437,476.7407510019839,5,0.0,-2650.344079,98.1859
CP-SCALE-AU-L002__g0340,73,10,431.7064360566437,476.7407510019839,8,88.300015,-1861.28086425,98.2138
CP-SCALE-AU-L002__g0340,73,10,431.7064360566437,476.7407510019839,12,88.300015,-1206.11034325,98.2136
CP-SCALE-AU-L002__g0340,73,10,431.7064360566437,476.7407510019839,16,88.300015,-724.1876505,98.1631
CP-SCALE-AU-L002__g0340,73,10,431.7064360566437,476.7407510019839,24,94.348572,-362.515892,98.1386
CP-SCALE-AU-L002__g0340,73,10,431.7064360566437,476.7407510019839,30,193.937122,-80.894195,98.1122
CP-SCALE-AU-L002__g0340,73,12,511.8882944844663,551.9152329750359,-10,0.0,-161.43446975,98.0829
CP-SCALE-AU-L002__g0340,73,12,511.8882944844663,551.9152329750359,-5,0.0,-25.66627075,98.0689
CP-SCALE-AU-L002__g0340,73,12,511.8882944844663,551.9152329750359,0,0.0,0.0,98.0677
CP-SCALE-AU-L002__g0340,73,12,511.8882944844663,551.9152329750359,1,0.0,0.0,98.0677
CP-SCALE-AU-L002__g0340,73,12,511.8882944844663,551.9152329750359,5,0.0,-4349.06621275,98.3233
CP-SCALE-AU-L002__g0340,73,12,511.8882944844663,551.9152329750359,8,0.0,-3608.5649655,98.3246
CP-SCALE-AU-L002__g0340,73,12,511.8882944844663,551.9152329750359,12,10.300629,-3140.286384,98.3126
CP-SCALE-AU-L002__g0340,73,12,511.8882944844663,551.9152329750359,16,10.300629,-2581.5892505,98.2876
CP-SCALE-AU-L002__g0340,73,12,511.8882944844663,551.9152329750359,24,10.300629,-1975.609087,98.2619
CP-SCALE-AU-L002__g0340,73,12,511.8882944844663,551.9152329750359,30,90.696334,-1753.74525975,98.2632
CP-SCALE-AU-L002__g0340,73,13,551.92349248752,591.9398810863495,-10,-243.082666,-269.93144475,98.2632
CP-SCALE-AU-L002__g0340,73,13,551.92349248752,591.9398810863495,-5,-191.113426,-164.538216,98.2758
CP-SCALE-AU-L002__g0340,73,13,551.92349248752,591.9398810863495,0,0.0,0.0,98.2756
CP-SCALE-AU-L002__g0340,73,13,551.92349248752,591.9398810863495,1,0.0,0.0,98.2756
CP-SCALE-AU-L002__g0340,73,13,551.92349248752,591.9398810863495,5,0.0,-1774.723752,98.4786
CP-SCALE-AU-L002__g0340,73,13,551.92349248752,591.9398810863495,8,0.0,-886.74009525,98.4777
CP-SCALE-AU-L002__g0340,73,13,551.92349248752,591.9398810863495,12,0.0,-338.5600765,98.5011
CP-SCALE-AU-L002__g0340,73,13,551.92349248752,591.9398810863495,16,0.0,-75.49480525,98.5144
CP-SCALE-AU-L002__g0340,73,13,551.92349248752,591.9398810863495,24,0.0,92.06378425,98.5401
CP-SCALE-AU-L002__g0340,73,13,551.92349248752,591.9398810863495,30,1.228807,311.1380195,98.5526
CP-SCALE-AU-L002__g0340,73,14,591.9452887773514,631.9623964764178,-10,0.0,-174.0742955,98.5526
CP-SCALE-AU-L002__g0340,73,14,591.9452887773514,631.9623964764178,-5,0.0,-136.56448925,98.5671
CP-SCALE-AU-L002__g0340,73,14,591.9452887773514,631.9623964764178,0,0.0,0.0,98.6066
CP-SCALE-AU-L002__g0340,73,14,591.9452887773514,631.9623964764178,1,0.0,0.0,98.6066
CP-SCALE-AU-L002__g0340,73,14,591.9452887773514,631.9623964764178,5,0.0,-2666.31346775,98.3519
CP-SCALE-AU-L002__g0340,73,14,591.9452887773514,631.9623964764178,8,0.0,-1454.77041125,98.4319
CP-SCALE-AU-L002__g0340,73,14,591.9452887773514,631.9623964764178,12,0.0,-1229.655053,98.4814
CP-SCALE-AU-L002__g0340,73,14,591.9452887773514,631.9623964764178,16,0.0,-896.5902665,98.5056
CP-SCALE-AU-L002__g0340,73,14,591.9452887773514,631.9623964764178,24,0.0,-498.6651745,98.5319
CP-SCALE-AU-L002__g0340,73,14,591.9452887773514,631.9623964764178,30,0.0,-203.66320275,98.5833
CP-SCALE-AU-L002__g0340,73,15,631.9680731445551,671.9900228641927,-10,0.0,-218.09294,98.5833
CP-SCALE-AU-L002__g0340,73,15,631.9680731445551,671.9900228641927,-5,0.0,-98.25162875,98.5698
CP-SCALE-AU-L002__g0340,73,15,631.9680731445551,671.9900228641927,0,0.0,0.0,98.5591
CP-SCALE-AU-L002__g0340,73,15,631.9680731445551,671.9900228641927,1,0.0,0.0,98.5591
CP-SCALE-AU-L002__g0340,73,15,631.9680731445551,671.9900228641927,5,0.0,-1925.074315,98.4491
CP-SCALE-AU-L002__g0340,73,15,631.9680731445551,671.9900228641927,8,0.0,-1030.5964885,98.4365
CP-SCALE-AU-L002__g0340,73,15,631.9680731445551,671.9900228641927,12,0.0,-434.29728275,98.4272
CP-SCALE-AU-L002__g0340,73,15,631.9680731445551,671.9900228641927,16,0.0,-226.2473255,98.389
CP-SCALE-AU-L002__g0340,73,15,631.9680731445551,671.9900228641927,24,0.0,182.37225125,98.4028
CP-SCALE-AU-L002__g0340,73,15,631.9680731445551,671.9900228641927,30,0.0,338.474259,98.4527
CP-SCALE-AU-L002__g0340,73,18,751.3180459290743,791.3355595357716,-10,0.0,-63.4959795,98.3805
CP-SCALE-AU-L002__g0340,73,18,751.3180459290743,791.3355595357716,-5,0.0,-41.44824125,98.3805
CP-SCALE-AU-L002__g0340,73,18,751.3180459290743,791.3355595357716,0,0.0,0.0,98.3803
CP-SCALE-AU-L002__g0340,73,18,751.3180459290743,791.3355595357716,1,0.0,0.0,98.3803
CP-SCALE-AU-L002__g0340,73,18,751.3180459290743,791.3355595357716,5,0.0,-4751.514147,98.3953
CP-SCALE-AU-L002__g0340,73,18,751.3180459290743,791.3355595357716,8,0.0,-3631.89035975,98.5002
CP-SCALE-AU-L002__g0340,73,18,751.3180459290743,791.3355595357716,12,0.0,-3181.3767765,98.4878
CP-SCALE-AU-L002__g0340,73,18,751.3180459290743,791.3355595357716,16,0.0,-2750.20685,98.4878
CP-SCALE-AU-L002__g0340,73,18,751.3180459290743,791.3355595357716,24,0.0,-1983.3004485,98.4237
CP-SCALE-AU-L002__g0340,73,18,751.3180459290743,791.3355595357716,30,0.0,-1507.975107,98.4508
CP-SCALE-AU-L002__g0340,73,19,791.3564141392708,831.3851267583668,-10,0.0,-234.14797525,98.4508
CP-SCALE-AU-L002__g0340,73,19,791.3564141392708,831.3851267583668,-5,0.0,-101.56121375,98.4775
CP-SCALE-AU-L002__g0340,73,19,791.3564141392708,831.3851267583668,0,0.0,0.0,98.478
CP-SCALE-AU-L002__g0340,73,19,791.3564141392708,831.3851267583668,1,0.0,0.0,98.478
CP-SCALE-AU-L002__g0340,73,19,791.3564141392708,831.3851267583668,5,0.0,-3050.5189605,98.3669
CP-SCALE-AU-L002__g0340,73,19,791.3564141392708,831.3851267583668,8,0.0,-2459.994857,98.3187
CP-SCALE-AU-L002__g0340,73,19,791.3564141392708,831.3851267583668,12,0.0,2356.75338675,0.0
CP-SCALE-AU-L002__g0340,73,19,791.3564141392708,831.3851267583668,16,0.0,2356.75338675,0.0
CP-SCALE-AU-L002__g0340,73,19,791.3564141392708,831.3851267583668,24,0.0,2356.75338675,0.0
CP-SCALE-AU-L002__g0340,73,19,791.3564141392708,831.3851267583668,30,0.0,2356.75338675,0.0
CP-SCALE-AU-L002__g0340,73,20,831.3944260030985,900.0031423196197,-10,0.0,0.0,0.0
CP-SCALE-AU-L002__g0340,73,20,831.3944260030985,900.0031423196197,-5,0.0,0.0,0.0
CP-SCALE-AU-L002__g0340,73,20,831.3944260030985,900.0031423196197,0,0.0,0.0,0.0
CP-SCALE-AU-L002__g0340,73,20,831.3944260030985,900.0031423196197,1,0.0,0.0,0.0
CP-SCALE-AU-L002__g0340,73,20,831.3944260030985,900.0031423196197,5,2.351409,-4488.35162225,85.1434
CP-SCALE-AU-L002__g0340,73,20,831.3944260030985,900.0031423196197,8,2.351409,-3870.474166,84.9509
CP-SCALE-AU-L002__g0340,73,20,831.3944260030985,900.0031423196197,12,86.441509,86.441509,0.0
CP-SCALE-AU-L002__g0340,73,20,831.3944260030985,900.0031423196197,16,133.285818,133.285818,0.0
CP-SCALE-AU-L002__g0340,73,20,831.3944260030985,900.0031423196197,24,133.285818,133.285818,0.0
CP-SCALE-AU-L002__g0340,73,20,831.3944260030985,900.0031423196197,30,133.285818,133.285818,0.0
CP-SCALE-AU-L002__g0340,79,0,32.06920098513365,70.2175841704011,-10,-668.098861,-668.098861,0.0
CP-SCALE-AU-L002__g0340,79,0,32.06920098513365,70.2175841704011,-5,-297.924603,-297.924603,0.0
CP-SCALE-AU-L002__g0340,79,0,32.06920098513365,70.2175841704011,0,0.0,0.0,0.0
CP-SCALE-AU-L002__g0340,79,0,32.06920098513365,70.2175841704011,1,0.0,0.0,0.0
CP-SCALE-AU-L002__g0340,79,0,32.06920098513365,70.2175841704011,5,97.064837,-4063.91632025,90.1165
CP-SCALE-AU-L002__g0340,79,0,32.06920098513365,70.2175841704011,8,97.064837,-3393.31985,89.8659
CP-SCALE-AU-L002__g0340,79,0,32.06920098513365,70.2175841704011,12,326.368542,-2723.522005,90.0414
CP-SCALE-AU-L002__g0340,79,0,32.06920098513365,70.2175841704011,16,537.990704,-2124.558612,89.9552
CP-SCALE-AU-L002__g0340,79,0,32.06920098513365,70.2175841704011,24,605.713876,-1513.36007275,89.8887
CP-SCALE-AU-L002__g0340,79,0,32.06920098513365,70.2175841704011,30,680.151299,-1319.29099725,89.8805
CP-SCALE-AU-L002__g0340,79,1,70.2231714092195,114.25324665755033,-10,-554.114435,-538.476309,89.86
CP-SCALE-AU-L002__g0340,79,1,70.2231714092195,114.25324665755033,-5,-286.737308,-431.059697,89.814
CP-SCALE-AU-L002__g0340,79,1,70.2231714092195,114.25324665755033,0,0.0,0.0,89.6833
CP-SCALE-AU-L002__g0340,79,1,70.2231714092195,114.25324665755033,1,0.0,0.0,89.6833
CP-SCALE-AU-L002__g0340,79,1,70.2231714092195,114.25324665755033,5,2.879402,-2910.978104,91.9524
CP-SCALE-AU-L002__g0340,79,1,70.2231714092195,114.25324665755033,8,49.97321,-1700.14770275,92.1679
CP-SCALE-AU-L002__g0340,79,1,70.2231714092195,114.25324665755033,12,373.49114,-1031.27833975,92.1083
CP-SCALE-AU-L002__g0340,79,1,70.2231714092195,114.25324665755033,16,486.225279,-730.1656645,92.2873
CP-SCALE-AU-L002__g0340,79,1,70.2231714092195,114.25324665755033,24,509.12881,-431.8951895,92.2543
CP-SCALE-AU-L002__g0340,79,1,70.2231714092195,114.25324665755033,30,531.453712,53.85828625,91.9138
CP-SCALE-AU-L002__g0340,79,7,313.9724767804146,353.9898974597454,-10,0.0,-67.67922925,92.1074
CP-SCALE-AU-L002__g0340,79,7,313.9724767804146,353.9898974597454,-5,0.0,-33.16663275,92.1814
CP-SCALE-AU-L002__g0340,79,7,313.9724767804146,353.9898974597454,0,0.0,0.0,92.2227
CP-SCALE-AU-L002__g0340,79,7,313.9724767804146,353.9898974597454,1,0.0,0.0,92.2227
CP-SCALE-AU-L002__g0340,79,7,313.9724767804146,353.9898974597454,5,0.0,-3305.95335725,92.4601
CP-SCALE-AU-L002__g0340,79,7,313.9724767804146,353.9898974597454,8,0.0,-2554.16262575,92.6232
CP-SCALE-AU-L002__g0340,79,7,313.9724767804146,353.9898974597454,12,0.0,-1877.5195085,92.4926
CP-SCALE-AU-L002__g0340,79,7,313.9724767804146,353.9898974597454,16,0.0,-1608.085771,92.5511
CP-SCALE-AU-L002__g0340,79,7,313.9724767804146,353.9898974597454,24,0.0,-1187.79458175,92.5745
CP-SCALE-AU-L002__g0340,79,7,313.9724767804146,353.9898974597454,30,0.0,-907.875702,92.4862
CP-SCALE-AU-L002__g0340,79,8,353.9953768700361,392.1313092596829,-10,0.0,-195.796506,92.4862
CP-SCALE-AU-L002__g0340,79,8,353.9953768700361,392.1313092596829,-5,0.0,-136.44386975,92.5445
CP-SCALE-AU-L002__g0340,79,8,353.9953768700361,392.1313092596829,0,0.0,0.0,92.3426
CP-SCALE-AU-L002__g0340,79,8,353.9953768700361,392.1313092596829,1,0.0,0.0,92.3426
CP-SCALE-AU-L002__g0340,79,8,353.9953768700361,392.1313092596829,5,20.41376,-3653.68431325,92.275
CP-SCALE-AU-L002__g0340,79,8,353.9953768700361,392.1313092596829,8,20.41376,-2463.6549915,92.3715
CP-SCALE-AU-L002__g0340,79,8,353.9953768700361,392.1313092596829,12,20.41376,-1779.13440375,92.2789
CP-SCALE-AU-L002__g0340,79,8,353.9953768700361,392.1313092596829,16,139.260237,-1564.620016,92.2589
CP-SCALE-AU-L002__g0340,79,8,353.9953768700361,392.1313092596829,24,139.260237,-1056.5381165,92.3239
CP-SCALE-AU-L002__g0340,79,8,353.9953768700361,392.1313092596829,30,147.793023,-871.3215865,92.3888
CP-SCALE-AU-L002__g0340,79,9,392.1368875131011,435.16718262061477,-10,0.0,-353.81835925,92.3925
CP-SCALE-AU-L002__g0340,79,9,392.1368875131011,435.16718262061477,-5,0.0,-207.233825,92.3851
CP-SCALE-AU-L002__g0340,79,9,392.1368875131011,435.16718262061477,0,0.0,0.0,92.2352
CP-SCALE-AU-L002__g0340,79,9,392.1368875131011,435.16718262061477,1,0.0,0.0,92.2352
CP-SCALE-AU-L002__g0340,79,9,392.1368875131011,435.16718262061477,5,0.0,-2197.88344325,92.3265
CP-SCALE-AU-L002__g0340,79,9,392.1368875131011,435.16718262061477,8,0.0,-1248.912882,92.3214
CP-SCALE-AU-L002__g0340,79,9,392.1368875131011,435.16718262061477,12,41.207526,-894.97294025,92.5877
CP-SCALE-AU-L002__g0340,79,9,392.1368875131011,435.16718262061477,16,41.207526,-858.42902925,92.5865
CP-SCALE-AU-L002__g0340,79,9,392.1368875131011,435.16718262061477,24,41.207526,-484.82961625,92.7597
CP-SCALE-AU-L002__g0340,79,9,392.1368875131011,435.16718262061477,30,41.207526,-421.6638555,92.7933
CP-SCALE-AU-L002__g0340,79,11,474.3216975443065,511.4632041044533,-10,0.0,-28.235663,92.8443
CP-SCALE-AU-L002__g0340,79,11,474.3216975443065,511.4632041044533,-5,0.0,-28.0300295,92.8443
CP-SCALE-AU-L002__g0340,79,11,474.3216975443065,511.4632041044533,0,0.0,0.0,92.9314
CP-SCALE-AU-L002__g0340,79,11,474.3216975443065,511.4632041044533,1,0.0,0.0,92.9314
CP-SCALE-AU-L002__g0340,79,11,474.3216975443065,511.4632041044533,5,8.05791,-2560.294889,92.5395
CP-SCALE-AU-L002__g0340,79,11,474.3216975443065,511.4632041044533,8,8.05791,-1425.963953,92.3603
CP-SCALE-AU-L002__g0340,79,11,474.3216975443065,511.4632041044533,12,8.05791,-857.9461445,92.2688
CP-SCALE-AU-L002__g0340,79,11,474.3216975443065,511.4632041044533,16,8.05791,-561.4085515,92.2025
CP-SCALE-AU-L002__g0340,79,11,474.3216975443065,511.4632041044533,24,8.05791,-320.771981,92.1887
CP-SCALE-AU-L002__g0340,79,11,474.3216975443065,511.4632041044533,30,8.05791,-93.937374,92.175
CP-SCALE-AU-L002__g0340,79,12,511.4687047377229,551.4873373582959,-10,0.0,-269.731255,92.2464
CP-SCALE-AU-L002__g0340,79,12,511.4687047377229,551.4873373582959,-5,0.0,-104.246235,92.0911
CP-SCALE-AU-L002__g0340,79,12,511.4687047377229,551.4873373582959,0,0.0,0.0,92.0371
CP-SCALE-AU-L002__g0340,79,12,511.4687047377229,551.4873373582959,1,0.0,0.0,92.0371
CP-SCALE-AU-L002__g0340,79,12,511.4687047377229,551.4873373582959,5,0.0,-2540.96123975,92.2298
CP-SCALE-AU-L002__g0340,79,12,511.4687047377229,551.4873373582959,8,0.0,-1520.8842205,92.1117
CP-SCALE-AU-L002__g0340,79,12,511.4687047377229,551.4873373582959,12,0.0,-1262.82680075,92.0287
CP-SCALE-AU-L002__g0340,79,12,511.4687047377229,551.4873373582959,16,0.0,-907.744281,92.0528
CP-SCALE-AU-L002__g0340,79,12,511.4687047377229,551.4873373582959,24,0.0,-656.06429475,92.0215
CP-SCALE-AU-L002__g0340,79,12,511.4687047377229,551.4873373582959,30,0.0,-353.59770125,92.1712
CP-SCALE-AU-L002__g0340,79,13,551.4938381128013,592.5188885219395,-10,0.0,-117.985492,92.1712
CP-SCALE-AU-L002__g0340,79,13,551.4938381128013,592.5188885219395,-5,0.0,-80.59371975,92.1185
CP-SCALE-AU-L002__g0340,79,13,551.4938381128013,592.5188885219395,0,0.0,0.0,92.0508
CP-SCALE-AU-L002__g0340,79,13,551.4938381128013,592.5188885219395,1,0.0,0.0,92.0508
CP-SCALE-AU-L002__g0340,79,13,551.4938381128013,592.5188885219395,5,0.0,-2843.812462,92.1872
CP-SCALE-AU-L002__g0340,79,13,551.4938381128013,592.5188885219395,8,0.0,-2006.84255775,91.9634
CP-SCALE-AU-L002__g0340,79,13,551.4938381128013,592.5188885219395,12,0.0,-1480.711063,92.0932
CP-SCALE-AU-L002__g0340,79,13,551.4938381128013,592.5188885219395,16,0.0,-1201.569314,92.0945
CP-SCALE-AU-L002__g0340,79,13,551.4938381128013,592.5188885219395,24,0.0,-731.876712,91.8993
CP-SCALE-AU-L002__g0340,79,13,551.4938381128013,592.5188885219395,30,0.0,-533.2773145,92.1134
CP-SCALE-AU-L002__g0340,79,17,714.0004066638649,753.1558711789548,-10,0.0,0.0,92.2001
CP-SCALE-AU-L002__g0340,79,17,714.0004066638649,753.1558711789548,-5,0.0,0.0,92.2001
CP-SCALE-AU-L002__g0340,79,17,714.0004066638649,753.1558711789548,0,0.0,0.0,92.2001
CP-SCALE-AU-L002__g0340,79,17,714.0004066638649,753.1558711789548,1,0.0,0.0,92.2001
CP-SCALE-AU-L002__g0340,79,17,714.0004066638649,753.1558711789548,5,0.0,-3470.62947525,92.0071
CP-SCALE-AU-L002__g0340,79,17,714.0004066638649,753.1558711789548,8,0.0,-2102.6442395,91.837
CP-SCALE-AU-L002__g0340,79,17,714.0004066638649,753.1558711789548,12,0.0,-1544.63216375,91.7498
CP-SCALE-AU-L002__g0340,79,17,714.0004066638649,753.1558711789548,16,0.0,-1221.36418,91.6134
CP-SCALE-AU-L002__g0340,79,17,714.0004066638649,753.1558711789548,24,0.0,-526.54129525,91.3371
CP-SCALE-AU-L002__g0340,79,17,714.0004066638649,753.1558711789548,30,0.0,-269.40284325,91.466
CP-SCALE-AU-L002__g0340,83,0,30.223205521702766,71.25254470854998,-10,-747.392003,-747.392003,0.0
CP-SCALE-AU-L002__g0340,83,0,30.223205521702766,71.25254470854998,-5,-173.1916,-173.1916,0.0
CP-SCALE-AU-L002__g0340,83,0,30.223205521702766,71.25254470854998,0,0.0,0.0,0.0
CP-SCALE-AU-L002__g0340,83,0,30.223205521702766,71.25254470854998,1,0.0,0.0,0.0
CP-SCALE-AU-L002__g0340,83,0,30.223205521702766,71.25254470854998,5,137.632941,-3417.491493,90.1964
CP-SCALE-AU-L002__g0340,83,0,30.223205521702766,71.25254470854998,8,137.632941,-2937.079904,90.0521
CP-SCALE-AU-L002__g0340,83,0,30.223205521702766,71.25254470854998,12,601.523742,-2267.916225,90.4154
CP-SCALE-AU-L002__g0340,83,0,30.223205521702766,71.25254470854998,16,783.830196,-1534.33945,90.8655
CP-SCALE-AU-L002__g0340,83,0,30.223205521702766,71.25254470854998,24,797.022624,-1103.4445345,91.0034
CP-SCALE-AU-L002__g0340,83,0,30.223205521702766,71.25254470854998,30,1009.426366,-896.03847325,90.926
CP-SCALE-AU-L002__g0340,83,1,71.26022609695792,111.27899086847901,-10,-6.821252,-200.63126975,90.926
CP-SCALE-AU-L002__g0340,83,1,71.26022609695792,111.27899086847901,-5,0.0,-102.67167325,90.9014
CP-SCALE-AU-L002__g0340,83,1,71.26022609695792,111.27899086847901,0,0.0,0.0,90.8522
CP-SCALE-AU-L002__g0340,83,1,71.26022609695792,111.27899086847901,1,0.0,0.0,90.8522
CP-SCALE-AU-L002__g0340,83,1,71.26022609695792,111.27899086847901,5,0.0,-2127.677967,90.6893
CP-SCALE-AU-L002__g0340,83,1,71.26022609695792,111.27899086847901,8,0.0,-1121.19170425,90.7715
CP-SCALE-AU-L002__g0340,83,1,71.26022609695792,111.27899086847901,12,77.866834,-786.787468,90.6297
CP-SCALE-AU-L002__g0340,83,1,71.26022609695792,111.27899086847901,16,77.866834,-600.16365775,90.67
CP-SCALE-AU-L002__g0340,83,1,71.26022609695792,111.27899086847901,24,177.832315,12.43212575,90.7244
CP-SCALE-AU-L002__g0340,83,1,71.26022609695792,111.27899086847901,30,183.618654,446.14965625,90.8371
CP-SCALE-AU-L002__g0340,83,5,231.15113640204072,272.17927934601903,-10,-7.930181,-28.7819815,91.4672
CP-SCALE-AU-L002__g0340,83,5,231.15113640204072,272.17927934601903,-5,0.0,0.0,91.4587
CP-SCALE-AU-L002__g0340,83,5,231.15113640204072,272.17927934601903,0,0.0,0.0,91.4587
CP-SCALE-AU-L002__g0340,83,5,231.15113640204072,272.17927934601903,1,0.0,0.0,91.4587
CP-SCALE-AU-L002__g0340,83,5,231.15113640204072,272.17927934601903,5,0.0,-4931.94401175,97.5416
CP-SCALE-AU-L002__g0340,83,5,231.15113640204072,272.17927934601903,8,0.0,-3945.27638075,97.7157
CP-SCALE-AU-L002__g0340,83,5,231.15113640204072,272.17927934601903,12,0.0,-3431.2678075,97.799
CP-SCALE-AU-L002__g0340,83,5,231.15113640204072,272.17927934601903,16,59.996627,-3172.62511175,97.7772
CP-SCALE-AU-L002__g0340,83,5,231.15113640204072,272.17927934601903,24,142.366898,-2466.33419075,97.7728
CP-SCALE-AU-L002__g0340,83,5,231.15113640204072,272.17927934601903,30,223.180639,-2181.62669975,97.734
CP-SCALE-AU-L002__g0340,83,6,272.1860689073801,312.2075321301818,-10,0.0,-260.6129455,97.7461
CP-SCALE-AU-L002__g0340,83,6,272.1860689073801,312.2075321301818,-5,0.0,-92.01403125,97.7852
CP-SCALE-AU-L002__g0340,83,6,272.1860689073801,312.2075321301818,0,0.0,0.0,97.7869
CP-SCALE-AU-L002__g0340,83,6,272.1860689073801,312.2075321301818,1,0.0,0.0,97.7869
CP-SCALE-AU-L002__g0340,83,6,272.1860689073801,312.2075321301818,5,0.0,-2021.15441475,98.2927
CP-SCALE-AU-L002__g0340,83,6,272.1860689073801,312.2075321301818,8,0.0,-1171.69948475,98.2554
CP-SCALE-AU-L002__g0340,83,6,272.1860689073801,312.2075321301818,12,6.832778,-587.56446025,98.2694
CP-SCALE-AU-L002__g0340,83,6,272.1860689073801,312.2075321301818,16,6.832778,-269.870519,98.2145
CP-SCALE-AU-L002__g0340,83,6,272.1860689073801,312.2075321301818,24,6.832778,366.654971,98.24
CP-SCALE-AU-L002__g0340,83,6,272.1860689073801,312.2075321301818,30,6.832778,757.73182475,98.3949
CP-SCALE-AU-L002__g0340,83,9,393.4344020523131,431.5973271019757,-10,0.0,0.0,98.3811
CP-SCALE-AU-L002__g0340,83,9,393.4344020523131,431.5973271019757,-5,0.0,0.0,98.3811
CP-SCALE-AU-L002__g0340,83,9,393.4344020523131,431.5973271019757,0,0.0,0.0,98.3811
CP-SCALE-AU-L002__g0340,83,9,393.4344020523131,431.5973271019757,1,0.0,0.0,98.3811
CP-SCALE-AU-L002__g0340,83,9,393.4344020523131,431.5973271019757,5,0.0,-4775.85077625,98.0885
CP-SCALE-AU-L002__g0340,83,9,393.4344020523131,431.5973271019757,8,55.258505,-3683.81482225,98.0754
CP-SCALE-AU-L002__g0340,83,9,393.4344020523131,431.5973271019757,12,181.051006,-2951.7108875,98.0688
CP-SCALE-AU-L002__g0340,83,9,393.4344020523131,431.5973271019757,16,181.051006,-2471.864527,97.9599
CP-SCALE-AU-L002__g0340,83,9,393.4344020523131,431.5973271019757,24,291.43655,-1892.1547865,97.9861
CP-SCALE-AU-L002__g0340,83,9,393.4344020523131,431.5973271019757,30,317.240509,-1438.5656835,98.0184
CP-SCALE-AU-L002__g0340,83,10,431.60303265973926,472.62523959204555,-10,-63.400798,-255.904991,98.0184
CP-SCALE-AU-L002__g0340,83,10,431.60303265973926,472.62523959204555,-5,-34.335175,-86.268139,98.0589
CP-SCALE-AU-L002__g0340,83,10,431.60303265973926,472.62523959204555,0,0.0,0.0,98.0585
CP-SCALE-AU-L002__g0340,83,10,431.60303265973926,472.62523959204555,1,0.0,0.0,98.0585
CP-SCALE-AU-L002__g0340,83,10,431.60303265973926,472.62523959204555,5,117.200071,-3184.7909345,97.8926
CP-SCALE-AU-L002__g0340,83,10,431.60303265973926,472.62523959204555,8,117.200071,-2019.80810325,97.8131
CP-SCALE-AU-L002__g0340,83,10,431.60303265973926,472.62523959204555,12,117.200071,-1474.048335,97.8577
CP-SCALE-AU-L002__g0340,83,10,431.60303265973926,472.62523959204555,16,118.782363,-1033.01315925,97.7455
CP-SCALE-AU-L002__g0340,83,10,431.60303265973926,472.62523959204555,24,136.799967,-692.7624475,97.757
CP-SCALE-AU-L002__g0340,83,10,431.60303265973926,472.62523959204555,30,152.830335,-651.57874675,97.7699
CP-SCALE-AU-L002__g0340,83,12,510.8511124625802,551.8730330057442,-10,0.0,-105.02226125,97.6452
CP-SCALE-AU-L002__g0340,83,12,510.8511124625802,551.8730330057442,-5,0.0,-46.05604675,97.6449
CP-SCALE-AU-L002__g0340,83,12,510.8511124625802,551.8730330057442,0,0.0,0.0,97.6307
CP-SCALE-AU-L002__g0340,83,12,510.8511124625802,551.8730330057442,1,0.0,0.0,97.6307
CP-SCALE-AU-L002__g0340,83,12,510.8511124625802,551.8730330057442,5,0.0,-2411.35003975,98.216
CP-SCALE-AU-L002__g0340,83,12,510.8511124625802,551.8730330057442,8,0.0,-1670.71667825,98.2032
CP-SCALE-AU-L002__g0340,83,12,510.8511124625802,551.8730330057442,12,125.072733,-1068.57968075,98.1502
CP-SCALE-AU-L002__g0340,83,12,510.8511124625802,551.8730330057442,16,125.072733,-944.753071,98.1364
CP-SCALE-AU-L002__g0340,83,12,510.8511124625802,551.8730330057442,24,125.072733,-509.54904625,98.1072
CP-SCALE-AU-L002__g0340,83,12,510.8511124625802,551.8730330057442,30,125.072733,-332.03289025,98.0715
CP-SCALE-AU-L002__g0340,83,15,632.2014231011271,670.346333283931,-10,0.0,-66.0983715,98.1127
CP-SCALE-AU-L002__g0340,83,15,632.2014231011271,670.346333283931,-5,0.0,-33.42696325,98.1141
CP-SCALE-AU-L002__g0340,83,15,632.2014231011271,670.346333283931,0,0.0,0.0,98.1015
CP-SCALE-AU-L002__g0340,83,15,632.2014231011271,670.346333283931,1,0.0,0.0,98.1015
CP-SCALE-AU-L002__g0340,83,15,632.2014231011271,670.346333283931,5,0.0,-3336.33959225,98.4349
CP-SCALE-AU-L002__g0340,83,15,632.2014231011271,670.346333283931,8,0.0,-2624.236,98.4333
CP-SCALE-AU-L002__g0340,83,15,632.2014231011271,670.346333283931,12,0.0,-1841.650709,98.404
CP-SCALE-AU-L002__g0340,83,15,632.2014231011271,670.346333283931,16,0.0,-1431.180248,98.3533
CP-SCALE-AU-L002__g0340,83,15,632.2014231011271,670.346333283931,24,0.0,-863.69995875,98.354
CP-SCALE-AU-L002__g0340,83,15,632.2014231011271,670.346333283931,30,0.0,-791.47215275,98.407
CP-SCALE-AU-L002__g0340,83,17,711.3993455506861,751.416585676372,-10,0.0,0.0,0.0
CP-SCALE-AU-L002__g0340,83,17,711.3993455506861,751.416585676372,-5,0.0,0.0,0.0
CP-SCALE-AU-L002__g0340,83,17,711.3993455506861,751.416585676372,0,0.0,0.0,0.0
CP-SCALE-AU-L002__g0340,83,17,711.3993455506861,751.416585676372,1,0.0,0.0,0.0
CP-SCALE-AU-L002__g0340,83,17,711.3993455506861,751.416585676372,5,0.0,-4129.34410825,90.448
CP-SCALE-AU-L002__g0340,83,17,711.3993455506861,751.416585676372,8,44.567469,-3326.651779,90.2239
CP-SCALE-AU-L002__g0340,83,17,711.3993455506861,751.416585676372,12,44.567469,-2543.099476,90.3616
CP-SCALE-AU-L002__g0340,83,17,711.3993455506861,751.416585676372,16,44.567469,-2266.60336175,90.5304
CP-SCALE-AU-L002__g0340,83,17,711.3993455506861,751.416585676372,24,44.567469,-1844.14402075,90.2198
CP-SCALE-AU-L002__g0340,83,17,711.3993455506861,751.416585676372,30,71.321629,-1402.4827795,90.0121
CP-SCALE-AU-L002__g0340,83,20,831.5180755630136,900.004776082933,-10,0.0,0.0,0.0
CP-SCALE-AU-L002__g0340,83,20,831.5180755630136,900.004776082933,-5,0.0,0.0,0.0
CP-SCALE-AU-L002__g0340,83,20,831.5180755630136,900.004776082933,0,0.0,0.0,0.0
CP-SCALE-AU-L002__g0340,83,20,831.5180755630136,900.004776082933,1,0.0,0.0,0.0
CP-SCALE-AU-L002__g0340,83,20,831.5180755630136,900.004776082933,5,0.0,-4397.89711475,91.0754
CP-SCALE-AU-L002__g0340,83,20,831.5180755630136,900.004776082933,8,51.889992,-3483.1767005,91.0578
CP-SCALE-AU-L002__g0340,83,20,831.5180755630136,900.004776082933,12,51.889992,-2953.1963605,91.0812
CP-SCALE-AU-L002__g0340,83,20,831.5180755630136,900.004776082933,16,51.889992,-2617.69040425,91.2341
CP-SCALE-AU-L002__g0340,83,20,831.5180755630136,900.004776082933,24,51.889992,-2381.375185,91.4109
CP-SCALE-AU-L002__g0340,83,20,831.5180755630136,900.004776082933,30,51.889992,-2146.8808935,91.6153
CP-SCALE-AU-L002__g0680,67,0,31.7672286182642,71.78528674319386,-10,-1019.674069,-1019.674069,0.0
CP-SCALE-AU-L002__g0680,67,0,31.7672286182642,71.78528674319386,-5,-234.686664,-234.686664,0.0
CP-SCALE-AU-L002__g0680,67,0,31.7672286182642,71.78528674319386,0,0.0,0.0,0.0
CP-SCALE-AU-L002__g0680,67,0,31.7672286182642,71.78528674319386,1,0.0,0.0,0.0
CP-SCALE-AU-L002__g0680,67,0,31.7672286182642,71.78528674319386,5,464.490739,-2160.457644,90.9301
CP-SCALE-AU-L002__g0680,67,0,31.7672286182642,71.78528674319386,8,681.682722,-1700.97502125,90.9384
CP-SCALE-AU-L002__g0680,67,0,31.7672286182642,71.78528674319386,12,747.926282,-1267.52616825,91.1528
CP-SCALE-AU-L002__g0680,67,0,31.7672286182642,71.78528674319386,16,1015.154473,-973.24741275,91.2
CP-SCALE-AU-L002__g0680,67,0,31.7672286182642,71.78528674319386,24,1825.155863,-409.68210975,91.4427
CP-SCALE-AU-L002__g0680,67,0,31.7672286182642,71.78528674319386,30,1981.566885,-210.5149715,91.4458
CP-SCALE-AU-L002__g0680,67,5,231.29081540554762,272.3099293112755,-10,-43.87622,-89.00899025,91.8331
CP-SCALE-AU-L002__g0680,67,5,231.29081540554762,272.3099293112755,-5,0.0,-17.96922125,91.8075
CP-SCALE-AU-L002__g0680,67,5,231.29081540554762,272.3099293112755,0,0.0,0.0,91.8057
CP-SCALE-AU-L002__g0680,67,5,231.29081540554762,272.3099293112755,1,0.0,0.0,91.8057
CP-SCALE-AU-L002__g0680,67,5,231.29081540554762,272.3099293112755,5,44.329803,-1829.7177335,92.6127
CP-SCALE-AU-L002__g0680,67,5,231.29081540554762,272.3099293112755,8,44.329803,-1138.74012925,92.6531
CP-SCALE-AU-L002__g0680,67,5,231.29081540554762,272.3099293112755,12,44.329803,-854.8618515,92.3632
CP-SCALE-AU-L002__g0680,67,5,231.29081540554762,272.3099293112755,16,71.201645,-646.793012,92.4677
CP-SCALE-AU-L002__g0680,67,5,231.29081540554762,272.3099293112755,24,179.823057,-472.720032,92.2654
CP-SCALE-AU-L002__g0680,67,5,231.29081540554762,272.3099293112755,30,179.823057,-270.70923325,92.2739
CP-SCALE-AU-L002__g0680,67,7,312.4564130678773,352.47453162819147,-10,0.0,-126.2189995,92.0844
CP-SCALE-AU-L002__g0680,67,7,312.4564130678773,352.47453162819147,-5,0.0,-14.94952525,92.0896
CP-SCALE-AU-L002__g0680,67,7,312.4564130678773,352.47453162819147,0,0.0,0.0,92.1087
CP-SCALE-AU-L002__g0680,67,7,312.4564130678773,352.47453162819147,1,0.0,0.0,92.1087
CP-SCALE-AU-L002__g0680,67,7,312.4564130678773,352.47453162819147,5,0.0,-1371.7207605,91.5707
CP-SCALE-AU-L002__g0680,67,7,312.4564130678773,352.47453162819147,8,0.0,-940.253674,91.7034
CP-SCALE-AU-L002__g0680,67,7,312.4564130678773,352.47453162819147,12,0.0,-584.4049495,91.5175
CP-SCALE-AU-L002__g0680,67,7,312.4564130678773,352.47453162819147,16,0.0,-262.16253575,91.7144
CP-SCALE-AU-L002__g0680,67,7,312.4564130678773,352.47453162819147,24,14.159934,-36.46372275,91.685
CP-SCALE-AU-L002__g0680,67,7,312.4564130678773,352.47453162819147,30,14.159934,75.3786245,91.5156
CP-SCALE-AU-L002__g0680,67,8,352.4805238507688,394.5084587149322,-10,-10.71901,-136.39718525,91.5156
CP-SCALE-AU-L002__g0680,67,8,352.4805238507688,394.5084587149322,-5,0.0,-39.8911205,91.6501
CP-SCALE-AU-L002__g0680,67,8,352.4805238507688,394.5084587149322,0,0.0,0.0,91.5548
CP-SCALE-AU-L002__g0680,67,8,352.4805238507688,394.5084587149322,1,0.0,0.0,91.5548
CP-SCALE-AU-L002__g0680,67,8,352.4805238507688,394.5084587149322,5,0.0,-2915.7319545,91.1973
CP-SCALE-AU-L002__g0680,67,8,352.4805238507688,394.5084587149322,8,0.0,-2129.2523755,91.4399
CP-SCALE-AU-L002__g0680,67,8,352.4805238507688,394.5084587149322,12,0.0,-1824.4822085,91.6372
CP-SCALE-AU-L002__g0680,67,8,352.4805238507688,394.5084587149322,16,0.0,-1662.818463,91.6629
CP-SCALE-AU-L002__g0680,67,8,352.4805238507688,394.5084587149322,24,15.412954,-1423.50673275,91.6501
CP-SCALE-AU-L002__g0680,67,8,352.4805238507688,394.5084587149322,30,15.412954,-1264.7740775,91.4809
CP-SCALE-AU-L002__g0680,67,11,476.7910433597863,511.909966211766,-10,0.0,-94.772851,91.377
CP-SCALE-AU-L002__g0680,67,11,476.7910433597863,511.909966211766,-5,0.0,-20.608589,91.3569
CP-SCALE-AU-L002__g0680,67,11,476.7910433597863,511.909966211766,0,0.0,0.0,91.355
CP-SCALE-AU-L002__g0680,67,11,476.7910433597863,511.909966211766,1,0.0,0.0,91.355
CP-SCALE-AU-L002__g0680,67,11,476.7910433597863,511.909966211766,5,230.106321,-2206.1693075,90.5903
CP-SCALE-AU-L002__g0680,67,11,476.7910433597863,511.909966211766,8,338.354091,-1781.786562,90.509
CP-SCALE-AU-L002__g0680,67,11,476.7910433597863,511.909966211766,12,379.254827,-1430.649217,90.5944
CP-SCALE-AU-L002__g0680,67,11,476.7910433597863,511.909966211766,16,379.254827,-1304.72249275,90.5744
CP-SCALE-AU-L002__g0680,67,11,476.7910433597863,511.909966211766,24,379.254827,-987.13376225,90.7967
CP-SCALE-AU-L002__g0680,67,11,476.7910433597863,511.909966211766,30,379.254827,-929.4380505,90.9651
CP-SCALE-AU-L002__g0680,67,12,511.91687273979187,552.936642754823,-10,0.0,-48.22670175,90.7987
CP-SCALE-AU-L002__g0680,67,12,511.91687273979187,552.936642754823,-5,0.0,-13.33688975,90.9911
CP-SCALE-AU-L002__g0680,67,12,511.91687273979187,552.936642754823,0,0.0,0.0,90.9731
CP-SCALE-AU-L002__g0680,67,12,511.91687273979187,552.936642754823,1,0.0,0.0,90.9731
CP-SCALE-AU-L002__g0680,67,12,511.91687273979187,552.936642754823,5,0.0,-1282.1027135,92.3043
CP-SCALE-AU-L002__g0680,67,12,511.91687273979187,552.936642754823,8,149.569296,-725.882049,92.1628
CP-SCALE-AU-L002__g0680,67,12,511.91687273979187,552.936642754823,12,149.569296,-428.3596435,91.9807
CP-SCALE-AU-L002__g0680,67,12,511.91687273979187,552.936642754823,16,149.569296,-9.2072865,91.3675
CP-SCALE-AU-L002__g0680,67,12,511.91687273979187,552.936642754823,24,149.569296,310.865651,91.3732
CP-SCALE-AU-L002__g0680,67,12,511.91687273979187,552.936642754823,30,149.569296,364.01231275,91.3751
CP-SCALE-AU-L002__g0680,67,14,591.1585464067757,633.1850223578513,-10,0.0,-126.224289,90.9292
CP-SCALE-AU-L002__g0680,67,14,591.1585464067757,633.1850223578513,-5,0.0,-113.79155025,90.8084
CP-SCALE-AU-L002__g0680,67,14,591.1585464067757,633.1850223578513,0,0.0,0.0,91.0939
CP-SCALE-AU-L002__g0680,67,14,591.1585464067757,633.1850223578513,1,0.0,0.0,91.0939
CP-SCALE-AU-L002__g0680,67,14,591.1585464067757,633.1850223578513,5,0.0,-1246.74283525,92.9546
CP-SCALE-AU-L002__g0680,67,14,591.1585464067757,633.1850223578513,8,0.0,-890.71265575,92.7935
CP-SCALE-AU-L002__g0680,67,14,591.1585464067757,633.1850223578513,12,0.0,-656.5886895,92.8602
CP-SCALE-AU-L002__g0680,67,14,591.1585464067757,633.1850223578513,16,0.0,-527.061783,92.9809
CP-SCALE-AU-L002__g0680,67,14,591.1585464067757,633.1850223578513,24,0.0,-395.80499875,92.9098
CP-SCALE-AU-L002__g0680,67,14,591.1585464067757,633.1850223578513,30,0.0,-332.833906,92.9809
CP-SCALE-AU-L002__g0680,67,15,633.1903497800231,671.3192371875048,-10,0.0,-104.5068,92.9809
CP-SCALE-AU-L002__g0680,67,15,633.1903497800231,671.3192371875048,-5,0.0,-3.3567675,92.8912
CP-SCALE-AU-L002__g0680,67,15,633.1903497800231,671.3192371875048,0,0.0,0.0,92.8695
CP-SCALE-AU-L002__g0680,67,15,633.1903497800231,671.3192371875048,1,0.0,0.0,92.8695
CP-SCALE-AU-L002__g0680,67,15,633.1903497800231,671.3192371875048,5,0.0,-1140.5467255,92.1196
CP-SCALE-AU-L002__g0680,67,15,633.1903497800231,671.3192371875048,8,0.0,-895.18721225,92.378
CP-SCALE-AU-L002__g0680,67,15,633.1903497800231,671.3192371875048,12,0.0,-682.86049625,92.2154
CP-SCALE-AU-L002__g0680,67,15,633.1903497800231,671.3192371875048,16,0.0,-643.9126235,92.123
CP-SCALE-AU-L002__g0680,67,15,633.1903497800231,671.3192371875048,24,0.0,-248.9583985,92.1871
CP-SCALE-AU-L002__g0680,67,15,633.1903497800231,671.3192371875048,30,0.0,-150.1102475,92.234
CP-SCALE-AU-L002__g0680,67,16,671.324660781771,709.4618464522064,-10,0.0,-354.36025425,92.0949
CP-SCALE-AU-L002__g0680,67,16,671.324660781771,709.4618464522064,-5,0.0,-132.42351325,92.306
CP-SCALE-AU-L002__g0680,67,16,671.324660781771,709.4618464522064,0,0.0,0.0,92.5628
CP-SCALE-AU-L002__g0680,67,16,671.324660781771,709.4618464522064,1,0.0,0.0,92.5628
CP-SCALE-AU-L002__g0680,67,16,671.324660781771,709.4618464522064,5,0.0,-2068.44869625,92.7951
CP-SCALE-AU-L002__g0680,67,16,671.324660781771,709.4618464522064,8,0.0,-1807.56911575,92.8215
CP-SCALE-AU-L002__g0680,67,16,671.324660781771,709.4618464522064,12,0.0,-1497.85490325,93.0101
CP-SCALE-AU-L002__g0680,67,16,671.324660781771,709.4618464522064,16,0.0,-1016.39532175,92.6834
CP-SCALE-AU-L002__g0680,67,16,671.324660781771,709.4618464522064,24,0.0,-724.2029955,92.445
CP-SCALE-AU-L002__g0680,67,16,671.324660781771,709.4618464522064,30,0.0,-415.50569525,92.2892
CP-SCALE-AU-L002__g0680,67,18,752.5225988999009,790.6615204699337,-10,0.0,0.0,0.0
CP-SCALE-AU-L002__g0680,67,18,752.5225988999009,790.6615204699337,-5,0.0,0.0,0.0
CP-SCALE-AU-L002__g0680,67,18,752.5225988999009,790.6615204699337,0,0.0,0.0,0.0
CP-SCALE-AU-L002__g0680,67,18,752.5225988999009,790.6615204699337,1,0.0,0.0,0.0
CP-SCALE-AU-L002__g0680,67,18,752.5225988999009,790.6615204699337,5,0.0,-3625.39608625,91.1469
CP-SCALE-AU-L002__g0680,67,18,752.5225988999009,790.6615204699337,8,0.0,-3055.23188525,90.8196
CP-SCALE-AU-L002__g0680,67,18,752.5225988999009,790.6615204699337,12,0.0,-2840.3964985,90.6125
CP-SCALE-AU-L002__g0680,67,18,752.5225988999009,790.6615204699337,16,0.0,-2651.051401,90.4627
CP-SCALE-AU-L002__g0680,67,18,752.5225988999009,790.6615204699337,24,0.0,-2251.29946825,90.5164
CP-SCALE-AU-L002__g0680,67,18,752.5225988999009,790.6615204699337,30,0.0,-2226.551826,90.4929
CP-SCALE-AU-L002__g0680,67,20,830.7152270413935,900.0024372749031,-10,0.0,0.0,0.0
CP-SCALE-AU-L002__g0680,67,20,830.7152270413935,900.0024372749031,-5,0.0,0.0,0.0
CP-SCALE-AU-L002__g0680,67,20,830.7152270413935,900.0024372749031,0,0.0,0.0,0.0
CP-SCALE-AU-L002__g0680,67,20,830.7152270413935,900.0024372749031,1,0.0,0.0,0.0
CP-SCALE-AU-L002__g0680,67,20,830.7152270413935,900.0024372749031,5,0.0,-3408.20801825,90.1882
CP-SCALE-AU-L002__g0680,67,20,830.7152270413935,900.0024372749031,8,0.0,-3198.499363,90.2467
CP-SCALE-AU-L002__g0680,67,20,830.7152270413935,900.0024372749031,12,0.0,-2781.230099,90.2209
CP-SCALE-AU-L002__g0680,67,20,830.7152270413935,900.0024372749031,16,0.0,-2660.91706775,90.2702
CP-SCALE-AU-L002__g0680,67,20,830.7152270413935,900.0024372749031,24,0.0,-2178.3264335,90.2186
CP-SCALE-AU-L002__g0680,67,20,830.7152270413935,900.0024372749031,30,0.0,-1982.8834655,90.0141
CP-SCALE-AU-L002__g0680,71,0,32.438563510775566,71.56256565824151,-10,-1043.252643,-1043.252643,0.0
CP-SCALE-AU-L002__g0680,71,0,32.438563510775566,71.56256565824151,-5,-426.610839,-426.610839,0.0
CP-SCALE-AU-L002__g0680,71,0,32.438563510775566,71.56256565824151,0,0.0,0.0,0.0
CP-SCALE-AU-L002__g0680,71,0,32.438563510775566,71.56256565824151,1,0.0,0.0,0.0
CP-SCALE-AU-L002__g0680,71,0,32.438563510775566,71.56256565824151,5,85.188065,-3056.213781,89.7496
CP-SCALE-AU-L002__g0680,71,0,32.438563510775566,71.56256565824151,8,216.469152,-2383.92811525,90.105
CP-SCALE-AU-L002__g0680,71,0,32.438563510775566,71.56256565824151,12,343.733745,-1897.42575575,90.0464
CP-SCALE-AU-L002__g0680,71,0,32.438563510775566,71.56256565824151,16,594.749641,-1575.34796,90.2675
CP-SCALE-AU-L002__g0680,71,0,32.438563510775566,71.56256565824151,24,647.100611,-1071.39950325,90.1385
CP-SCALE-AU-L002__g0680,71,0,32.438563510775566,71.56256565824151,30,805.27977,-779.41597225,90.287
CP-SCALE-AU-L002__g0680,71,2,109.68821069598198,151.71181590855122,-10,-85.857183,-50.29374925,90.6378
CP-SCALE-AU-L002__g0680,71,2,109.68821069598198,151.71181590855122,-5,-43.875083,-31.92366475,90.8061
CP-SCALE-AU-L002__g0680,71,2,109.68821069598198,151.71181590855122,0,0.0,0.0,90.8061
CP-SCALE-AU-L002__g0680,71,2,109.68821069598198,151.71181590855122,1,0.0,0.0,90.8061
CP-SCALE-AU-L002__g0680,71,2,109.68821069598198,151.71181590855122,5,122.053322,-1821.590626,92.5527
CP-SCALE-AU-L002__g0680,71,2,109.68821069598198,151.71181590855122,8,122.053322,-1093.80596775,92.3319
CP-SCALE-AU-L002__g0680,71,2,109.68821069598198,151.71181590855122,12,274.060469,-832.13472475,92.2852
CP-SCALE-AU-L002__g0680,71,2,109.68821069598198,151.71181590855122,16,334.060169,-609.5878515,92.3007
CP-SCALE-AU-L002__g0680,71,2,109.68821069598198,151.71181590855122,24,395.526295,-319.7742545,92.1984
CP-SCALE-AU-L002__g0680,71,2,109.68821069598198,151.71181590855122,30,437.170597,-112.00852625,92.0892
CP-SCALE-AU-L002__g0680,71,4,191.8558052815497,232.87554352357984,-10,0.0,-6.4805,92.2194
CP-SCALE-AU-L002__g0680,71,4,191.8558052815497,232.87554352357984,-5,0.0,-6.4805,92.2194
CP-SCALE-AU-L002__g0680,71,4,191.8558052815497,232.87554352357984,0,0.0,0.0,92.2437
CP-SCALE-AU-L002__g0680,71,4,191.8558052815497,232.87554352357984,1,0.0,0.0,92.2437
CP-SCALE-AU-L002__g0680,71,4,191.8558052815497,232.87554352357984,5,0.0,-2083.56366125,91.5476
CP-SCALE-AU-L002__g0680,71,4,191.8558052815497,232.87554352357984,8,0.0,-1846.0374935,91.2065
CP-SCALE-AU-L002__g0680,71,4,191.8558052815497,232.87554352357984,12,0.0,-1725.32922325,91.058
CP-SCALE-AU-L002__g0680,71,4,191.8558052815497,232.87554352357984,16,0.0,-1359.68872925,91.3546
CP-SCALE-AU-L002__g0680,71,4,191.8558052815497,232.87554352357984,24,0.0,-1136.89339,91.3527
CP-SCALE-AU-L002__g0680,71,4,191.8558052815497,232.87554352357984,30,0.0,-994.98489275,91.3527
CP-SCALE-AU-L002__g0680,71,6,272.0332390367985,311.1780494451523,-10,0.0,-65.7623855,91.1918
CP-SCALE-AU-L002__g0680,71,6,272.0332390367985,311.1780494451523,-5,0.0,-34.924152,91.1918
CP-SCALE-AU-L002__g0680,71,6,272.0332390367985,311.1780494451523,0,0.0,0.0,91.2058
CP-SCALE-AU-L002__g0680,71,6,272.0332390367985,311.1780494451523,1,0.0,0.0,91.2058
CP-SCALE-AU-L002__g0680,71,6,272.0332390367985,311.1780494451523,5,0.0,-1401.01203825,91.8436
CP-SCALE-AU-L002__g0680,71,6,272.0332390367985,311.1780494451523,8,0.0,-1129.09348625,92.0928
CP-SCALE-AU-L002__g0680,71,6,272.0332390367985,311.1780494451523,12,0.0,-763.19284175,91.926
CP-SCALE-AU-L002__g0680,71,6,272.0332390367985,311.1780494451523,16,0.0,-626.16731175,91.8187
CP-SCALE-AU-L002__g0680,71,6,272.0332390367985,311.1780494451523,24,0.0,-406.7940915,92.0691
CP-SCALE-AU-L002__g0680,71,6,272.0332390367985,311.1780494451523,30,0.0,-285.44984525,92.0431
CP-SCALE-AU-L002__g0680,71,7,311.18643745034933,351.2050626128912,-10,0.0,-209.1770825,92.0431
CP-SCALE-AU-L002__g0680,71,7,311.18643745034933,351.2050626128912,-5,0.0,-94.35508575,92.1418
CP-SCALE-AU-L002__g0680,71,7,311.18643745034933,351.2050626128912,0,0.0,0.0,92.0727
CP-SCALE-AU-L002__g0680,71,7,311.18643745034933,351.2050626128912,1,0.0,0.0,92.0727
CP-SCALE-AU-L002__g0680,71,7,311.18643745034933,351.2050626128912,5,0.0,-1275.61535225,91.9351
CP-SCALE-AU-L002__g0680,71,7,311.18643745034933,351.2050626128912,8,0.0,-1085.2451045,92.062
CP-SCALE-AU-L002__g0680,71,7,311.18643745034933,351.2050626128912,12,0.0,-556.579859,91.9721
CP-SCALE-AU-L002__g0680,71,7,311.18643745034933,351.2050626128912,16,0.0,-304.0621815,92.392
CP-SCALE-AU-L002__g0680,71,7,311.18643745034933,351.2050626128912,24,0.0,83.831608,92.1353
CP-SCALE-AU-L002__g0680,71,7,311.18643745034933,351.2050626128912,30,0.0,283.967985,92.1406
CP-SCALE-AU-L002__g0680,71,8,351.2107385881245,397.24670282006264,-10,0.0,-291.1952365,92.1406
CP-SCALE-AU-L002__g0680,71,8,351.2107385881245,397.24670282006264,-5,0.0,-106.26048725,92.0787
CP-SCALE-AU-L002__g0680,71,8,351.2107385881245,397.24670282006264,0,0.0,0.0,92.1805
CP-SCALE-AU-L002__g0680,71,8,351.2107385881245,397.24670282006264,1,0.0,0.0,92.1805
CP-SCALE-AU-L002__g0680,71,8,351.2107385881245,397.24670282006264,5,0.0,-1064.21586425,91.0714
CP-SCALE-AU-L002__g0680,71,8,351.2107385881245,397.24670282006264,8,0.0,-573.934389,90.8823
CP-SCALE-AU-L002__g0680,71,8,351.2107385881245,397.24670282006264,12,539.266253,2258.98640875,0.0
CP-SCALE-AU-L002__g0680,71,8,351.2107385881245,397.24670282006264,16,539.266253,2258.98640875,0.0
CP-SCALE-AU-L002__g0680,71,8,351.2107385881245,397.24670282006264,24,539.266253,2258.98640875,0.0
CP-SCALE-AU-L002__g0680,71,8,351.2107385881245,397.24670282006264,30,539.266253,2258.98640875,0.0
CP-SCALE-AU-L002__g0680,71,9,397.28584998846054,436.3580927327275,-10,0.0,0.0,0.0
CP-SCALE-AU-L002__g0680,71,9,397.28584998846054,436.3580927327275,-5,0.0,0.0,0.0
CP-SCALE-AU-L002__g0680,71,9,397.28584998846054,436.3580927327275,0,0.0,0.0,0.0
CP-SCALE-AU-L002__g0680,71,9,397.28584998846054,436.3580927327275,1,0.0,0.0,0.0
CP-SCALE-AU-L002__g0680,71,9,397.28584998846054,436.3580927327275,5,0.0,-3788.8632795,90.3013
CP-SCALE-AU-L002__g0680,71,9,397.28584998846054,436.3580927327275,8,0.0,-3079.23406625,90.2542
CP-SCALE-AU-L002__g0680,71,9,397.28584998846054,436.3580927327275,12,0.0,0.0,0.0
CP-SCALE-AU-L002__g0680,71,9,397.28584998846054,436.3580927327275,16,0.0,0.0,0.0
CP-SCALE-AU-L002__g0680,71,9,397.28584998846054,436.3580927327275,24,0.0,0.0,0.0
CP-SCALE-AU-L002__g0680,71,9,397.28584998846054,436.3580927327275,30,0.0,0.0,0.0
CP-SCALE-AU-L002__g0680,71,10,436.3647591397166,472.4845915287733,-10,0.0,0.0,0.0
CP-SCALE-AU-L002__g0680,71,10,436.3647591397166,472.4845915287733,-5,0.0,0.0,0.0
CP-SCALE-AU-L002__g0680,71,10,436.3647591397166,472.4845915287733,0,0.0,0.0,0.0
CP-SCALE-AU-L002__g0680,71,10,436.3647591397166,472.4845915287733,1,0.0,0.0,0.0
CP-SCALE-AU-L002__g0680,71,10,436.3647591397166,472.4845915287733,5,0.0,-3339.16101275,90.9197
CP-SCALE-AU-L002__g0680,71,10,436.3647591397166,472.4845915287733,8,0.0,-3071.3256715,90.8665
CP-SCALE-AU-L002__g0680,71,10,436.3647591397166,472.4845915287733,12,0.0,0.0,0.0
CP-SCALE-AU-L002__g0680,71,10,436.3647591397166,472.4845915287733,16,0.0,0.0,0.0
CP-SCALE-AU-L002__g0680,71,10,436.3647591397166,472.4845915287733,24,0.0,0.0,0.0
CP-SCALE-AU-L002__g0680,71,10,436.3647591397166,472.4845915287733,30,0.0,0.0,0.0
CP-SCALE-AU-L002__g0680,71,11,472.49091494083405,512.5091529339552,-10,0.0,0.0,0.0
CP-SCALE-AU-L002__g0680,71,11,472.49091494083405,512.5091529339552,-5,0.0,0.0,0.0
CP-SCALE-AU-L002__g0680,71,11,472.49091494083405,512.5091529339552,0,0.0,0.0,0.0
CP-SCALE-AU-L002__g0680,71,11,472.49091494083405,512.5091529339552,1,0.0,0.0,0.0
CP-SCALE-AU-L002__g0680,71,11,472.49091494083405,512.5091529339552,5,0.0,-4046.53544475,92.224
CP-SCALE-AU-L002__g0680,71,11,472.49091494083405,512.5091529339552,8,0.0,-3550.42719575,92.0351
CP-SCALE-AU-L002__g0680,71,11,472.49091494083405,512.5091529339552,12,0.0,-3177.461984,91.7884
CP-SCALE-AU-L002__g0680,71,11,472.49091494083405,512.5091529339552,16,0.0,-3032.071316,92.1174
CP-SCALE-AU-L002__g0680,71,11,472.49091494083405,512.5091529339552,24,0.0,-2476.36774375,92.693
CP-SCALE-AU-L002__g0680,71,11,472.49091494083405,512.5091529339552,30,1.600105,-2310.25196475,93.0221
CP-SCALE-AU-L002__g0680,71,14,593.6119069457054,630.735733460635,-10,0.0,0.0,0.0
CP-SCALE-AU-L002__g0680,71,14,593.6119069457054,630.735733460635,-5,0.0,0.0,0.0
CP-SCALE-AU-L002__g0680,71,14,593.6119069457054,630.735733460635,0,0.0,0.0,0.0
CP-SCALE-AU-L002__g0680,71,14,593.6119069457054,630.735733460635,1,0.0,0.0,0.0
CP-SCALE-AU-L002__g0680,71,14,593.6119069457054,630.735733460635,5,0.0,-3627.5084685,91.7461
CP-SCALE-AU-L002__g0680,71,14,593.6119069457054,630.735733460635,8,0.0,-3214.7895385,91.8987
CP-SCALE-AU-L002__g0680,71,14,593.6119069457054,630.735733460635,12,0.0,0.0,0.0
CP-SCALE-AU-L002__g0680,71,14,593.6119069457054,630.735733460635,16,0.0,0.0,0.0
CP-SCALE-AU-L002__g0680,71,14,593.6119069457054,630.735733460635,24,0.0,0.0,0.0
CP-SCALE-AU-L002__g0680,71,14,593.6119069457054,630.735733460635,30,0.0,0.0,0.0
CP-SCALE-AU-L002__g0680,71,17,713.9441826082766,753.1074130050838,-10,0.0,0.0,0.0
CP-SCALE-AU-L002__g0680,71,17,713.9441826082766,753.1074130050838,-5,0.0,0.0,0.0
CP-SCALE-AU-L002__g0680,71,17,713.9441826082766,753.1074130050838,0,0.0,0.0,0.0
CP-SCALE-AU-L002__g0680,71,17,713.9441826082766,753.1074130050838,1,0.0,0.0,0.0
CP-SCALE-AU-L002__g0680,71,17,713.9441826082766,753.1074130050838,5,0.0,-3587.5012425,90.3362
CP-SCALE-AU-L002__g0680,71,17,713.9441826082766,753.1074130050838,8,0.0,-3067.66271,89.9197
CP-SCALE-AU-L002__g0680,71,17,713.9441826082766,753.1074130050838,12,0.0,-2664.33677175,90.0801
CP-SCALE-AU-L002__g0680,71,17,713.9441826082766,753.1074130050838,16,0.0,-2482.209089,90.1342
CP-SCALE-AU-L002__g0680,71,17,713.9441826082766,753.1074130050838,24,0.0,-2243.103785,90.1623
CP-SCALE-AU-L002__g0680,71,17,713.9441826082766,753.1074130050838,30,0.0,-2104.35496,90.0094
CP-SCALE-AU-L002__g0680,71,18,753.1140639595687,793.1486140787601,-10,0.0,-66.5760465,90.0094
CP-SCALE-AU-L002__g0680,71,18,753.1140639595687,793.1486140787601,-5,0.0,-39.2859295,89.9575
CP-SCALE-AU-L002__g0680,71,18,753.1140639595687,793.1486140787601,0,0.0,0.0,90.0871
CP-SCALE-AU-L002__g0680,71,18,753.1140639595687,793.1486140787601,1,0.0,0.0,90.0871
CP-SCALE-AU-L002__g0680,71,18,753.1140639595687,793.1486140787601,5,0.0,-1257.23875425,89.4624
CP-SCALE-AU-L002__g0680,71,18,753.1140639595687,793.1486140787601,8,0.0,-1054.65545975,89.8065
CP-SCALE-AU-L002__g0680,71,18,753.1140639595687,793.1486140787601,12,0.0,-758.61517725,89.726
CP-SCALE-AU-L002__g0680,71,18,753.1140639595687,793.1486140787601,16,0.0,-539.00168525,89.4362
CP-SCALE-AU-L002__g0680,71,18,753.1140639595687,793.1486140787601,24,0.0,-410.306445,89.3339
CP-SCALE-AU-L002__g0680,71,18,753.1140639595687,793.1486140787601,30,0.0,-115.60381675,89.0235
CP-SCALE-AU-L002__g0680,73,0,30.342060402035713,71.36424233019352,-10,-756.186824,-756.186824,0.0
CP-SCALE-AU-L002__g0680,73,0,30.342060402035713,71.36424233019352,-5,-261.717473,-261.717473,0.0
CP-SCALE-AU-L002__g0680,73,0,30.342060402035713,71.36424233019352,0,0.0,0.0,0.0
CP-SCALE-AU-L002__g0680,73,0,30.342060402035713,71.36424233019352,1,0.0,0.0,0.0
CP-SCALE-AU-L002__g0680,73,0,30.342060402035713,71.36424233019352,5,50.71445,-2629.94082975,89.8584
CP-SCALE-AU-L002__g0680,73,0,30.342060402035713,71.36424233019352,8,105.040447,-2323.34118575,89.7617
CP-SCALE-AU-L002__g0680,73,0,30.342060402035713,71.36424233019352,12,123.0502,-1883.80423125,89.4139
CP-SCALE-AU-L002__g0680,73,0,30.342060402035713,71.36424233019352,16,199.431343,-1589.95265525,89.3301
CP-SCALE-AU-L002__g0680,73,0,30.342060402035713,71.36424233019352,24,250.121418,-1230.1351995,89.4823
CP-SCALE-AU-L002__g0680,73,0,30.342060402035713,71.36424233019352,30,448.712991,-1044.01340975,89.5351
CP-SCALE-AU-L002__g0680,73,2,111.49078159034252,151.5103024058044,-10,-16.447611,-45.1690805,90.498
CP-SCALE-AU-L002__g0680,73,2,111.49078159034252,151.5103024058044,-5,-16.447611,-30.5366365,90.5154
CP-SCALE-AU-L002__g0680,73,2,111.49078159034252,151.5103024058044,0,0.0,0.0,90.5936
CP-SCALE-AU-L002__g0680,73,2,111.49078159034252,151.5103024058044,1,0.0,0.0,90.5936
CP-SCALE-AU-L002__g0680,73,2,111.49078159034252,151.5103024058044,5,0.0,-2875.079586,97.0924
CP-SCALE-AU-L002__g0680,73,2,111.49078159034252,151.5103024058044,8,0.0,-2264.59444625,97.0383
CP-SCALE-AU-L002__g0680,73,2,111.49078159034252,151.5103024058044,12,0.0,-2105.38417925,97.0582
CP-SCALE-AU-L002__g0680,73,2,111.49078159034252,151.5103024058044,16,0.0,-1681.036398,97.0588
CP-SCALE-AU-L002__g0680,73,2,111.49078159034252,151.5103024058044,24,55.74422,-1473.799529,97.0872
CP-SCALE-AU-L002__g0680,73,2,111.49078159034252,151.5103024058044,30,63.450986,-1257.900507,97.1617
CP-SCALE-AU-L002__g0680,73,3,151.5153799392283,192.5361345075071,-10,0.0,-236.34770275,97.1617
CP-SCALE-AU-L002__g0680,73,3,151.5153799392283,192.5361345075071,-5,0.0,-66.47476075,97.1881
CP-SCALE-AU-L002__g0680,73,3,151.5153799392283,192.5361345075071,0,0.0,0.0,97.1901
CP-SCALE-AU-L002__g0680,73,3,151.5153799392283,192.5361345075071,1,0.0,0.0,97.1901
CP-SCALE-AU-L002__g0680,73,3,151.5153799392283,192.5361345075071,5,0.0,-1073.6021755,97.0477
CP-SCALE-AU-L002__g0680,73,3,151.5153799392283,192.5361345075071,8,0.0,-862.41016775,96.9599
CP-SCALE-AU-L002__g0680,73,3,151.5153799392283,192.5361345075071,12,391.089463,2629.2667715,0.0
CP-SCALE-AU-L002__g0680,73,3,151.5153799392283,192.5361345075071,16,391.089463,2629.2667715,0.0
CP-SCALE-AU-L002__g0680,73,3,151.5153799392283,192.5361345075071,24,391.089463,2629.2667715,0.0
CP-SCALE-AU-L002__g0680,73,3,151.5153799392283,192.5361345075071,30,391.089463,2629.2667715,0.0
CP-SCALE-AU-L002__g0680,73,5,234.6018573306501,271.7319547049701,-10,0.0,0.0,0.0
CP-SCALE-AU-L002__g0680,73,5,234.6018573306501,271.7319547049701,-5,0.0,0.0,0.0
CP-SCALE-AU-L002__g0680,73,5,234.6018573306501,271.7319547049701,0,0.0,0.0,0.0
CP-SCALE-AU-L002__g0680,73,5,234.6018573306501,271.7319547049701,1,0.0,0.0,0.0
CP-SCALE-AU-L002__g0680,73,5,234.6018573306501,271.7319547049701,5,0.0,-2777.83912175,90.0118
CP-SCALE-AU-L002__g0680,73,5,234.6018573306501,271.7319547049701,8,0.0,-2275.29780975,89.9362
CP-SCALE-AU-L002__g0680,73,5,234.6018573306501,271.7319547049701,12,0.0,-1877.43590375,89.9669
CP-SCALE-AU-L002__g0680,73,5,234.6018573306501,271.7319547049701,16,0.0,-1669.80227325,90.2237
CP-SCALE-AU-L002__g0680,73,5,234.6018573306501,271.7319547049701,24,108.430519,-1334.6864905,90.4247
CP-SCALE-AU-L002__g0680,73,5,234.6018573306501,271.7319547049701,30,108.430519,-1129.58989525,90.6088
CP-SCALE-AU-L002__g0680,73,6,271.74053114652634,312.76601105183363,-10,0.0,-160.09889675,90.5832
CP-SCALE-AU-L002__g0680,73,6,271.74053114652634,312.76601105183363,-5,0.0,-46.16160725,90.4806
CP-SCALE-AU-L002__g0680,73,6,271.74053114652634,312.76601105183363,0,0.0,0.0,90.6184
CP-SCALE-AU-L002__g0680,73,6,271.74053114652634,312.76601105183363,1,0.0,0.0,90.6184
CP-SCALE-AU-L002__g0680,73,6,271.74053114652634,312.76601105183363,5,47.48696,-2315.50559025,91.1778
CP-SCALE-AU-L002__g0680,73,6,271.74053114652634,312.76601105183363,8,47.48696,-1844.86384575,91.0023
CP-SCALE-AU-L002__g0680,73,6,271.74053114652634,312.76601105183363,12,47.48696,1217.93160325,0.0
CP-SCALE-AU-L002__g0680,73,6,271.74053114652634,312.76601105183363,16,47.48696,1217.93160325,0.0
CP-SCALE-AU-L002__g0680,73,6,271.74053114652634,312.76601105183363,24,47.48696,1217.93160325,0.0
CP-SCALE-AU-L002__g0680,73,6,271.74053114652634,312.76601105183363,30,47.48696,1217.93160325,0.0
CP-SCALE-AU-L002__g0680,73,7,312.7756084911525,352.79490841552615,-10,0.0,0.0,0.0
CP-SCALE-AU-L002__g0680,73,7,312.7756084911525,352.79490841552615,-5,0.0,0.0,0.0
CP-SCALE-AU-L002__g0680,73,7,312.7756084911525,352.79490841552615,0,0.0,0.0,0.0
CP-SCALE-AU-L002__g0680,73,7,312.7756084911525,352.79490841552615,1,0.0,0.0,0.0
CP-SCALE-AU-L002__g0680,73,7,312.7756084911525,352.79490841552615,5,0.0,-3322.14551275,89.8437
CP-SCALE-AU-L002__g0680,73,7,312.7756084911525,352.79490841552615,8,0.0,-2777.06006725,89.7775
CP-SCALE-AU-L002__g0680,73,7,312.7756084911525,352.79490841552615,12,0.0,-2351.62651975,89.8132
CP-SCALE-AU-L002__g0680,73,7,312.7756084911525,352.79490841552615,16,55.804707,-2159.1626025,89.8396
CP-SCALE-AU-L002__g0680,73,7,312.7756084911525,352.79490841552615,24,77.798921,-1986.8675065,90.054
CP-SCALE-AU-L002__g0680,73,7,312.7756084911525,352.79490841552615,30,80.739658,-1805.5371055,89.9811
CP-SCALE-AU-L002__g0680,73,8,352.81609984487295,393.83519311249256,-10,0.0,-228.36555675,89.9811
CP-SCALE-AU-L002__g0680,73,8,352.81609984487295,393.83519311249256,-5,0.0,-163.00409575,90.0399
CP-SCALE-AU-L002__g0680,73,8,352.81609984487295,393.83519311249256,0,0.0,0.0,90.2084
CP-SCALE-AU-L002__g0680,73,8,352.81609984487295,393.83519311249256,1,0.0,0.0,90.2084
CP-SCALE-AU-L002__g0680,73,8,352.81609984487295,393.83519311249256,5,0.0,-1352.88487275,89.96
CP-SCALE-AU-L002__g0680,73,8,352.81609984487295,393.83519311249256,8,0.0,-761.8286665,89.8823
CP-SCALE-AU-L002__g0680,73,8,352.81609984487295,393.83519311249256,12,80.073906,1737.98511275,0.0
CP-SCALE-AU-L002__g0680,73,8,352.81609984487295,393.83519311249256,16,80.073906,1737.98511275,0.0
CP-SCALE-AU-L002__g0680,73,8,352.81609984487295,393.83519311249256,24,116.466842,1774.37804875,0.0
CP-SCALE-AU-L002__g0680,73,8,352.81609984487295,393.83519311249256,30,116.466842,1774.37804875,0.0
CP-SCALE-AU-L002__g0680,73,9,393.8412860967219,432.98274018988013,-10,0.0,0.0,0.0
CP-SCALE-AU-L002__g0680,73,9,393.8412860967219,432.98274018988013,-5,0.0,0.0,0.0
CP-SCALE-AU-L002__g0680,73,9,393.8412860967219,432.98274018988013,0,0.0,0.0,0.0
CP-SCALE-AU-L002__g0680,73,9,393.8412860967219,432.98274018988013,1,0.0,0.0,0.0
CP-SCALE-AU-L002__g0680,73,9,393.8412860967219,432.98274018988013,5,0.0,-3001.84965075,87.999
CP-SCALE-AU-L002__g0680,73,9,393.8412860967219,432.98274018988013,8,0.0,-2471.6955915,88.4155
CP-SCALE-AU-L002__g0680,73,9,393.8412860967219,432.98274018988013,12,46.529207,-2156.904087,88.4054
CP-SCALE-AU-L002__g0680,73,9,393.8412860967219,432.98274018988013,16,46.529207,-1923.85997975,88.224
CP-SCALE-AU-L002__g0680,73,9,393.8412860967219,432.98274018988013,24,46.529207,-1614.08372675,87.9645
CP-SCALE-AU-L002__g0680,73,9,393.8412860967219,432.98274018988013,30,46.529207,-1555.8952415,88.045
CP-SCALE-AU-L002__g0680,73,11,471.029876857996,513.0542836412787,-10,-17.493969,-17.493969,0.0
CP-SCALE-AU-L002__g0680,73,11,471.029876857996,513.0542836412787,-5,-17.493969,-17.493969,0.0
CP-SCALE-AU-L002__g0680,73,11,471.029876857996,513.0542836412787,0,0.0,0.0,0.0
CP-SCALE-AU-L002__g0680,73,11,471.029876857996,513.0542836412787,1,0.0,0.0,0.0
CP-SCALE-AU-L002__g0680,73,11,471.029876857996,513.0542836412787,5,13.896325,-2437.6805335,88.9997
CP-SCALE-AU-L002__g0680,73,11,471.029876857996,513.0542836412787,8,13.896325,-2193.847703,88.7883
CP-SCALE-AU-L002__g0680,73,11,471.029876857996,513.0542836412787,12,13.896325,13.896325,0.0
CP-SCALE-AU-L002__g0680,73,11,471.029876857996,513.0542836412787,16,13.896325,13.896325,0.0
CP-SCALE-AU-L002__g0680,73,11,471.029876857996,513.0542836412787,24,13.896325,13.896325,0.0
CP-SCALE-AU-L002__g0680,73,11,471.029876857996,513.0542836412787,30,13.896325,13.896325,0.0
CP-SCALE-AU-L002__g0680,73,12,513.0613983310759,550.1938345246017,-10,0.0,0.0,0.0
CP-SCALE-AU-L002__g0680,73,12,513.0613983310759,550.1938345246017,-5,0.0,0.0,0.0
CP-SCALE-AU-L002__g0680,73,12,513.0613983310759,550.1938345246017,0,0.0,0.0,0.0
CP-SCALE-AU-L002__g0680,73,12,513.0613983310759,550.1938345246017,1,0.0,0.0,0.0
CP-SCALE-AU-L002__g0680,73,12,513.0613983310759,550.1938345246017,5,0.0,-3354.0410545,89.6208
CP-SCALE-AU-L002__g0680,73,12,513.0613983310759,550.1938345246017,8,0.0,-2899.06301575,89.7302
CP-SCALE-AU-L002__g0680,73,12,513.0613983310759,550.1938345246017,12,0.0,0.0,0.0
CP-SCALE-AU-L002__g0680,73,12,513.0613983310759,550.1938345246017,16,0.0,0.0,0.0
CP-SCALE-AU-L002__g0680,73,12,513.0613983310759,550.1938345246017,24,0.0,0.0,0.0
CP-SCALE-AU-L002__g0680,73,12,513.0613983310759,550.1938345246017,30,0.0,0.0,0.0
CP-SCALE-AU-L002__g0680,73,13,550.2033260390162,591.223203882575,-10,0.0,0.0,0.0
CP-SCALE-AU-L002__g0680,73,13,550.2033260390162,591.223203882575,-5,0.0,0.0,0.0
CP-SCALE-AU-L002__g0680,73,13,550.2033260390162,591.223203882575,0,0.0,0.0,0.0
CP-SCALE-AU-L002__g0680,73,13,550.2033260390162,591.223203882575,1,0.0,0.0,0.0
CP-SCALE-AU-L002__g0680,73,13,550.2033260390162,591.223203882575,5,0.0,-2768.05264875,89.4337
CP-SCALE-AU-L002__g0680,73,13,550.2033260390162,591.223203882575,8,58.529776,-2096.6349915,89.1391
CP-SCALE-AU-L002__g0680,73,13,550.2033260390162,591.223203882575,12,58.529776,-1968.52865575,89.0865
CP-SCALE-AU-L002__g0680,73,13,550.2033260390162,591.223203882575,16,58.529776,-1703.7499555,89.273
CP-SCALE-AU-L002__g0680,73,13,550.2033260390162,591.223203882575,24,67.38597,-1502.46196375,89.4923
CP-SCALE-AU-L002__g0680,73,13,550.2033260390162,591.223203882575,30,67.38597,-1318.300438,89.152
CP-SCALE-AU-L002__g0680,73,15,633.3840321116149,672.5205180346966,-10,0.0,-1.11057625,89.2511
CP-SCALE-AU-L002__g0680,73,15,633.3840321116149,672.5205180346966,-5,0.0,0.0,89.1987
CP-SCALE-AU-L002__g0680,73,15,633.3840321116149,672.5205180346966,0,0.0,0.0,89.1987
CP-SCALE-AU-L002__g0680,73,15,633.3840321116149,672.5205180346966,1,0.0,0.0,89.1987
CP-SCALE-AU-L002__g0680,73,15,633.3840321116149,672.5205180346966,5,0.0,-1747.720676,90.3097
CP-SCALE-AU-L002__g0680,73,15,633.3840321116149,672.5205180346966,8,0.0,-1162.92207125,89.8728
CP-SCALE-AU-L002__g0680,73,15,633.3840321116149,672.5205180346966,12,0.0,-796.096097,89.5867
CP-SCALE-AU-L002__g0680,73,15,633.3840321116149,672.5205180346966,16,0.0,-700.57281525,89.5134
CP-SCALE-AU-L002__g0680,73,15,633.3840321116149,672.5205180346966,24,0.0,-572.21238325,89.4351
CP-SCALE-AU-L002__g0680,73,15,633.3840321116149,672.5205180346966,30,0.0,-394.09927475,89.3093
CP-SCALE-AU-L002__g0680,73,16,672.5263073258102,712.5456700921059,-10,0.0,-83.03463625,89.3093
CP-SCALE-AU-L002__g0680,73,16,672.5263073258102,712.5456700921059,-5,0.0,-4.51949725,89.5494
CP-SCALE-AU-L002__g0680,73,16,672.5263073258102,712.5456700921059,0,0.0,0.0,89.5754
CP-SCALE-AU-L002__g0680,73,16,672.5263073258102,712.5456700921059,1,0.0,0.0,89.5754
CP-SCALE-AU-L002__g0680,73,16,672.5263073258102,712.5456700921059,5,0.0,-1613.517086,90.8644
CP-SCALE-AU-L002__g0680,73,16,672.5263073258102,712.5456700921059,8,0.0,-927.355315,90.7052
CP-SCALE-AU-L002__g0680,73,16,672.5263073258102,712.5456700921059,12,0.0,1678.2090405,0.0
CP-SCALE-AU-L002__g0680,73,16,672.5263073258102,712.5456700921059,16,0.0,1678.2090405,0.0
CP-SCALE-AU-L002__g0680,73,16,672.5263073258102,712.5456700921059,24,0.0,1678.2090405,0.0
CP-SCALE-AU-L002__g0680,73,16,672.5263073258102,712.5456700921059,30,0.0,1678.2090405,0.0
CP-SCALE-AU-L002__g0680,73,18,755.6055540069938,792.7479301393032,-10,0.0,0.0,0.0
CP-SCALE-AU-L002__g0680,73,18,755.6055540069938,792.7479301393032,-5,0.0,0.0,0.0
CP-SCALE-AU-L002__g0680,73,18,755.6055540069938,792.7479301393032,0,0.0,0.0,0.0
CP-SCALE-AU-L002__g0680,73,18,755.6055540069938,792.7479301393032,1,0.0,0.0,0.0
CP-SCALE-AU-L002__g0680,73,18,755.6055540069938,792.7479301393032,5,0.0,-3138.700052,89.3273
CP-SCALE-AU-L002__g0680,73,18,755.6055540069938,792.7479301393032,8,0.0,-2619.82730725,89.4061
CP-SCALE-AU-L002__g0680,73,18,755.6055540069938,792.7479301393032,12,0.0,-2389.8635265,89.2508
CP-SCALE-AU-L002__g0680,73,18,755.6055540069938,792.7479301393032,16,0.0,-2126.028078,89.5161
CP-SCALE-AU-L002__g0680,73,18,755.6055540069938,792.7479301393032,24,0.0,-1824.3419415,89.2296
CP-SCALE-AU-L002__g0680,73,18,755.6055540069938,792.7479301393032,30,0.0,-1676.85433925,89.3374
CP-SCALE-AU-L002__g0680,73,20,832.8092204034328,900.0047475770116,-10,0.0,0.0,0.0
CP-SCALE-AU-L002__g0680,73,20,832.8092204034328,900.0047475770116,-5,0.0,0.0,0.0
CP-SCALE-AU-L002__g0680,73,20,832.8092204034328,900.0047475770116,0,0.0,0.0,0.0
CP-SCALE-AU-L002__g0680,73,20,832.8092204034328,900.0047475770116,1,0.0,0.0,0.0
CP-SCALE-AU-L002__g0680,73,20,832.8092204034328,900.0047475770116,5,0.0,-3622.54327025,89.9173
CP-SCALE-AU-L002__g0680,73,20,832.8092204034328,900.0047475770116,8,0.0,-3089.46584225,89.7872
CP-SCALE-AU-L002__g0680,73,20,832.8092204034328,900.0047475770116,12,0.0,-2537.552727,89.9716
CP-SCALE-AU-L002__g0680,73,20,832.8092204034328,900.0047475770116,16,0.0,-2377.79685175,89.9976
CP-SCALE-AU-L002__g0680,73,20,832.8092204034328,900.0047475770116,24,0.0,-2185.9523655,89.7375
CP-SCALE-AU-L002__g0680,73,20,832.8092204034328,900.0047475770116,30,0.0,-2087.117993,89.8961
CP-SCALE-AU-L002__g0680,79,0,31.565123703330755,69.8479261957109,-10,-771.721214,-771.721214,0.0
CP-SCALE-AU-L002__g0680,79,0,31.565123703330755,69.8479261957109,-5,-401.709513,-401.709513,0.0
CP-SCALE-AU-L002__g0680,79,0,31.565123703330755,69.8479261957109,0,0.0,0.0,0.0
CP-SCALE-AU-L002__g0680,79,0,31.565123703330755,69.8479261957109,1,0.0,0.0,0.0
CP-SCALE-AU-L002__g0680,79,0,31.565123703330755,69.8479261957109,5,730.254011,-1875.0603575,89.5617
CP-SCALE-AU-L002__g0680,79,0,31.565123703330755,69.8479261957109,8,902.30049,-1332.18901225,89.8007
CP-SCALE-AU-L002__g0680,79,0,31.565123703330755,69.8479261957109,12,1107.886324,-731.253256,89.725
CP-SCALE-AU-L002__g0680,79,0,31.565123703330755,69.8479261957109,16,1331.672069,-288.9418445,89.7287
CP-SCALE-AU-L002__g0680,79,0,31.565123703330755,69.8479261957109,24,1789.874738,60.3719885,89.628
CP-SCALE-AU-L002__g0680,79,0,31.565123703330755,69.8479261957109,30,1871.957187,148.29187075,89.8871
CP-SCALE-AU-L002__g0680,79,5,231.57554810866714,271.5929650589824,-10,-4.748387,-1.18709675,90.1508
CP-SCALE-AU-L002__g0680,79,5,231.57554810866714,271.5929650589824,-5,-4.748387,-1.18709675,90.1508
CP-SCALE-AU-L002__g0680,79,5,231.57554810866714,271.5929650589824,0,0.0,0.0,90.1264
CP-SCALE-AU-L002__g0680,79,5,231.57554810866714,271.5929650589824,1,0.0,0.0,90.1264
CP-SCALE-AU-L002__g0680,79,5,231.57554810866714,271.5929650589824,5,0.0,-3240.05558575,97.3387
CP-SCALE-AU-L002__g0680,79,5,231.57554810866714,271.5929650589824,8,49.110282,-2780.45297675,97.3077
CP-SCALE-AU-L002__g0680,79,5,231.57554810866714,271.5929650589824,12,82.818988,-2386.51105175,97.2197
CP-SCALE-AU-L002__g0680,79,5,231.57554810866714,271.5929650589824,16,82.818988,-2265.5775415,97.1428
CP-SCALE-AU-L002__g0680,79,5,231.57554810866714,271.5929650589824,24,82.818988,-1986.370423,97.1453
CP-SCALE-AU-L002__g0680,79,5,231.57554810866714,271.5929650589824,30,82.818988,-1969.48931825,97.094
CP-SCALE-AU-L002__g0680,79,6,271.59808752313256,313.62499687448144,-10,0.0,-110.0856665,97.094
CP-SCALE-AU-L002__g0680,79,6,271.59808752313256,313.62499687448144,-5,0.0,-43.558042,97.0396
CP-SCALE-AU-L002__g0680,79,6,271.59808752313256,313.62499687448144,0,0.0,0.0,97.108
CP-SCALE-AU-L002__g0680,79,6,271.59808752313256,313.62499687448144,1,0.0,0.0,97.108
CP-SCALE-AU-L002__g0680,79,6,271.59808752313256,313.62499687448144,5,0.0,-1056.38466275,97.064
CP-SCALE-AU-L002__g0680,79,6,271.59808752313256,313.62499687448144,8,0.0,-548.13111675,97.0291
CP-SCALE-AU-L002__g0680,79,6,271.59808752313256,313.62499687448144,12,0.0,-190.11582475,97.0109
CP-SCALE-AU-L002__g0680,79,6,271.59808752313256,313.62499687448144,16,94.390414,-78.869317,97.0067
CP-SCALE-AU-L002__g0680,79,6,271.59808752313256,313.62499687448144,24,198.506156,248.53950125,97.0088
CP-SCALE-AU-L002__g0680,79,6,271.59808752313256,313.62499687448144,30,198.506156,315.860234,96.9471
CP-SCALE-AU-L002__g0680,79,8,353.76960080862045,390.90904765576124,-10,-70.773023,-118.73521425,96.9552
CP-SCALE-AU-L002__g0680,79,8,353.76960080862045,390.90904765576124,-5,-20.979856,-100.9755895,96.9766
CP-SCALE-AU-L002__g0680,79,8,353.76960080862045,390.90904765576124,0,0.0,0.0,96.9793
CP-SCALE-AU-L002__g0680,79,8,353.76960080862045,390.90904765576124,1,0.0,0.0,96.9793
CP-SCALE-AU-L002__g0680,79,8,353.76960080862045,390.90904765576124,5,0.0,-2934.02963825,97.188
CP-SCALE-AU-L002__g0680,79,8,353.76960080862045,390.90904765576124,8,60.070175,-1904.559465,96.9398
CP-SCALE-AU-L002__g0680,79,8,353.76960080862045,390.90904765576124,12,60.070175,-1483.64124325,96.9249
CP-SCALE-AU-L002__g0680,79,8,353.76960080862045,390.90904765576124,16,60.070175,-1217.908362,96.9536
CP-SCALE-AU-L002__g0680,79,8,353.76960080862045,390.90904765576124,24,94.123766,-880.4004335,96.9776
CP-SCALE-AU-L002__g0680,79,8,353.76960080862045,390.90904765576124,30,94.123766,-704.00119125,97.0366
CP-SCALE-AU-L002__g0680,79,9,390.9143357947469,432.9399298205972,-10,-66.599024,-295.43861175,97.0356
CP-SCALE-AU-L002__g0680,79,9,390.9143357947469,432.9399298205972,-5,0.0,-162.32050375,97.1468
CP-SCALE-AU-L002__g0680,79,9,390.9143357947469,432.9399298205972,0,0.0,0.0,97.2139
CP-SCALE-AU-L002__g0680,79,9,390.9143357947469,432.9399298205972,1,0.0,0.0,97.2139
CP-SCALE-AU-L002__g0680,79,9,390.9143357947469,432.9399298205972,5,40.933908,-1269.6872455,97.2396
CP-SCALE-AU-L002__g0680,79,9,390.9143357947469,432.9399298205972,8,45.991748,-932.1540045,97.3417
CP-SCALE-AU-L002__g0680,79,9,390.9143357947469,432.9399298205972,12,45.991748,-684.66446025,97.3062
CP-SCALE-AU-L002__g0680,79,9,390.9143357947469,432.9399298205972,16,45.991748,-533.25941975,97.3619
CP-SCALE-AU-L002__g0680,79,9,390.9143357947469,432.9399298205972,24,45.991748,-162.3942745,97.2887
CP-SCALE-AU-L002__g0680,79,9,390.9143357947469,432.9399298205972,30,45.991748,-65.517854,97.2557
CP-SCALE-AU-L002__g0680,79,11,471.0841433480382,511.1008179076016,-10,0.0,-55.16619175,97.3034
CP-SCALE-AU-L002__g0680,79,11,471.0841433480382,511.1008179076016,-5,0.0,-11.232719,97.27
CP-SCALE-AU-L002__g0680,79,11,471.0841433480382,511.1008179076016,0,0.0,0.0,97.2878
CP-SCALE-AU-L002__g0680,79,11,471.0841433480382,511.1008179076016,1,0.0,0.0,97.2878
CP-SCALE-AU-L002__g0680,79,11,471.0841433480382,511.1008179076016,5,0.0,-1541.228387,96.7441
CP-SCALE-AU-L002__g0680,79,11,471.0841433480382,511.1008179076016,8,0.0,-998.76724,96.7793
CP-SCALE-AU-L002__g0680,79,11,471.0841433480382,511.1008179076016,12,0.0,-470.709772,96.4657
CP-SCALE-AU-L002__g0680,79,11,471.0841433480382,511.1008179076016,16,0.0,-230.211634,96.5609
CP-SCALE-AU-L002__g0680,79,11,471.0841433480382,511.1008179076016,24,2.670679,65.73821475,96.6921
CP-SCALE-AU-L002__g0680,79,11,471.0841433480382,511.1008179076016,30,2.670679,78.25276475,96.6933
CP-SCALE-AU-L002__g0680,79,13,553.2719883807003,593.2899026833475,-10,0.0,-38.0379065,96.786
CP-SCALE-AU-L002__g0680,79,13,553.2719883807003,593.2899026833475,-5,0.0,-14.2051025,96.8393
CP-SCALE-AU-L002__g0680,79,13,553.2719883807003,593.2899026833475,0,0.0,0.0,96.8409
CP-SCALE-AU-L002__g0680,79,13,553.2719883807003,593.2899026833475,1,0.0,0.0,96.8409
CP-SCALE-AU-L002__g0680,79,13,553.2719883807003,593.2899026833475,5,0.0,-1694.2822275,97.6074
CP-SCALE-AU-L002__g0680,79,13,553.2719883807003,593.2899026833475,8,0.0,-1230.86259825,97.5922
CP-SCALE-AU-L002__g0680,79,13,553.2719883807003,593.2899026833475,12,0.0,-891.69241925,97.6091
CP-SCALE-AU-L002__g0680,79,13,553.2719883807003,593.2899026833475,16,19.907551,-675.64749325,97.593
CP-SCALE-AU-L002__g0680,79,13,553.2719883807003,593.2899026833475,24,19.907551,-477.06394675,97.5765
CP-SCALE-AU-L002__g0680,79,13,553.2719883807003,593.2899026833475,30,19.907551,-436.85467525,97.5605
CP-SCALE-AU-L002__g0680,79,16,672.6966614052653,713.7251984477043,-10,0.0,-106.49769375,97.7456
CP-SCALE-AU-L002__g0680,79,16,672.6966614052653,713.7251984477043,-5,0.0,-94.80064525,97.746
CP-SCALE-AU-L002__g0680,79,16,672.6966614052653,713.7251984477043,0,0.0,0.0,97.7452
CP-SCALE-AU-L002__g0680,79,16,672.6966614052653,713.7251984477043,1,0.0,0.0,97.7452
CP-SCALE-AU-L002__g0680,79,16,672.6966614052653,713.7251984477043,5,0.0,-2577.869074,97.5077
CP-SCALE-AU-L002__g0680,79,16,672.6966614052653,713.7251984477043,8,0.0,-1806.022687,97.5984
CP-SCALE-AU-L002__g0680,79,16,672.6966614052653,713.7251984477043,12,155.302604,-1398.935921,97.451
CP-SCALE-AU-L002__g0680,79,16,672.6966614052653,713.7251984477043,16,187.661235,-1236.0411195,97.4865
CP-SCALE-AU-L002__g0680,79,16,672.6966614052653,713.7251984477043,24,187.661235,-839.515099,97.405
CP-SCALE-AU-L002__g0680,79,16,672.6966614052653,713.7251984477043,30,187.661235,-805.586711,97.4251
CP-SCALE-AU-L002__g0680,79,18,752.8784040398896,791.0140777491033,-10,0.0,0.0,97.3195
CP-SCALE-AU-L002__g0680,79,18,752.8784040398896,791.0140777491033,-5,0.0,0.0,97.3195
CP-SCALE-AU-L002__g0680,79,18,752.8784040398896,791.0140777491033,0,0.0,0.0,97.3195
CP-SCALE-AU-L002__g0680,79,18,752.8784040398896,791.0140777491033,1,0.0,0.0,97.3195
CP-SCALE-AU-L002__g0680,79,18,752.8784040398896,791.0140777491033,5,0.0,-2468.4595915,97.9005
CP-SCALE-AU-L002__g0680,79,18,752.8784040398896,791.0140777491033,8,0.0,-2177.1222925,97.8283
CP-SCALE-AU-L002__g0680,79,18,752.8784040398896,791.0140777491033,12,0.0,-1681.002878,97.6716
CP-SCALE-AU-L002__g0680,79,18,752.8784040398896,791.0140777491033,16,0.0,-1421.578967,97.5955
CP-SCALE-AU-L002__g0680,79,18,752.8784040398896,791.0140777491033,24,0.0,-980.4081335,97.5834
CP-SCALE-AU-L002__g0680,79,18,752.8784040398896,791.0140777491033,30,0.0,-779.42731625,97.4707
CP-SCALE-AU-L002__g0680,79,20,830.1568814888597,900.0037946924567,-10,0.0,-30.43500075,97.4891
CP-SCALE-AU-L002__g0680,79,20,830.1568814888597,900.0037946924567,-5,0.0,-22.59697575,97.5078
CP-SCALE-AU-L002__g0680,79,20,830.1568814888597,900.0037946924567,0,0.0,0.0,97.4542
CP-SCALE-AU-L002__g0680,79,20,830.1568814888597,900.0037946924567,1,0.0,0.0,97.4542
CP-SCALE-AU-L002__g0680,79,20,830.1568814888597,900.0037946924567,5,0.0,-2070.399281,97.9109
CP-SCALE-AU-L002__g0680,79,20,830.1568814888597,900.0037946924567,8,0.0,-1355.8352055,97.8037
CP-SCALE-AU-L002__g0680,79,20,830.1568814888597,900.0037946924567,12,0.0,-571.3844505,97.626
CP-SCALE-AU-L002__g0680,79,20,830.1568814888597,900.0037946924567,16,0.0,-439.33578225,97.6038
CP-SCALE-AU-L002__g0680,79,20,830.1568814888597,900.0037946924567,24,0.0,-285.767885,97.6588
CP-SCALE-AU-L002__g0680,79,20,830.1568814888597,900.0037946924567,30,0.0,-152.017962,97.7346
CP-SCALE-AU-L002__g0680,83,0,31.18187055364251,71.20275887846947,-10,-2118.950132,-2118.950132,0.0
CP-SCALE-AU-L002__g0680,83,0,31.18187055364251,71.20275887846947,-5,-1177.304038,-1177.304038,0.0
CP-SCALE-AU-L002__g0680,83,0,31.18187055364251,71.20275887846947,0,0.0,0.0,0.0
CP-SCALE-AU-L002__g0680,83,0,31.18187055364251,71.20275887846947,1,0.0,0.0,0.0
CP-SCALE-AU-L002__g0680,83,0,31.18187055364251,71.20275887846947,5,567.292678,-2420.400109,91.6878
CP-SCALE-AU-L002__g0680,83,0,31.18187055364251,71.20275887846947,8,592.824602,-1832.26830425,91.8081
CP-SCALE-AU-L002__g0680,83,0,31.18187055364251,71.20275887846947,12,594.19172,-1471.35780275,91.798
CP-SCALE-AU-L002__g0680,83,0,31.18187055364251,71.20275887846947,16,758.883988,-1026.6618,91.792
CP-SCALE-AU-L002__g0680,83,0,31.18187055364251,71.20275887846947,24,1000.790044,-730.81758675,92.0921
CP-SCALE-AU-L002__g0680,83,0,31.18187055364251,71.20275887846947,30,1608.78818,-398.6016785,92.1064
CP-SCALE-AU-L002__g0680,83,1,71.2087166570127,111.22335572168231,-10,-134.563879,-331.887839,92.1064
CP-SCALE-AU-L002__g0680,83,1,71.2087166570127,111.22335572168231,-5,0.0,-114.0930195,92.148
CP-SCALE-AU-L002__g0680,83,1,71.2087166570127,111.22335572168231,0,0.0,0.0,92.0552
CP-SCALE-AU-L002__g0680,83,1,71.2087166570127,111.22335572168231,1,0.0,0.0,92.0552
CP-SCALE-AU-L002__g0680,83,1,71.2087166570127,111.22335572168231,5,5.697596,-924.579736,92.076
CP-SCALE-AU-L002__g0680,83,1,71.2087166570127,111.22335572168231,8,5.697596,-359.81811875,91.9047
CP-SCALE-AU-L002__g0680,83,1,71.2087166570127,111.22335572168231,12,280.67342,31.28219925,92.0731
CP-SCALE-AU-L002__g0680,83,1,71.2087166570127,111.22335572168231,16,280.67342,343.425384,92.0505
CP-SCALE-AU-L002__g0680,83,1,71.2087166570127,111.22335572168231,24,280.67342,736.4725665,92.2295
CP-SCALE-AU-L002__g0680,83,1,71.2087166570127,111.22335572168231,30,298.433778,800.48850925,92.3128
CP-SCALE-AU-L002__g0680,83,2,111.22908486798406,152.25445163995028,-10,-66.328806,-264.15591025,92.3128
CP-SCALE-AU-L002__g0680,83,2,111.22908486798406,152.25445163995028,-5,-66.328806,-47.39730225,92.4235
CP-SCALE-AU-L002__g0680,83,2,111.22908486798406,152.25445163995028,0,0.0,0.0,92.273
CP-SCALE-AU-L002__g0680,83,2,111.22908486798406,152.25445163995028,1,0.0,0.0,92.273
CP-SCALE-AU-L002__g0680,83,2,111.22908486798406,152.25445163995028,5,0.0,-2391.79270075,91.6232
CP-SCALE-AU-L002__g0680,83,2,111.22908486798406,152.25445163995028,8,0.0,-2024.2200305,91.5457
CP-SCALE-AU-L002__g0680,83,2,111.22908486798406,152.25445163995028,12,0.0,-1455.32380325,90.88
CP-SCALE-AU-L002__g0680,83,2,111.22908486798406,152.25445163995028,16,37.055145,-1308.80500125,91.0145
CP-SCALE-AU-L002__g0680,83,2,111.22908486798406,152.25445163995028,24,37.055145,-1177.8584515,91.2737
CP-SCALE-AU-L002__g0680,83,2,111.22908486798406,152.25445163995028,30,37.055145,-906.96041,91.4537
CP-SCALE-AU-L002__g0680,83,3,152.26037205383182,190.3838628642261,-10,0.0,-231.47338175,91.4537
CP-SCALE-AU-L002__g0680,83,3,152.26037205383182,190.3838628642261,-5,0.0,-87.327598,91.6854
CP-SCALE-AU-L002__g0680,83,3,152.26037205383182,190.3838628642261,0,0.0,0.0,91.582
CP-SCALE-AU-L002__g0680,83,3,152.26037205383182,190.3838628642261,1,0.0,0.0,91.582
CP-SCALE-AU-L002__g0680,83,3,152.26037205383182,190.3838628642261,5,0.0,-989.8993875,91.8054
CP-SCALE-AU-L002__g0680,83,3,152.26037205383182,190.3838628642261,8,0.0,-595.88904025,92.0449
CP-SCALE-AU-L002__g0680,83,3,152.26037205383182,190.3838628642261,12,0.0,-256.137665,91.6929
CP-SCALE-AU-L002__g0680,83,3,152.26037205383182,190.3838628642261,16,0.0,-58.6030045,91.4658
CP-SCALE-AU-L002__g0680,83,3,152.26037205383182,190.3838628642261,24,218.347118,363.72751125,91.0158
CP-SCALE-AU-L002__g0680,83,3,152.26037205383182,190.3838628642261,30,218.347118,549.99198375,91.2016
CP-SCALE-AU-L002__g0680,83,4,190.38986836373806,231.40563599020243,-10,-30.526378,-85.41216875,91.1996
CP-SCALE-AU-L002__g0680,83,4,190.38986836373806,231.40563599020243,-5,-30.526378,-15.80984875,91.3959
CP-SCALE-AU-L002__g0680,83,4,190.38986836373806,231.40563599020243,0,0.0,0.0,91.3959
CP-SCALE-AU-L002__g0680,83,4,190.38986836373806,231.40563599020243,1,0.0,0.0,91.3959
CP-SCALE-AU-L002__g0680,83,4,190.38986836373806,231.40563599020243,5,0.0,-1428.690204,91.7242
CP-SCALE-AU-L002__g0680,83,4,190.38986836373806,231.40563599020243,8,0.0,-955.89610275,91.6927
CP-SCALE-AU-L002__g0680,83,4,190.38986836373806,231.40563599020243,12,17.760358,-571.14076075,92.352
CP-SCALE-AU-L002__g0680,83,4,190.38986836373806,231.40563599020243,16,28.40518,-380.56721525,92.3196
CP-SCALE-AU-L002__g0680,83,4,190.38986836373806,231.40563599020243,24,58.510752,-114.26766025,92.3586
CP-SCALE-AU-L002__g0680,83,4,190.38986836373806,231.40563599020243,30,114.604138,1.46730025,92.5445
CP-SCALE-AU-L002__g0680,83,8,350.81153735145926,390.8300702944398,-10,0.0,-25.88831325,92.6419
CP-SCALE-AU-L002__g0680,83,8,350.81153735145926,390.8300702944398,-5,0.0,-0.331059,92.7201
CP-SCALE-AU-L002__g0680,83,8,350.81153735145926,390.8300702944398,0,0.0,0.0,92.7137
CP-SCALE-AU-L002__g0680,83,8,350.81153735145926,390.8300702944398,1,0.0,0.0,92.7137
CP-SCALE-AU-L002__g0680,83,8,350.81153735145926,390.8300702944398,5,38.049748,-2070.605766,93.4219
CP-SCALE-AU-L002__g0680,83,8,350.81153735145926,390.8300702944398,8,38.049748,-1492.3882915,93.4915
CP-SCALE-AU-L002__g0680,83,8,350.81153735145926,390.8300702944398,12,863.443536,2092.90818225,0.0
CP-SCALE-AU-L002__g0680,83,8,350.81153735145926,390.8300702944398,16,863.443536,2092.90818225,0.0
CP-SCALE-AU-L002__g0680,83,8,350.81153735145926,390.8300702944398,24,863.443536,2092.90818225,0.0
CP-SCALE-AU-L002__g0680,83,8,350.81153735145926,390.8300702944398,30,863.443536,2092.90818225,0.0
CP-SCALE-AU-L002__g0680,83,9,390.8363399654627,432.86116379871964,-10,0.0,0.0,0.0
CP-SCALE-AU-L002__g0680,83,9,390.8363399654627,432.86116379871964,-5,0.0,0.0,0.0
CP-SCALE-AU-L002__g0680,83,9,390.8363399654627,432.86116379871964,0,0.0,0.0,0.0
CP-SCALE-AU-L002__g0680,83,9,390.8363399654627,432.86116379871964,1,0.0,0.0,0.0
CP-SCALE-AU-L002__g0680,83,9,390.8363399654627,432.86116379871964,5,0.0,-2905.76968825,91.0451
CP-SCALE-AU-L002__g0680,83,9,390.8363399654627,432.86116379871964,8,0.0,-2689.1791355,91.2231
CP-SCALE-AU-L002__g0680,83,9,390.8363399654627,432.86116379871964,12,0.0,0.0,0.0
CP-SCALE-AU-L002__g0680,83,9,390.8363399654627,432.86116379871964,16,0.0,0.0,0.0
CP-SCALE-AU-L002__g0680,83,9,390.8363399654627,432.86116379871964,24,0.0,0.0,0.0
CP-SCALE-AU-L002__g0680,83,9,390.8363399654627,432.86116379871964,30,0.0,0.0,0.0
CP-SCALE-AU-L002__g0680,83,12,512.2721294946969,551.4066468179226,-10,0.0,0.0,1.9384
CP-SCALE-AU-L002__g0680,83,12,512.2721294946969,551.4066468179226,-5,0.0,0.0,1.9384
CP-SCALE-AU-L002__g0680,83,12,512.2721294946969,551.4066468179226,0,0.0,0.0,1.9384
CP-SCALE-AU-L002__g0680,83,12,512.2721294946969,551.4066468179226,1,0.0,0.0,1.9384
CP-SCALE-AU-L002__g0680,83,12,512.2721294946969,551.4066468179226,5,0.0,-3200.22922475,88.931
CP-SCALE-AU-L002__g0680,83,12,512.2721294946969,551.4066468179226,8,0.0,-2664.28611075,88.9966
CP-SCALE-AU-L002__g0680,83,12,512.2721294946969,551.4066468179226,12,0.0,85.22556525,0.0
CP-SCALE-AU-L002__g0680,83,12,512.2721294946969,551.4066468179226,16,0.0,85.22556525,0.0
CP-SCALE-AU-L002__g0680,83,12,512.2721294946969,551.4066468179226,24,0.0,85.22556525,0.0
CP-SCALE-AU-L002__g0680,83,12,512.2721294946969,551.4066468179226,30,0.0,85.22556525,0.0
CP-SCALE-AU-L002__g0680,83,13,551.4137673527002,592.4346993751824,-10,0.0,0.0,0.0
CP-SCALE-AU-L002__g0680,83,13,551.4137673527002,592.4346993751824,-5,0.0,0.0,0.0
CP-SCALE-AU-L002__g0680,83,13,551.4137673527002,592.4346993751824,0,0.0,0.0,0.0
CP-SCALE-AU-L002__g0680,83,13,551.4137673527002,592.4346993751824,1,0.0,0.0,0.0
CP-SCALE-AU-L002__g0680,83,13,551.4137673527002,592.4346993751824,5,0.0,-3332.30385225,89.7399
CP-SCALE-AU-L002__g0680,83,13,551.4137673527002,592.4346993751824,8,0.0,-2810.52871725,89.4836
CP-SCALE-AU-L002__g0680,83,13,551.4137673527002,592.4346993751824,12,0.0,0.0,0.0
CP-SCALE-AU-L002__g0680,83,13,551.4137673527002,592.4346993751824,16,0.0,0.0,0.0
CP-SCALE-AU-L002__g0680,83,13,551.4137673527002,592.4346993751824,24,0.0,0.0,0.0
CP-SCALE-AU-L002__g0680,83,13,551.4137673527002,592.4346993751824,30,0.0,0.0,0.0
CP-SCALE-AU-L002__g0680,83,14,592.4461416006088,632.466684807092,-10,0.0,0.0,0.0
CP-SCALE-AU-L002__g0680,83,14,592.4461416006088,632.466684807092,-5,0.0,0.0,0.0
CP-SCALE-AU-L002__g0680,83,14,592.4461416006088,632.466684807092,0,0.0,0.0,0.0
CP-SCALE-AU-L002__g0680,83,14,592.4461416006088,632.466684807092,1,0.0,0.0,0.0
CP-SCALE-AU-L002__g0680,83,14,592.4461416006088,632.466684807092,5,0.0,-2867.60290225,91.5289
CP-SCALE-AU-L002__g0680,83,14,592.4461416006088,632.466684807092,8,0.0,-2541.06867475,91.5057
CP-SCALE-AU-L002__g0680,83,14,592.4461416006088,632.466684807092,12,0.0,-2219.2331085,91.5813
CP-SCALE-AU-L002__g0680,83,14,592.4461416006088,632.466684807092,16,0.0,-2195.6287005,91.5813
CP-SCALE-AU-L002__g0680,83,14,592.4461416006088,632.466684807092,24,0.0,-1963.25347875,91.4863
CP-SCALE-AU-L002__g0680,83,14,592.4461416006088,632.466684807092,30,0.0,-1919.69065575,91.562
CP-SCALE-AU-L002__g0680,83,16,672.6079196482897,712.6278863362968,-10,0.0,-39.027717,91.3043
CP-SCALE-AU-L002__g0680,83,16,672.6079196482897,712.6278863362968,-5,0.0,0.0,91.3548
CP-SCALE-AU-L002__g0680,83,16,672.6079196482897,712.6278863362968,0,0.0,0.0,91.3548
CP-SCALE-AU-L002__g0680,83,16,672.6079196482897,712.6278863362968,1,0.0,0.0,91.3548
CP-SCALE-AU-L002__g0680,83,16,672.6079196482897,712.6278863362968,5,0.0,-2172.07750675,90.1554
CP-SCALE-AU-L002__g0680,83,16,672.6079196482897,712.6278863362968,8,0.0,-1472.04256,90.2186
CP-SCALE-AU-L002__g0680,83,16,672.6079196482897,712.6278863362968,12,0.0,-954.86615575,90.1083
CP-SCALE-AU-L002__g0680,83,16,672.6079196482897,712.6278863362968,16,0.0,-768.31406075,90.106
CP-SCALE-AU-L002__g0680,83,16,672.6079196482897,712.6278863362968,24,0.0,-668.1149845,90.1342
CP-SCALE-AU-L002__g0680,83,16,672.6079196482897,712.6278863362968,30,0.0,-579.35467425,90.3172
CP-SCALE-AU-L002__g0680,83,18,752.7738605514169,790.9029958508909,-10,0.0,-82.36884725,90.7259
CP-SCALE-AU-L002__g0680,83,18,752.7738605514169,790.9029958508909,-5,0.0,-8.956557,90.8027
CP-SCALE-AU-L002__g0680,83,18,752.7738605514169,790.9029958508909,0,0.0,0.0,90.8282
CP-SCALE-AU-L002__g0680,83,18,752.7738605514169,790.9029958508909,1,0.0,0.0,90.8282
CP-SCALE-AU-L002__g0680,83,18,752.7738605514169,790.9029958508909,5,0.0,-1566.780907,90.696
CP-SCALE-AU-L002__g0680,83,18,752.7738605514169,790.9029958508909,8,0.0,-1176.280992,90.5978
CP-SCALE-AU-L002__g0680,83,18,752.7738605514169,790.9029958508909,12,0.0,1347.68191875,0.0
CP-SCALE-AU-L002__g0680,83,18,752.7738605514169,790.9029958508909,16,0.0,1347.68191875,0.0
CP-SCALE-AU-L002__g0680,83,18,752.7738605514169,790.9029958508909,24,0.0,1347.68191875,0.0
CP-SCALE-AU-L002__g0680,83,18,752.7738605514169,790.9029958508909,30,0.0,1347.68191875,0.0
CP-SCALE-AU-L002__g0680,83,20,833.0845171995461,900.0023820213974,-10,0.0,0.0,0.6785
CP-SCALE-AU-L002__g0680,83,20,833.0845171995461,900.0023820213974,-5,0.0,0.0,0.6785
CP-SCALE-AU-L002__g0680,83,20,833.0845171995461,900.0023820213974,0,0.0,0.0,0.6785
CP-SCALE-AU-L002__g0680,83,20,833.0845171995461,900.0023820213974,1,0.0,0.0,0.6785
CP-SCALE-AU-L002__g0680,83,20,833.0845171995461,900.0023820213974,5,0.0,-2610.4551545,89.7048
CP-SCALE-AU-L002__g0680,83,20,833.0845171995461,900.0023820213974,8,0.0,-2322.72761125,89.4437
CP-SCALE-AU-L002__g0680,83,20,833.0845171995461,900.0023820213974,12,0.0,-2130.66040175,89.9693
CP-SCALE-AU-L002__g0680,83,20,833.0845171995461,900.0023820213974,16,0.0,-2065.3895895,90.0729
CP-SCALE-AU-L002__g0680,83,20,833.0845171995461,900.0023820213974,24,0.0,-1866.8216625,89.8939
CP-SCALE-AU-L002__g0680,83,20,833.0845171995461,900.0023820213974,30,0.0,-1639.15167875,89.9222
CP-SCALE-AU-L002__g1200,67,0,31.14252272620797,74.16814513504505,-10,-55.545083,-55.545083,0.0
CP-SCALE-AU-L002__g1200,67,0,31.14252272620797,74.16814513504505,-5,-44.833707,-44.833707,0.0
CP-SCALE-AU-L002__g1200,67,0,31.14252272620797,74.16814513504505,0,0.0,0.0,0.0
CP-SCALE-AU-L002__g1200,67,0,31.14252272620797,74.16814513504505,1,0.0,0.0,0.0
CP-SCALE-AU-L002__g1200,67,0,31.14252272620797,74.16814513504505,5,408.425219,-1273.01776375,87.4608
CP-SCALE-AU-L002__g1200,67,0,31.14252272620797,74.16814513504505,8,746.45188,-267.24397125,88.3018
CP-SCALE-AU-L002__g1200,67,0,31.14252272620797,74.16814513504505,12,803.171594,18.62421025,88.8963
CP-SCALE-AU-L002__g1200,67,0,31.14252272620797,74.16814513504505,16,1053.446655,427.02065675,89.3645
CP-SCALE-AU-L002__g1200,67,0,31.14252272620797,74.16814513504505,24,1469.390163,944.05300225,89.7938
CP-SCALE-AU-L002__g1200,67,0,31.14252272620797,74.16814513504505,30,1469.390163,1157.006449,90.0298
CP-SCALE-AU-L002__g1200,67,1,74.1728197708726,112.2919428087771,-10,-667.548514,-482.26976625,90.2982
CP-SCALE-AU-L002__g1200,67,1,74.1728197708726,112.2919428087771,-5,-444.654992,-311.387788,89.9869
CP-SCALE-AU-L002__g1200,67,1,74.1728197708726,112.2919428087771,0,0.0,0.0,90.0226
CP-SCALE-AU-L002__g1200,67,1,74.1728197708726,112.2919428087771,1,0.0,0.0,90.0226
CP-SCALE-AU-L002__g1200,67,1,74.1728197708726,112.2919428087771,5,84.49175,-1808.8880295,90.566
CP-SCALE-AU-L002__g1200,67,1,74.1728197708726,112.2919428087771,8,106.570877,-898.0736295,91.586
CP-SCALE-AU-L002__g1200,67,1,74.1728197708726,112.2919428087771,12,163.891931,-710.02117875,91.5085
CP-SCALE-AU-L002__g1200,67,1,74.1728197708726,112.2919428087771,16,249.463079,-338.5991035,91.7413
CP-SCALE-AU-L002__g1200,67,1,74.1728197708726,112.2919428087771,24,480.757094,-117.1509,91.49
CP-SCALE-AU-L002__g1200,67,1,74.1728197708726,112.2919428087771,30,518.563615,-6.41620975,91.3826
CP-SCALE-AU-L002__g1200,67,3,158.45050733163953,192.49694525822997,-10,-0.001033,-50.09868475,91.424
CP-SCALE-AU-L002__g1200,67,3,158.45050733163953,192.49694525822997,-5,0.0,-39.22430425,91.413
CP-SCALE-AU-L002__g1200,67,3,158.45050733163953,192.49694525822997,0,0.0,0.0,91.4825
CP-SCALE-AU-L002__g1200,67,3,158.45050733163953,192.49694525822997,1,0.0,0.0,91.4825
CP-SCALE-AU-L002__g1200,67,3,158.45050733163953,192.49694525822997,5,0.0,-2265.62471675,97.4522
CP-SCALE-AU-L002__g1200,67,3,158.45050733163953,192.49694525822997,8,0.0,-1913.422771,97.2662
CP-SCALE-AU-L002__g1200,67,3,158.45050733163953,192.49694525822997,12,32.057277,-1734.811291,97.3262
CP-SCALE-AU-L002__g1200,67,3,158.45050733163953,192.49694525822997,16,144.150946,-1470.3649645,97.4796
CP-SCALE-AU-L002__g1200,67,3,158.45050733163953,192.49694525822997,24,144.150946,-992.18674125,97.4554
CP-SCALE-AU-L002__g1200,67,3,158.45050733163953,192.49694525822997,30,144.150946,-987.482392,97.4561
CP-SCALE-AU-L002__g1200,67,4,192.5027493685484,233.52436497062445,-10,0.0,-79.358501,97.4554
CP-SCALE-AU-L002__g1200,67,4,192.5027493685484,233.52436497062445,-5,0.0,-74.65415175,97.4561
CP-SCALE-AU-L002__g1200,67,4,192.5027493685484,233.52436497062445,0,0.0,0.0,97.5609
CP-SCALE-AU-L002__g1200,67,4,192.5027493685484,233.52436497062445,1,0.0,0.0,97.5609
CP-SCALE-AU-L002__g1200,67,4,192.5027493685484,233.52436497062445,5,0.0,-1553.4146185,98.923
CP-SCALE-AU-L002__g1200,67,4,192.5027493685484,233.52436497062445,8,0.0,-997.706022,98.9202
CP-SCALE-AU-L002__g1200,67,4,192.5027493685484,233.52436497062445,12,11.386002,-524.94498625,98.9489
CP-SCALE-AU-L002__g1200,67,4,192.5027493685484,233.52436497062445,16,11.386002,-377.7197275,98.9475
CP-SCALE-AU-L002__g1200,67,4,192.5027493685484,233.52436497062445,24,11.386002,391.6117585,99.0202
CP-SCALE-AU-L002__g1200,67,4,192.5027493685484,233.52436497062445,30,11.386002,515.41329375,98.9995
CP-SCALE-AU-L002__g1200,67,5,233.53009669855237,273.5482703447342,-10,-193.781763,-311.37811375,98.9984
CP-SCALE-AU-L002__g1200,67,5,233.53009669855237,273.5482703447342,-5,-193.781763,-105.81421025,99.1366
CP-SCALE-AU-L002__g1200,67,5,233.53009669855237,273.5482703447342,0,0.0,0.0,99.1146
CP-SCALE-AU-L002__g1200,67,5,233.53009669855237,273.5482703447342,1,0.0,0.0,99.1146
CP-SCALE-AU-L002__g1200,67,5,233.53009669855237,273.5482703447342,5,163.461277,-1804.3674475,99.1731
CP-SCALE-AU-L002__g1200,67,5,233.53009669855237,273.5482703447342,8,163.461277,-1693.76662775,99.1953
CP-SCALE-AU-L002__g1200,67,5,233.53009669855237,273.5482703447342,12,163.461277,1053.645708,0.0
CP-SCALE-AU-L002__g1200,67,5,233.53009669855237,273.5482703447342,16,175.076454,1065.260885,0.0
CP-SCALE-AU-L002__g1200,67,5,233.53009669855237,273.5482703447342,24,640.903223,1531.087654,0.0
CP-SCALE-AU-L002__g1200,67,5,233.53009669855237,273.5482703447342,30,640.903223,1531.087654,0.0
CP-SCALE-AU-L002__g1200,67,6,273.55450991913676,312.6675591394305,-10,0.0,0.0,0.0
CP-SCALE-AU-L002__g1200,67,6,273.55450991913676,312.6675591394305,-5,0.0,0.0,0.0
CP-SCALE-AU-L002__g1200,67,6,273.55450991913676,312.6675591394305,0,0.0,0.0,0.0
CP-SCALE-AU-L002__g1200,67,6,273.55450991913676,312.6675591394305,1,0.0,0.0,0.0
CP-SCALE-AU-L002__g1200,67,6,273.55450991913676,312.6675591394305,5,15.042096,-1821.69318025,88.6277
CP-SCALE-AU-L002__g1200,67,6,273.55450991913676,312.6675591394305,8,15.042096,-1535.77922375,87.7351
CP-SCALE-AU-L002__g1200,67,6,273.55450991913676,312.6675591394305,12,15.042096,15.042096,0.0
CP-SCALE-AU-L002__g1200,67,6,273.55450991913676,312.6675591394305,16,15.042096,15.042096,0.0
CP-SCALE-AU-L002__g1200,67,6,273.55450991913676,312.6675591394305,24,15.042096,15.042096,0.0
CP-SCALE-AU-L002__g1200,67,6,273.55450991913676,312.6675591394305,30,15.042096,15.042096,0.0
CP-SCALE-AU-L002__g1200,67,7,312.67389314621687,367.75055189058185,-10,0.0,0.0,0.0
CP-SCALE-AU-L002__g1200,67,7,312.67389314621687,367.75055189058185,-5,0.0,0.0,0.0
CP-SCALE-AU-L002__g1200,67,7,312.67389314621687,367.75055189058185,0,0.0,0.0,0.0
CP-SCALE-AU-L002__g1200,67,7,312.67389314621687,367.75055189058185,1,0.0,0.0,0.0
CP-SCALE-AU-L002__g1200,67,7,312.67389314621687,367.75055189058185,5,163.120084,-1739.901445,83.6823
CP-SCALE-AU-L002__g1200,67,7,312.67389314621687,367.75055189058185,8,163.120084,-1578.61971825,83.4417
CP-SCALE-AU-L002__g1200,67,7,312.67389314621687,367.75055189058185,12,297.129233,297.129233,0.0
CP-SCALE-AU-L002__g1200,67,7,312.67389314621687,367.75055189058185,16,297.129233,297.129233,0.0
CP-SCALE-AU-L002__g1200,67,7,312.67389314621687,367.75055189058185,24,297.129233,297.129233,0.0
CP-SCALE-AU-L002__g1200,67,7,312.67389314621687,367.75055189058185,30,297.129233,297.129233,0.0
CP-SCALE-AU-L002__g1200,67,8,367.75711423531175,393.77927385643125,-10,0.0,0.0,0.0
CP-SCALE-AU-L002__g1200,67,8,367.75711423531175,393.77927385643125,-5,0.0,0.0,0.0
CP-SCALE-AU-L002__g1200,67,8,367.75711423531175,393.77927385643125,0,0.0,0.0,0.0
CP-SCALE-AU-L002__g1200,67,8,367.75711423531175,393.77927385643125,1,0.0,0.0,0.0
CP-SCALE-AU-L002__g1200,67,8,367.75711423531175,393.77927385643125,5,36.45979,-2021.79076475,86.5045
CP-SCALE-AU-L002__g1200,67,8,367.75711423531175,393.77927385643125,8,159.490637,-1743.86060375,86.4484
CP-SCALE-AU-L002__g1200,67,8,367.75711423531175,393.77927385643125,12,214.669386,214.669386,0.0
CP-SCALE-AU-L002__g1200,67,8,367.75711423531175,393.77927385643125,16,216.053621,216.053621,0.0
CP-SCALE-AU-L002__g1200,67,8,367.75711423531175,393.77927385643125,24,216.053621,216.053621,0.0
CP-SCALE-AU-L002__g1200,67,9,393.7857117652893,433.8060075864196,-10,-19.777523,-19.777523,0.0
CP-SCALE-AU-L002__g1200,67,9,393.7857117652893,433.8060075864196,-5,-19.777523,-19.777523,0.0
CP-SCALE-AU-L002__g1200,67,9,393.7857117652893,433.8060075864196,0,0.0,0.0,0.0
CP-SCALE-AU-L002__g1200,67,9,393.7857117652893,433.8060075864196,1,0.0,0.0,0.0
CP-SCALE-AU-L002__g1200,67,9,393.7857117652893,433.8060075864196,5,14.118358,-3087.55802525,86.7019
CP-SCALE-AU-L002__g1200,67,9,393.7857117652893,433.8060075864196,8,45.194113,-2419.94120725,87.2243
CP-SCALE-AU-L002__g1200,67,9,393.7857117652893,433.8060075864196,12,125.007645,125.007645,0.0
CP-SCALE-AU-L002__g1200,67,9,393.7857117652893,433.8060075864196,16,125.007645,125.007645,0.0
CP-SCALE-AU-L002__g1200,67,9,393.7857117652893,433.8060075864196,24,125.007645,125.007645,0.0
CP-SCALE-AU-L002__g1200,67,9,393.7857117652893,433.8060075864196,30,125.007645,125.007645,0.0
CP-SCALE-AU-L002__g1200,67,10,433.8290382102132,474.85314593464136,-10,0.0,0.0,0.0
CP-SCALE-AU-L002__g1200,67,10,433.8290382102132,474.85314593464136,-5,0.0,0.0,0.0
CP-SCALE-AU-L002__g1200,67,10,433.8290382102132,474.85314593464136,0,0.0,0.0,0.0
CP-SCALE-AU-L002__g1200,67,10,433.8290382102132,474.85314593464136,1,0.0,0.0,0.0
CP-SCALE-AU-L002__g1200,67,10,433.8290382102132,474.85314593464136,5,13.217345,-2544.8003365,87.3337
CP-SCALE-AU-L002__g1200,67,10,433.8290382102132,474.85314593464136,8,13.217345,-1801.72350775,87.613
CP-SCALE-AU-L002__g1200,67,10,433.8290382102132,474.85314593464136,12,13.217345,13.217345,0.0
CP-SCALE-AU-L002__g1200,67,10,433.8290382102132,474.85314593464136,16,13.217345,13.217345,0.0
CP-SCALE-AU-L002__g1200,67,10,433.8290382102132,474.85314593464136,24,13.217345,13.217345,0.0
CP-SCALE-AU-L002__g1200,67,10,433.8290382102132,474.85314593464136,30,13.217345,13.217345,0.0
CP-SCALE-AU-L002__g1200,67,11,474.85932606458664,513.9903130307794,-10,0.0,0.0,0.0
CP-SCALE-AU-L002__g1200,67,11,474.85932606458664,513.9903130307794,-5,0.0,0.0,0.0
CP-SCALE-AU-L002__g1200,67,11,474.85932606458664,513.9903130307794,0,0.0,0.0,0.0
CP-SCALE-AU-L002__g1200,67,11,474.85932606458664,513.9903130307794,1,0.0,0.0,0.0
CP-SCALE-AU-L002__g1200,67,11,474.85932606458664,513.9903130307794,5,0.0,-2601.97491075,88.2904
CP-SCALE-AU-L002__g1200,67,11,474.85932606458664,513.9903130307794,8,12.443014,-1787.611324,87.6564
CP-SCALE-AU-L002__g1200,67,11,474.85932606458664,513.9903130307794,12,20.778793,20.778793,0.0
CP-SCALE-AU-L002__g1200,67,11,474.85932606458664,513.9903130307794,16,20.778793,20.778793,0.0
CP-SCALE-AU-L002__g1200,67,11,474.85932606458664,513.9903130307794,24,20.778793,20.778793,0.0
CP-SCALE-AU-L002__g1200,67,11,474.85932606458664,513.9903130307794,30,20.778793,20.778793,0.0
CP-SCALE-AU-L002__g1200,67,12,513.9966558553278,554.014267668128,-10,0.0,0.0,0.0
CP-SCALE-AU-L002__g1200,67,12,513.9966558553278,554.014267668128,-5,0.0,0.0,0.0
CP-SCALE-AU-L002__g1200,67,12,513.9966558553278,554.014267668128,0,0.0,0.0,0.0
CP-SCALE-AU-L002__g1200,67,12,513.9966558553278,554.014267668128,1,0.0,0.0,0.0
CP-SCALE-AU-L002__g1200,67,12,513.9966558553278,554.014267668128,5,0.0,-2470.318363,87.605
CP-SCALE-AU-L002__g1200,67,12,513.9966558553278,554.014267668128,8,0.0,-1948.3404225,87.7793
CP-SCALE-AU-L002__g1200,67,12,513.9966558553278,554.014267668128,12,0.0,0.0,0.0
CP-SCALE-AU-L002__g1200,67,12,513.9966558553278,554.014267668128,16,0.0,0.0,0.0
CP-SCALE-AU-L002__g1200,67,12,513.9966558553278,554.014267668128,24,0.0,0.0,0.0
CP-SCALE-AU-L002__g1200,67,12,513.9966558553278,554.014267668128,30,0.0,0.0,0.0
CP-SCALE-AU-L002__g1200,67,14,593.0643390156329,636.0926303006709,-10,0.0,0.0,0.0
CP-SCALE-AU-L002__g1200,67,14,593.0643390156329,636.0926303006709,-5,0.0,0.0,0.0
CP-SCALE-AU-L002__g1200,67,14,593.0643390156329,636.0926303006709,0,0.0,0.0,0.0
CP-SCALE-AU-L002__g1200,67,14,593.0643390156329,636.0926303006709,1,0.0,0.0,0.0
CP-SCALE-AU-L002__g1200,67,14,593.0643390156329,636.0926303006709,5,0.016418,-2387.639133,88.3575
CP-SCALE-AU-L002__g1200,67,14,593.0643390156329,636.0926303006709,8,0.016418,-1948.6627065,88.3616
CP-SCALE-AU-L002__g1200,67,14,593.0643390156329,636.0926303006709,12,0.016418,0.016418,0.0
CP-SCALE-AU-L002__g1200,67,14,593.0643390156329,636.0926303006709,16,0.016418,0.016418,0.0
CP-SCALE-AU-L002__g1200,67,14,593.0643390156329,636.0926303006709,24,0.016418,0.016418,0.0
CP-SCALE-AU-L002__g1200,67,14,593.0643390156329,636.0926303006709,30,0.016418,0.016418,0.0
CP-SCALE-AU-L002__g1200,71,0,30.693601347506046,74.7283280864358,-10,-231.872651,-231.872651,0.0
CP-SCALE-AU-L002__g1200,71,0,30.693601347506046,74.7283280864358,-5,0.0,0.0,0.0
CP-SCALE-AU-L002__g1200,71,0,30.693601347506046,74.7283280864358,0,0.0,0.0,0.0
CP-SCALE-AU-L002__g1200,71,0,30.693601347506046,74.7283280864358,1,0.0,0.0,0.0
CP-SCALE-AU-L002__g1200,71,0,30.693601347506046,74.7283280864358,5,116.777954,-973.02933075,87.6525
CP-SCALE-AU-L002__g1200,71,0,30.693601347506046,74.7283280864358,8,248.830951,-398.562735,88.0193
CP-SCALE-AU-L002__g1200,71,0,30.693601347506046,74.7283280864358,12,1016.392153,198.5825705,89.201
CP-SCALE-AU-L002__g1200,71,0,30.693601347506046,74.7283280864358,16,1837.643794,886.3848645,89.7624
CP-SCALE-AU-L002__g1200,71,0,30.693601347506046,74.7283280864358,24,2732.536164,1776.22449025,90.422
CP-SCALE-AU-L002__g1200,71,0,30.693601347506046,74.7283280864358,30,3332.175643,2337.91998525,90.9033
CP-SCALE-AU-L002__g1200,71,1,74.73395173624158,111.8824552744627,-10,-125.035105,-298.01438125,91.2633
CP-SCALE-AU-L002__g1200,71,1,74.73395173624158,111.8824552744627,-5,0.0,-110.25391575,91.5418
CP-SCALE-AU-L002__g1200,71,1,74.73395173624158,111.8824552744627,0,0.0,0.0,91.4973
CP-SCALE-AU-L002__g1200,71,1,74.73395173624158,111.8824552744627,1,0.0,0.0,91.4973
CP-SCALE-AU-L002__g1200,71,1,74.73395173624158,111.8824552744627,5,756.508314,-1683.065826,89.7199
CP-SCALE-AU-L002__g1200,71,1,74.73395173624158,111.8824552744627,8,1270.384901,-1161.2768715,90.1892
CP-SCALE-AU-L002__g1200,71,1,74.73395173624158,111.8824552744627,12,1308.209166,-656.93803,90.4851
CP-SCALE-AU-L002__g1200,71,1,74.73395173624158,111.8824552744627,16,1563.811183,-397.33315825,90.6808
CP-SCALE-AU-L002__g1200,71,1,74.73395173624158,111.8824552744627,24,1636.828942,440.4318225,91.5841
CP-SCALE-AU-L002__g1200,71,1,74.73395173624158,111.8824552744627,30,1690.182767,568.95468375,91.4814
CP-SCALE-AU-L002__g1200,71,2,111.88856174051762,158.94267989695072,-10,0.0,-346.77358675,91.4479
CP-SCALE-AU-L002__g1200,71,2,111.88856174051762,158.94267989695072,-5,0.0,-196.5792125,91.5458
CP-SCALE-AU-L002__g1200,71,2,111.88856174051762,158.94267989695072,0,0.0,0.0,91.528
CP-SCALE-AU-L002__g1200,71,2,111.88856174051762,158.94267989695072,1,0.0,0.0,91.528
CP-SCALE-AU-L002__g1200,71,2,111.88856174051762,158.94267989695072,5,0.0,-1362.17141,87.9602
CP-SCALE-AU-L002__g1200,71,2,111.88856174051762,158.94267989695072,8,0.0,-977.406221,88.083
CP-SCALE-AU-L002__g1200,71,2,111.88856174051762,158.94267989695072,12,235.084656,-698.8817965,87.7485
CP-SCALE-AU-L002__g1200,71,2,111.88856174051762,158.94267989695072,16,310.687327,-419.71928475,87.9387
CP-SCALE-AU-L002__g1200,71,2,111.88856174051762,158.94267989695072,24,444.144447,112.917807,88.1624
CP-SCALE-AU-L002__g1200,71,2,111.88856174051762,158.94267989695072,30,504.939647,239.058712,88.3412
CP-SCALE-AU-L002__g1200,71,3,158.94885171949863,191.01450696215034,-10,-88.068851,-534.68327475,88.5992
CP-SCALE-AU-L002__g1200,71,3,158.94885171949863,191.01450696215034,-5,0.0,-333.7298285,88.8992
CP-SCALE-AU-L002__g1200,71,3,158.94885171949863,191.01450696215034,0,0.0,0.0,89.0538
CP-SCALE-AU-L002__g1200,71,3,158.94885171949863,191.01450696215034,1,0.0,0.0,89.0538
CP-SCALE-AU-L002__g1200,71,3,158.94885171949863,191.01450696215034,5,8.84814,-2407.19513525,89.6307
CP-SCALE-AU-L002__g1200,71,3,158.94885171949863,191.01450696215034,8,8.84814,-1941.574762,90.1404
CP-SCALE-AU-L002__g1200,71,3,158.94885171949863,191.01450696215034,12,76.113917,-1413.22976975,90.3881
CP-SCALE-AU-L002__g1200,71,3,158.94885171949863,191.01450696215034,16,76.113917,-854.0209505,90.3255
CP-SCALE-AU-L002__g1200,71,3,158.94885171949863,191.01450696215034,24,76.113917,-98.10425775,90.1883
CP-SCALE-AU-L002__g1200,71,3,158.94885171949863,191.01450696215034,30,76.113917,273.41839475,90.6731
CP-SCALE-AU-L002__g1200,71,4,191.02378902956843,232.04907097294927,-10,-3.206836,-946.30876025,90.3577
CP-SCALE-AU-L002__g1200,71,4,191.02378902956843,232.04907097294927,-5,-3.206836,-462.05929675,90.252
CP-SCALE-AU-L002__g1200,71,4,191.02378902956843,232.04907097294927,0,0.0,0.0,91.0129
CP-SCALE-AU-L002__g1200,71,4,191.02378902956843,232.04907097294927,1,0.0,0.0,91.0129
CP-SCALE-AU-L002__g1200,71,4,191.02378902956843,232.04907097294927,5,0.0,-1498.28209825,91.8476
CP-SCALE-AU-L002__g1200,71,4,191.02378902956843,232.04907097294927,8,0.0,-1124.823984,91.9881
CP-SCALE-AU-L002__g1200,71,4,191.02378902956843,232.04907097294927,12,0.0,-761.405969,92.0545
CP-SCALE-AU-L002__g1200,71,4,191.02378902956843,232.04907097294927,16,0.0,-659.897524,92.0545
CP-SCALE-AU-L002__g1200,71,4,191.02378902956843,232.04907097294927,24,0.0,-495.673016,92.0225
CP-SCALE-AU-L002__g1200,71,4,191.02378902956843,232.04907097294927,30,0.0,-320.86640375,91.9727
CP-SCALE-AU-L002__g1200,71,8,353.30762112140656,391.4316177777946,-10,0.0,0.0,0.0
CP-SCALE-AU-L002__g1200,71,8,353.30762112140656,391.4316177777946,-5,0.0,0.0,0.0
CP-SCALE-AU-L002__g1200,71,8,353.30762112140656,391.4316177777946,0,0.0,0.0,0.0
CP-SCALE-AU-L002__g1200,71,8,353.30762112140656,391.4316177777946,1,0.0,0.0,0.0
CP-SCALE-AU-L002__g1200,71,8,353.30762112140656,391.4316177777946,5,0.0,-2896.801945,87.1848
CP-SCALE-AU-L002__g1200,71,8,353.30762112140656,391.4316177777946,8,0.0,-2430.3143365,87.5174
CP-SCALE-AU-L002__g1200,71,8,353.30762112140656,391.4316177777946,12,0.0,-2124.62271475,88.3125
CP-SCALE-AU-L002__g1200,71,8,353.30762112140656,391.4316177777946,16,0.0,-1896.24625725,88.4748
CP-SCALE-AU-L002__g1200,71,8,353.30762112140656,391.4316177777946,24,4.429114,-1727.629449,88.4297
CP-SCALE-AU-L002__g1200,71,8,353.30762112140656,391.4316177777946,30,22.441644,-1573.29524825,88.7328
CP-SCALE-AU-L002__g1200,71,9,391.4374537728727,432.46545328199863,-10,0.0,-38.05329,88.6908
CP-SCALE-AU-L002__g1200,71,9,391.4374537728727,432.46545328199863,-5,0.0,-22.586082,88.6947
CP-SCALE-AU-L002__g1200,71,9,391.4374537728727,432.46545328199863,0,0.0,0.0,88.6184
CP-SCALE-AU-L002__g1200,71,9,391.4374537728727,432.46545328199863,1,0.0,0.0,88.6184
CP-SCALE-AU-L002__g1200,71,9,391.4374537728727,432.46545328199863,5,0.0,-1322.4160135,88.2413
CP-SCALE-AU-L002__g1200,71,9,391.4374537728727,432.46545328199863,8,0.0,-1052.210377,88.0911
CP-SCALE-AU-L002__g1200,71,9,391.4374537728727,432.46545328199863,12,0.0,-511.02757125,88.4112
CP-SCALE-AU-L002__g1200,71,9,391.4374537728727,432.46545328199863,16,0.0,-227.20248175,88.2271
CP-SCALE-AU-L002__g1200,71,9,391.4374537728727,432.46545328199863,24,3.560856,-62.1090085,88.443
CP-SCALE-AU-L002__g1200,71,9,391.4374537728727,432.46545328199863,30,36.944183,140.0299005,88.497
CP-SCALE-AU-L002__g1200,71,14,593.7774063646793,631.9026912115514,-10,0.0,0.0,0.0
CP-SCALE-AU-L002__g1200,71,14,593.7774063646793,631.9026912115514,-5,0.0,0.0,0.0
CP-SCALE-AU-L002__g1200,71,14,593.7774063646793,631.9026912115514,0,0.0,0.0,0.0
CP-SCALE-AU-L002__g1200,71,14,593.7774063646793,631.9026912115514,1,0.0,0.0,0.0
CP-SCALE-AU-L002__g1200,71,14,593.7774063646793,631.9026912115514,5,0.0,-2229.99846925,89.9353
CP-SCALE-AU-L002__g1200,71,14,593.7774063646793,631.9026912115514,8,0.0,-1832.31713725,89.8299
CP-SCALE-AU-L002__g1200,71,14,593.7774063646793,631.9026912115514,12,0.0,-1573.92658825,89.6528
CP-SCALE-AU-L002__g1200,71,14,593.7774063646793,631.9026912115514,16,0.0,-1496.05052875,89.9932
CP-SCALE-AU-L002__g1200,71,14,593.7774063646793,631.9026912115514,24,0.0,-1276.03996975,90.2669
CP-SCALE-AU-L002__g1200,71,14,593.7774063646793,631.9026912115514,30,0.0,-1204.78314975,90.3411
CP-SCALE-AU-L002__g1200,71,15,631.9090596288443,671.0567252635956,-10,0.0,-27.12193825,90.3411
CP-SCALE-AU-L002__g1200,71,15,631.9090596288443,671.0567252635956,-5,0.0,-3.474953,90.1927
CP-SCALE-AU-L002__g1200,71,15,631.9090596288443,671.0567252635956,0,0.0,0.0,90.2669
CP-SCALE-AU-L002__g1200,71,15,631.9090596288443,671.0567252635956,1,0.0,0.0,90.2669
CP-SCALE-AU-L002__g1200,71,15,631.9090596288443,671.0567252635956,5,0.0,-2019.1863065,87.8787
CP-SCALE-AU-L002__g1200,71,15,631.9090596288443,671.0567252635956,8,0.0,-1633.92965775,87.9735
CP-SCALE-AU-L002__g1200,71,15,631.9090596288443,671.0567252635956,12,0.0,-1096.8977745,87.3298
CP-SCALE-AU-L002__g1200,71,15,631.9090596288443,671.0567252635956,16,0.0,-888.55576325,87.5348
CP-SCALE-AU-L002__g1200,71,15,631.9090596288443,671.0567252635956,24,0.0,-530.87582875,87.5521
CP-SCALE-AU-L002__g1200,71,15,631.9090596288443,671.0567252635956,30,0.0,-338.311549,87.3214
CP-SCALE-AU-L002__g1200,71,16,671.1652262285352,713.1941475793719,-10,0.0,-105.0209265,87.3214
CP-SCALE-AU-L002__g1200,71,16,671.1652262285352,713.1941475793719,-5,0.0,-75.9415915,87.2429
CP-SCALE-AU-L002__g1200,71,16,671.1652262285352,713.1941475793719,0,0.0,0.0,87.4782
CP-SCALE-AU-L002__g1200,71,16,671.1652262285352,713.1941475793719,1,0.0,0.0,87.4782
CP-SCALE-AU-L002__g1200,71,16,671.1652262285352,713.1941475793719,5,0.0,-2381.56007475,87.8227
CP-SCALE-AU-L002__g1200,71,16,671.1652262285352,713.1941475793719,8,0.0,-2115.72347575,87.7137
CP-SCALE-AU-L002__g1200,71,16,671.1652262285352,713.1941475793719,12,0.0,-1388.313455,88.6662
CP-SCALE-AU-L002__g1200,71,16,671.1652262285352,713.1941475793719,16,0.0,-1134.70300575,88.2882
CP-SCALE-AU-L002__g1200,71,16,671.1652262285352,713.1941475793719,24,0.0,-675.20323375,88.1496
CP-SCALE-AU-L002__g1200,71,16,671.1652262285352,713.1941475793719,30,0.0,-620.80856775,88.3817
CP-SCALE-AU-L002__g1200,73,0,31.525096498429775,70.6455354578793,-10,-130.839172,-130.839172,0.0
CP-SCALE-AU-L002__g1200,73,0,31.525096498429775,70.6455354578793,-5,-66.009897,-66.009897,0.0
CP-SCALE-AU-L002__g1200,73,0,31.525096498429775,70.6455354578793,0,0.0,0.0,0.0
CP-SCALE-AU-L002__g1200,73,0,31.525096498429775,70.6455354578793,1,0.0,0.0,0.0
CP-SCALE-AU-L002__g1200,73,0,31.525096498429775,70.6455354578793,5,16.852388,-2000.24664925,86.5602
CP-SCALE-AU-L002__g1200,73,0,31.525096498429775,70.6455354578793,8,203.175893,-1244.687825,87.8978
CP-SCALE-AU-L002__g1200,73,0,31.525096498429775,70.6455354578793,12,1784.053975,-447.095185,90.0202
CP-SCALE-AU-L002__g1200,73,0,31.525096498429775,70.6455354578793,16,1863.154599,-160.420132,89.9159
CP-SCALE-AU-L002__g1200,73,0,31.525096498429775,70.6455354578793,24,3237.60079,1043.13275125,90.5071
CP-SCALE-AU-L002__g1200,73,0,31.525096498429775,70.6455354578793,30,4077.328658,1603.862715,91.0141
CP-SCALE-AU-L002__g1200,73,2,112.79322631657124,152.8137229643762,-10,-2.480875,-178.394833,92.9039
CP-SCALE-AU-L002__g1200,73,2,112.79322631657124,152.8137229643762,-5,-2.480875,-152.6526545,92.9039
CP-SCALE-AU-L002__g1200,73,2,112.79322631657124,152.8137229643762,0,0.0,0.0,92.7718
CP-SCALE-AU-L002__g1200,73,2,112.79322631657124,152.8137229643762,1,0.0,0.0,92.7718
CP-SCALE-AU-L002__g1200,73,2,112.79322631657124,152.8137229643762,5,16.536191,-1825.68594875,98.3465
CP-SCALE-AU-L002__g1200,73,2,112.79322631657124,152.8137229643762,8,16.536191,-1408.69640375,98.3681
CP-SCALE-AU-L002__g1200,73,2,112.79322631657124,152.8137229643762,12,67.907134,-766.0898895,98.4229
CP-SCALE-AU-L002__g1200,73,2,112.79322631657124,152.8137229643762,16,67.907134,-485.30047,98.3297
CP-SCALE-AU-L002__g1200,73,2,112.79322631657124,152.8137229643762,24,108.400274,-181.445599,98.3353
CP-SCALE-AU-L002__g1200,73,2,112.79322631657124,152.8137229643762,30,110.511486,-52.391083,98.3171
CP-SCALE-AU-L002__g1200,73,7,314.36383241042495,353.4983105286956,-10,-120.372713,-31.50368525,99.0177
CP-SCALE-AU-L002__g1200,73,7,314.36383241042495,353.4983105286956,-5,0.0,-1.410507,98.9925
CP-SCALE-AU-L002__g1200,73,7,314.36383241042495,353.4983105286956,0,0.0,0.0,98.992
CP-SCALE-AU-L002__g1200,73,7,314.36383241042495,353.4983105286956,1,0.0,0.0,98.992
CP-SCALE-AU-L002__g1200,73,7,314.36383241042495,353.4983105286956,5,0.0,-2563.3926525,99.714
CP-SCALE-AU-L002__g1200,73,7,314.36383241042495,353.4983105286956,8,0.0,-2066.73005525,99.7145
CP-SCALE-AU-L002__g1200,73,7,314.36383241042495,353.4983105286956,12,0.0,-1701.589192,99.7355
CP-SCALE-AU-L002__g1200,73,7,314.36383241042495,353.4983105286956,16,0.0,-1522.54000825,99.8372
CP-SCALE-AU-L002__g1200,73,7,314.36383241042495,353.4983105286956,24,0.0,-1311.63880675,99.8376
CP-SCALE-AU-L002__g1200,73,7,314.36383241042495,353.4983105286956,30,0.0,-1120.375277,99.8174
CP-SCALE-AU-L002__g1200,73,8,353.52347910031676,392.6664020307362,-10,0.0,-247.3452235,99.8174
CP-SCALE-AU-L002__g1200,73,8,353.52347910031676,392.6664020307362,-5,0.0,-107.98189875,99.8178
CP-SCALE-AU-L002__g1200,73,8,353.52347910031676,392.6664020307362,0,0.0,0.0,99.8179
CP-SCALE-AU-L002__g1200,73,8,353.52347910031676,392.6664020307362,1,0.0,0.0,99.8179
CP-SCALE-AU-L002__g1200,73,8,353.52347910031676,392.6664020307362,5,0.0,-2503.8036965,99.7118
CP-SCALE-AU-L002__g1200,73,8,353.52347910031676,392.6664020307362,8,0.0,-1713.6220025,99.7127
CP-SCALE-AU-L002__g1200,73,8,353.52347910031676,392.6664020307362,12,3.751282,-1331.18839075,99.6721
CP-SCALE-AU-L002__g1200,73,8,353.52347910031676,392.6664020307362,16,3.751282,-954.9701495,99.5907
CP-SCALE-AU-L002__g1200,73,8,353.52347910031676,392.6664020307362,24,3.751282,-666.30582025,99.592
CP-SCALE-AU-L002__g1200,73,8,353.52347910031676,392.6664020307362,30,3.751282,-460.493798,99.5723
CP-SCALE-AU-L002__g1200,73,9,392.67181012406945,430.8028668165207,-10,-91.625593,-509.74155625,99.5723
CP-SCALE-AU-L002__g1200,73,9,392.67181012406945,430.8028668165207,-5,0.0,-262.233119,99.6738
CP-SCALE-AU-L002__g1200,73,9,392.67181012406945,430.8028668165207,0,0.0,0.0,99.6746
CP-SCALE-AU-L002__g1200,73,9,392.67181012406945,430.8028668165207,1,0.0,0.0,99.6746
CP-SCALE-AU-L002__g1200,73,9,392.67181012406945,430.8028668165207,5,0.0,-2221.213317,99.775
CP-SCALE-AU-L002__g1200,73,9,392.67181012406945,430.8028668165207,8,0.0,-1616.8612035,99.7756
CP-SCALE-AU-L002__g1200,73,9,392.67181012406945,430.8028668165207,12,0.0,-1212.5727565,99.8175
CP-SCALE-AU-L002__g1200,73,9,392.67181012406945,430.8028668165207,16,0.0,-990.0451695,99.8173
CP-SCALE-AU-L002__g1200,73,9,392.67181012406945,430.8028668165207,24,0.0,-752.90017125,99.8174
CP-SCALE-AU-L002__g1200,73,9,392.67181012406945,430.8028668165207,30,296.186496,-478.74330575,99.8377
CP-SCALE-AU-L002__g1200,73,11,474.97111060097814,512.1033106930554,-10,-36.456973,-28.4987535,99.8176
CP-SCALE-AU-L002__g1200,73,11,474.97111060097814,512.1033106930554,-5,0.0,-12.74861375,99.8174
CP-SCALE-AU-L002__g1200,73,11,474.97111060097814,512.1033106930554,0,0.0,0.0,99.8174
CP-SCALE-AU-L002__g1200,73,11,474.97111060097814,512.1033106930554,1,0.0,0.0,99.8174
CP-SCALE-AU-L002__g1200,73,11,474.97111060097814,512.1033106930554,5,0.0,-1890.37609225,99.775
CP-SCALE-AU-L002__g1200,73,11,474.97111060097814,512.1033106930554,8,0.0,-1356.94283975,99.7952
CP-SCALE-AU-L002__g1200,73,11,474.97111060097814,512.1033106930554,12,14.124288,-1185.89313125,99.7956
CP-SCALE-AU-L002__g1200,73,11,474.97111060097814,512.1033106930554,16,14.124288,-799.74931575,99.7963
CP-SCALE-AU-L002__g1200,73,11,474.97111060097814,512.1033106930554,24,14.124288,-339.822491,99.796
CP-SCALE-AU-L002__g1200,73,11,474.97111060097814,512.1033106930554,30,14.124288,-195.73383325,99.7962
CP-SCALE-AU-L002__g1200,73,13,552.254126496613,589.49362770468,-10,0.0,-138.572592,99.8184
CP-SCALE-AU-L002__g1200,73,13,552.254126496613,589.49362770468,-5,0.0,-9.2039815,99.8186
CP-SCALE-AU-L002__g1200,73,13,552.254126496613,589.49362770468,0,0.0,0.0,99.8185
CP-SCALE-AU-L002__g1200,73,13,552.254126496613,589.49362770468,1,0.0,0.0,99.8185
CP-SCALE-AU-L002__g1200,73,13,552.254126496613,589.49362770468,5,0.0,-1382.00106925,99.899
CP-SCALE-AU-L002__g1200,73,13,552.254126496613,589.49362770468,8,0.0,-698.28283975,99.8994
CP-SCALE-AU-L002__g1200,73,13,552.254126496613,589.49362770468,12,42.65574,-534.5147385,99.8994
CP-SCALE-AU-L002__g1200,73,13,552.254126496613,589.49362770468,16,251.699293,-230.7313785,99.8996
CP-SCALE-AU-L002__g1200,73,13,552.254126496613,589.49362770468,24,254.187712,-114.120109,99.8593
CP-SCALE-AU-L002__g1200,73,13,552.254126496613,589.49362770468,30,263.541189,-2.97231675,99.8596
CP-SCALE-AU-L002__g1200,73,15,631.7197279892862,674.7674508318305,-10,0.0,-12.41469225,99.8598
CP-SCALE-AU-L002__g1200,73,15,631.7197279892862,674.7674508318305,-5,0.0,-9.470986,99.8597
CP-SCALE-AU-L002__g1200,73,15,631.7197279892862,674.7674508318305,0,0.0,0.0,99.8597
CP-SCALE-AU-L002__g1200,73,15,631.7197279892862,674.7674508318305,1,0.0,0.0,99.8597
CP-SCALE-AU-L002__g1200,73,15,631.7197279892862,674.7674508318305,5,0.0,-2915.75004725,99.7552
CP-SCALE-AU-L002__g1200,73,15,631.7197279892862,674.7674508318305,8,0.0,-2599.066331,99.7556
CP-SCALE-AU-L002__g1200,73,15,631.7197279892862,674.7674508318305,12,0.0,-2339.6109305,99.8371
CP-SCALE-AU-L002__g1200,73,15,631.7197279892862,674.7674508318305,16,0.0,-1921.914427,99.8375
CP-SCALE-AU-L002__g1200,73,15,631.7197279892862,674.7674508318305,24,15.18617,-1628.70992375,99.8382
CP-SCALE-AU-L002__g1200,73,15,631.7197279892862,674.7674508318305,30,15.18617,-1540.62251825,99.8179
CP-SCALE-AU-L002__g1200,73,17,712.9163309410214,752.0678857080638,-10,0.0,-185.3853705,99.8787
CP-SCALE-AU-L002__g1200,73,17,712.9163309410214,752.0678857080638,-5,0.0,-31.5077845,99.8788
CP-SCALE-AU-L002__g1200,73,17,712.9163309410214,752.0678857080638,0,0.0,0.0,99.8788
CP-SCALE-AU-L002__g1200,73,17,712.9163309410214,752.0678857080638,1,0.0,0.0,99.8788
CP-SCALE-AU-L002__g1200,73,17,712.9163309410214,752.0678857080638,5,0.0,-2077.423883,99.7752
CP-SCALE-AU-L002__g1200,73,17,712.9163309410214,752.0678857080638,8,0.0,-1662.49641125,99.7767
CP-SCALE-AU-L002__g1200,73,17,712.9163309410214,752.0678857080638,12,0.0,-1418.53745075,99.7766
CP-SCALE-AU-L002__g1200,73,17,712.9163309410214,752.0678857080638,16,0.0,-1131.10225075,99.7763
CP-SCALE-AU-L002__g1200,73,17,712.9163309410214,752.0678857080638,24,0.0,-791.10420525,99.7769
CP-SCALE-AU-L002__g1200,73,17,712.9163309410214,752.0678857080638,30,0.0,-654.43351225,99.7771
CP-SCALE-AU-L002__g1200,73,18,752.0736375972629,790.2286949306726,-10,0.0,-421.6168605,99.7771
CP-SCALE-AU-L002__g1200,73,18,752.0736375972629,790.2286949306726,-5,0.0,-341.54314475,99.7771
CP-SCALE-AU-L002__g1200,73,18,752.0736375972629,790.2286949306726,0,0.0,0.0,99.8182
CP-SCALE-AU-L002__g1200,73,18,752.0736375972629,790.2286949306726,1,0.0,0.0,99.8182
CP-SCALE-AU-L002__g1200,73,18,752.0736375972629,790.2286949306726,5,0.0,-1246.28249875,99.8556
CP-SCALE-AU-L002__g1200,73,18,752.0736375972629,790.2286949306726,8,0.0,-842.44415225,99.8562
CP-SCALE-AU-L002__g1200,73,18,752.0736375972629,790.2286949306726,12,0.0,-714.4978515,99.8562
CP-SCALE-AU-L002__g1200,73,18,752.0736375972629,790.2286949306726,16,0.0,-446.193717,99.8568
CP-SCALE-AU-L002__g1200,73,18,752.0736375972629,790.2286949306726,24,0.0,-128.663298,99.877
CP-SCALE-AU-L002__g1200,73,18,752.0736375972629,790.2286949306726,30,0.0,51.8552765,99.8767
CP-SCALE-AU-L002__g1200,73,20,831.2988933585584,900.0058475732803,-10,0.0,0.0,0.0
CP-SCALE-AU-L002__g1200,73,20,831.2988933585584,900.0058475732803,-5,0.0,0.0,0.0
CP-SCALE-AU-L002__g1200,73,20,831.2988933585584,900.0058475732803,0,0.0,0.0,0.0
CP-SCALE-AU-L002__g1200,73,20,831.2988933585584,900.0058475732803,1,0.0,0.0,0.0
CP-SCALE-AU-L002__g1200,73,20,831.2988933585584,900.0058475732803,5,0.0,-3417.45626275,91.0104
CP-SCALE-AU-L002__g1200,73,20,831.2988933585584,900.0058475732803,8,0.0,-2923.93781525,91.3189
CP-SCALE-AU-L002__g1200,73,20,831.2988933585584,900.0058475732803,12,0.0,-2170.58198325,91.7418
CP-SCALE-AU-L002__g1200,73,20,831.2988933585584,900.0058475732803,16,0.0,-1947.40220875,91.3816
CP-SCALE-AU-L002__g1200,73,20,831.2988933585584,900.0058475732803,24,0.0,-1391.81569625,91.8612
CP-SCALE-AU-L002__g1200,73,20,831.2988933585584,900.0058475732803,30,0.0,-1304.1527975,91.8278
CP-SCALE-AU-L002__g1200,79,0,34.50141878053546,73.6160532310605,-10,-1.323135,-1.323135,0.0
CP-SCALE-AU-L002__g1200,79,0,34.50141878053546,73.6160532310605,-5,-1.323135,-1.323135,0.0
CP-SCALE-AU-L002__g1200,79,0,34.50141878053546,73.6160532310605,0,0.0,0.0,0.0
CP-SCALE-AU-L002__g1200,79,0,34.50141878053546,73.6160532310605,1,0.0,0.0,0.0
CP-SCALE-AU-L002__g1200,79,0,34.50141878053546,73.6160532310605,5,0.0,-915.62878025,85.9879
CP-SCALE-AU-L002__g1200,79,0,34.50141878053546,73.6160532310605,8,464.642055,-297.71324425,86.6573
CP-SCALE-AU-L002__g1200,79,0,34.50141878053546,73.6160532310605,12,696.876685,-5.45522725,86.8029
CP-SCALE-AU-L002__g1200,79,0,34.50141878053546,73.6160532310605,16,842.048041,269.28925175,86.8683
CP-SCALE-AU-L002__g1200,79,0,34.50141878053546,73.6160532310605,24,1567.585751,1096.29460025,87.2116
CP-SCALE-AU-L002__g1200,79,0,34.50141878053546,73.6160532310605,30,2103.448229,1481.78058025,87.738
CP-SCALE-AU-L002__g1200,79,2,112.73969297856092,150.85141054168344,-10,0.0,-257.43624475,88.6621
CP-SCALE-AU-L002__g1200,79,2,112.73969297856092,150.85141054168344,-5,0.0,-155.30062725,88.7712
CP-SCALE-AU-L002__g1200,79,2,112.73969297856092,150.85141054168344,0,0.0,0.0,88.8214
CP-SCALE-AU-L002__g1200,79,2,112.73969297856092,150.85141054168344,1,0.0,0.0,88.8214
CP-SCALE-AU-L002__g1200,79,2,112.73969297856092,150.85141054168344,5,0.0,-1994.55493625,97.329
CP-SCALE-AU-L002__g1200,79,2,112.73969297856092,150.85141054168344,8,0.0,-1546.21065775,97.3533
CP-SCALE-AU-L002__g1200,79,2,112.73969297856092,150.85141054168344,12,61.589184,-974.64261625,97.57
CP-SCALE-AU-L002__g1200,79,2,112.73969297856092,150.85141054168344,16,84.934689,-666.05298975,97.6078
CP-SCALE-AU-L002__g1200,79,2,112.73969297856092,150.85141054168344,24,108.725342,-155.13110875,97.9373
CP-SCALE-AU-L002__g1200,79,2,112.73969297856092,150.85141054168344,30,213.058852,61.4637975,98.0135
CP-SCALE-AU-L002__g1200,79,3,150.85644656047225,192.88253895565867,-10,-488.457166,-223.624995,98.0135
CP-SCALE-AU-L002__g1200,79,3,150.85644656047225,192.88253895565867,-5,-34.320624,-72.11719175,98.0145
CP-SCALE-AU-L002__g1200,79,3,150.85644656047225,192.88253895565867,0,0.0,0.0,98.05
CP-SCALE-AU-L002__g1200,79,3,150.85644656047225,192.88253895565867,1,0.0,0.0,98.05
CP-SCALE-AU-L002__g1200,79,3,150.85644656047225,192.88253895565867,5,6.756214,-2256.630283,96.0479
CP-SCALE-AU-L002__g1200,79,3,150.85644656047225,192.88253895565867,8,6.756214,-1749.312241,96.5952
CP-SCALE-AU-L002__g1200,79,3,150.85644656047225,192.88253895565867,12,6.756214,-1282.62836525,96.4969
CP-SCALE-AU-L002__g1200,79,3,150.85644656047225,192.88253895565867,16,35.614545,-1055.73658025,96.5889
CP-SCALE-AU-L002__g1200,79,3,150.85644656047225,192.88253895565867,24,138.263101,-897.6705135,96.6741
CP-SCALE-AU-L002__g1200,79,3,150.85644656047225,192.88253895565867,30,187.345728,-760.8106985,96.7
CP-SCALE-AU-L002__g1200,79,10,432.55685451999307,472.57286217063665,-10,0.0,-30.72328625,13.253
CP-SCALE-AU-L002__g1200,79,10,432.55685451999307,472.57286217063665,-5,0.0,-5.537108,13.7299
CP-SCALE-AU-L002__g1200,79,10,432.55685451999307,472.57286217063665,0,0.0,0.0,13.7299
CP-SCALE-AU-L002__g1200,79,10,432.55685451999307,472.57286217063665,1,0.0,0.0,13.7299
CP-SCALE-AU-L002__g1200,79,10,432.55685451999307,472.57286217063665,5,0.0,-3286.316394,88.2592
CP-SCALE-AU-L002__g1200,79,10,432.55685451999307,472.57286217063665,8,0.0,-2569.3369965,88.5733
CP-SCALE-AU-L002__g1200,79,10,432.55685451999307,472.57286217063665,12,323.804406,545.48206775,0.0
CP-SCALE-AU-L002__g1200,79,10,432.55685451999307,472.57286217063665,16,323.804406,545.48206775,0.0
CP-SCALE-AU-L002__g1200,79,10,432.55685451999307,472.57286217063665,24,323.804406,545.48206775,0.0
CP-SCALE-AU-L002__g1200,79,10,432.55685451999307,472.57286217063665,30,323.804406,545.48206775,0.0
CP-SCALE-AU-L002__g1200,79,11,472.57931922003627,511.7030275799334,-10,0.0,0.0,0.0
CP-SCALE-AU-L002__g1200,79,11,472.57931922003627,511.7030275799334,-5,0.0,0.0,0.0
CP-SCALE-AU-L002__g1200,79,11,472.57931922003627,511.7030275799334,0,0.0,0.0,0.0
CP-SCALE-AU-L002__g1200,79,11,472.57931922003627,511.7030275799334,1,0.0,0.0,0.0
CP-SCALE-AU-L002__g1200,79,11,472.57931922003627,511.7030275799334,5,0.0,-3159.9487185,88.6622
CP-SCALE-AU-L002__g1200,79,11,472.57931922003627,511.7030275799334,8,0.0,-2748.292123,88.4429
CP-SCALE-AU-L002__g1200,79,11,472.57931922003627,511.7030275799334,12,0.0,0.0,0.0
CP-SCALE-AU-L002__g1200,79,11,472.57931922003627,511.7030275799334,16,0.0,0.0,0.0
CP-SCALE-AU-L002__g1200,79,11,472.57931922003627,511.7030275799334,24,0.0,0.0,0.0
CP-SCALE-AU-L002__g1200,79,11,472.57931922003627,511.7030275799334,30,0.0,0.0,0.0
CP-SCALE-AU-L002__g1200,79,12,511.70957577228546,551.0018537081778,-10,0.0,0.0,0.0
CP-SCALE-AU-L002__g1200,79,12,511.70957577228546,551.0018537081778,-5,0.0,0.0,0.0
CP-SCALE-AU-L002__g1200,79,12,511.70957577228546,551.0018537081778,0,0.0,0.0,0.0
CP-SCALE-AU-L002__g1200,79,12,511.70957577228546,551.0018537081778,1,0.0,0.0,0.0
CP-SCALE-AU-L002__g1200,79,12,511.70957577228546,551.0018537081778,5,0.0,-3098.3599345,89.3237
CP-SCALE-AU-L002__g1200,79,12,511.70957577228546,551.0018537081778,8,0.0,-2590.6392235,89.3726
CP-SCALE-AU-L002__g1200,79,12,511.70957577228546,551.0018537081778,12,0.0,-2053.0617385,89.3908
CP-SCALE-AU-L002__g1200,79,12,511.70957577228546,551.0018537081778,16,0.0,-1933.26061125,89.3566
CP-SCALE-AU-L002__g1200,79,12,511.70957577228546,551.0018537081778,24,185.817037,-1667.446674,89.1549
CP-SCALE-AU-L002__g1200,79,12,511.70957577228546,551.0018537081778,30,278.626311,-1508.06302375,89.1393
CP-SCALE-AU-L002__g1200,79,13,551.0091009885073,592.0346390791237,-10,-94.598552,-91.61282875,89.1393
CP-SCALE-AU-L002__g1200,79,13,551.0091009885073,592.0346390791237,-5,0.0,-2.7985255,89.1734
CP-SCALE-AU-L002__g1200,79,13,551.0091009885073,592.0346390791237,0,0.0,0.0,89.2564
CP-SCALE-AU-L002__g1200,79,13,551.0091009885073,592.0346390791237,1,0.0,0.0,89.2564
CP-SCALE-AU-L002__g1200,79,13,551.0091009885073,592.0346390791237,5,0.0,-1934.2012705,87.5782
CP-SCALE-AU-L002__g1200,79,13,551.0091009885073,592.0346390791237,8,0.0,-1406.5762985,88.2129
CP-SCALE-AU-L002__g1200,79,13,551.0091009885073,592.0346390791237,12,0.0,-822.67800275,88.3993
CP-SCALE-AU-L002__g1200,79,13,551.0091009885073,592.0346390791237,16,0.0,-472.432941,87.8672
CP-SCALE-AU-L002__g1200,79,13,551.0091009885073,592.0346390791237,24,0.0,-220.8067035,87.0911
CP-SCALE-AU-L002__g1200,79,13,551.0091009885073,592.0346390791237,30,0.0,-162.986807,87.2088
CP-SCALE-AU-L002__g1200,79,20,833.6328862123191,900.0023219697177,-10,0.0,0.0,0.0
CP-SCALE-AU-L002__g1200,79,20,833.6328862123191,900.0023219697177,-5,0.0,0.0,0.0
CP-SCALE-AU-L002__g1200,79,20,833.6328862123191,900.0023219697177,0,0.0,0.0,0.0
CP-SCALE-AU-L002__g1200,79,20,833.6328862123191,900.0023219697177,1,0.0,0.0,0.0
CP-SCALE-AU-L002__g1200,79,20,833.6328862123191,900.0023219697177,5,0.0,-3730.40623025,89.5854
CP-SCALE-AU-L002__g1200,79,20,833.6328862123191,900.0023219697177,8,0.0,-2979.6750275,89.6822
CP-SCALE-AU-L002__g1200,79,20,833.6328862123191,900.0023219697177,12,0.0,-2440.16086225,89.2086
CP-SCALE-AU-L002__g1200,79,20,833.6328862123191,900.0023219697177,16,0.0,-2244.3097805,89.515
CP-SCALE-AU-L002__g1200,79,20,833.6328862123191,900.0023219697177,24,0.0,-1932.1350225,90.0169
CP-SCALE-AU-L002__g1200,79,20,833.6328862123191,900.0023219697177,30,0.0,-1814.987163,90.3182
CP-SCALE-AU-L002__g1200,83,0,33.3470306918025,71.46761887148023,-10,-789.499075,-789.499075,0.0
CP-SCALE-AU-L002__g1200,83,0,33.3470306918025,71.46761887148023,-5,-22.221872,-22.221872,0.0
CP-SCALE-AU-L002__g1200,83,0,33.3470306918025,71.46761887148023,0,0.0,0.0,0.0
CP-SCALE-AU-L002__g1200,83,0,33.3470306918025,71.46761887148023,1,0.0,0.0,0.0
CP-SCALE-AU-L002__g1200,83,0,33.3470306918025,71.46761887148023,5,105.83848,-238.47409075,88.3044
CP-SCALE-AU-L002__g1200,83,0,33.3470306918025,71.46761887148023,8,375.128064,141.8509025,87.9417
CP-SCALE-AU-L002__g1200,83,0,33.3470306918025,71.46761887148023,12,2281.726355,710.45087175,87.6603
CP-SCALE-AU-L002__g1200,83,0,33.3470306918025,71.46761887148023,16,2965.673837,930.508852,87.2872
CP-SCALE-AU-L002__g1200,83,0,33.3470306918025,71.46761887148023,24,3828.893435,1420.7843015,88.3174
CP-SCALE-AU-L002__g1200,83,0,33.3470306918025,71.46761887148023,30,4164.14536,1811.23529375,88.582
CP-SCALE-AU-L002__g1200,83,2,111.5820740237832,152.60472720116377,-10,-190.944424,-295.74684625,89.9804
CP-SCALE-AU-L002__g1200,83,2,111.5820740237832,152.60472720116377,-5,-190.944424,-182.32629675,90.0486
CP-SCALE-AU-L002__g1200,83,2,111.5820740237832,152.60472720116377,0,0.0,0.0,90.3339
CP-SCALE-AU-L002__g1200,83,2,111.5820740237832,152.60472720116377,1,0.0,0.0,90.3339
CP-SCALE-AU-L002__g1200,83,2,111.5820740237832,152.60472720116377,5,28.487926,-1240.40179325,97.9561
CP-SCALE-AU-L002__g1200,83,2,111.5820740237832,152.60472720116377,8,28.487926,-228.88135725,98.0721
CP-SCALE-AU-L002__g1200,83,2,111.5820740237832,152.60472720116377,12,410.701429,452.17825,98.387
CP-SCALE-AU-L002__g1200,83,2,111.5820740237832,152.60472720116377,16,497.755612,802.0761185,98.339
CP-SCALE-AU-L002__g1200,83,2,111.5820740237832,152.60472720116377,24,596.179244,970.19561525,98.3941
CP-SCALE-AU-L002__g1200,83,2,111.5820740237832,152.60472720116377,30,656.491278,1076.040793,98.5186
CP-SCALE-AU-L002__g1200,83,3,152.60977822169662,192.62540579214692,-10,-315.773742,-132.66516225,98.5186
CP-SCALE-AU-L002__g1200,83,3,152.60977822169662,192.62540579214692,-5,-165.256103,-87.0218675,98.5219
CP-SCALE-AU-L002__g1200,83,3,152.60977822169662,192.62540579214692,0,0.0,0.0,98.473
CP-SCALE-AU-L002__g1200,83,3,152.60977822169662,192.62540579214692,1,0.0,0.0,98.473
CP-SCALE-AU-L002__g1200,83,3,152.60977822169662,192.62540579214692,5,11.272016,-2067.37465125,98.0397
CP-SCALE-AU-L002__g1200,83,3,152.60977822169662,192.62540579214692,8,11.272016,-1698.446786,98.0654
CP-SCALE-AU-L002__g1200,83,3,152.60977822169662,192.62540579214692,12,11.272016,-1302.56548625,97.993
CP-SCALE-AU-L002__g1200,83,3,152.60977822169662,192.62540579214692,16,18.484332,-863.58478975,97.9017
CP-SCALE-AU-L002__g1200,83,3,152.60977822169662,192.62540579214692,24,70.326267,-127.50873475,97.8518
CP-SCALE-AU-L002__g1200,83,3,152.60977822169662,192.62540579214692,30,93.172181,36.36844125,97.8843
CP-SCALE-AU-L002__g1200,83,4,192.6303742043674,236.6681879349053,-10,0.0,-268.21999,97.8843
CP-SCALE-AU-L002__g1200,83,4,192.6303742043674,236.6681879349053,-5,0.0,-156.3301545,97.8911
CP-SCALE-AU-L002__g1200,83,4,192.6303742043674,236.6681879349053,0,0.0,0.0,97.9024
CP-SCALE-AU-L002__g1200,83,4,192.6303742043674,236.6681879349053,1,0.0,0.0,97.9024
CP-SCALE-AU-L002__g1200,83,4,192.6303742043674,236.6681879349053,5,0.0,-2328.4138735,97.6772
CP-SCALE-AU-L002__g1200,83,4,192.6303742043674,236.6681879349053,8,0.0,-1770.1342175,97.7067
CP-SCALE-AU-L002__g1200,83,4,192.6303742043674,236.6681879349053,12,0.0,-1316.00241225,97.7212
CP-SCALE-AU-L002__g1200,83,4,192.6303742043674,236.6681879349053,16,0.0,-798.560891,97.8045
CP-SCALE-AU-L002__g1200,83,4,192.6303742043674,236.6681879349053,24,0.0,-607.9511655,97.7606
CP-SCALE-AU-L002__g1200,83,4,192.6303742043674,236.6681879349053,30,0.0,-494.71945375,97.8151
CP-SCALE-AU-L002__g1200,83,5,236.67351401597261,272.791260689497,-10,-3.767122,-358.143844,97.826
CP-SCALE-AU-L002__g1200,83,5,236.67351401597261,272.791260689497,-5,-3.767122,-82.45140675,97.9012
CP-SCALE-AU-L002__g1200,83,5,236.67351401597261,272.791260689497,0,0.0,0.0,97.8208
CP-SCALE-AU-L002__g1200,83,5,236.67351401597261,272.791260689497,1,0.0,0.0,97.8208
CP-SCALE-AU-L002__g1200,83,5,236.67351401597261,272.791260689497,5,0.0,-1434.355712,97.7955
CP-SCALE-AU-L002__g1200,83,5,236.67351401597261,272.791260689497,8,0.0,-813.487006,97.6399
CP-SCALE-AU-L002__g1200,83,5,236.67351401597261,272.791260689497,12,324.274243,3075.79798925,0.0
CP-SCALE-AU-L002__g1200,83,5,236.67351401597261,272.791260689497,16,324.274243,3075.79798925,0.0
CP-SCALE-AU-L002__g1200,83,5,236.67351401597261,272.791260689497,24,441.701994,3193.22574025,0.0
CP-SCALE-AU-L002__g1200,83,5,236.67351401597261,272.791260689497,30,441.701994,3193.22574025,0.0
CP-SCALE-AU-L002__g1200,83,6,272.7976137548685,312.8152724839747,-10,0.0,0.0,0.0
CP-SCALE-AU-L002__g1200,83,6,272.7976137548685,312.8152724839747,-5,0.0,0.0,0.0
CP-SCALE-AU-L002__g1200,83,6,272.7976137548685,312.8152724839747,0,0.0,0.0,0.0
CP-SCALE-AU-L002__g1200,83,6,272.7976137548685,312.8152724839747,1,0.0,0.0,0.0
CP-SCALE-AU-L002__g1200,83,6,272.7976137548685,312.8152724839747,5,0.0,-2741.391697,85.5571
CP-SCALE-AU-L002__g1200,83,6,272.7976137548685,312.8152724839747,8,147.511859,-2269.0490615,85.8353
CP-SCALE-AU-L002__g1200,83,6,272.7976137548685,312.8152724839747,12,258.161994,258.161994,0.0
CP-SCALE-AU-L002__g1200,83,6,272.7976137548685,312.8152724839747,16,258.161994,258.161994,0.0
CP-SCALE-AU-L002__g1200,83,6,272.7976137548685,312.8152724839747,24,258.161994,258.161994,0.0
CP-SCALE-AU-L002__g1200,83,6,272.7976137548685,312.8152724839747,30,258.161994,258.161994,0.0
CP-SCALE-AU-L002__g1200,83,7,312.821623403579,355.8527364246547,-10,0.0,0.0,0.0
CP-SCALE-AU-L002__g1200,83,7,312.821623403579,355.8527364246547,-5,0.0,0.0,0.0
CP-SCALE-AU-L002__g1200,83,7,312.821623403579,355.8527364246547,0,0.0,0.0,0.0
CP-SCALE-AU-L002__g1200,83,7,312.821623403579,355.8527364246547,1,0.0,0.0,0.0
CP-SCALE-AU-L002__g1200,83,7,312.821623403579,355.8527364246547,5,38.320779,-2939.1038785,90.0511
CP-SCALE-AU-L002__g1200,83,7,312.821623403579,355.8527364246547,8,38.320779,-2101.0834565,90.8631
CP-SCALE-AU-L002__g1200,83,7,312.821623403579,355.8527364246547,12,38.320779,38.320779,0.0
CP-SCALE-AU-L002__g1200,83,7,312.821623403579,355.8527364246547,16,38.320779,38.320779,0.0
CP-SCALE-AU-L002__g1200,83,7,312.821623403579,355.8527364246547,24,38.320779,38.320779,0.0
CP-SCALE-AU-L002__g1200,83,7,312.821623403579,355.8527364246547,30,38.320779,38.320779,0.0
CP-SCALE-AU-L002__g1200,83,8,355.85875434055924,391.9809324219823,-10,0.0,0.0,0.0
CP-SCALE-AU-L002__g1200,83,8,355.85875434055924,391.9809324219823,-5,0.0,0.0,0.0
CP-SCALE-AU-L002__g1200,83,8,355.85875434055924,391.9809324219823,0,0.0,0.0,0.0
CP-SCALE-AU-L002__g1200,83,8,355.85875434055924,391.9809324219823,1,0.0,0.0,0.0
CP-SCALE-AU-L002__g1200,83,8,355.85875434055924,391.9809324219823,5,0.0,-2533.82829675,88.7663
CP-SCALE-AU-L002__g1200,83,8,355.85875434055924,391.9809324219823,8,0.0,-2021.26328625,89.2355
CP-SCALE-AU-L002__g1200,83,8,355.85875434055924,391.9809324219823,12,0.0,0.0,0.0
CP-SCALE-AU-L002__g1200,83,8,355.85875434055924,391.9809324219823,16,0.0,0.0,0.0
CP-SCALE-AU-L002__g1200,83,8,355.85875434055924,391.9809324219823,24,0.0,0.0,0.0
CP-SCALE-AU-L002__g1200,83,8,355.85875434055924,391.9809324219823,30,0.0,0.0,0.0
CP-SCALE-AU-L002__g1200,83,18,752.237985368818,793.2570245079696,-10,0.0,-78.2145475,18.8365
CP-SCALE-AU-L002__g1200,83,18,752.237985368818,793.2570245079696,-5,0.0,-36.739024,18.7915
CP-SCALE-AU-L002__g1200,83,18,752.237985368818,793.2570245079696,0,0.0,0.0,20.033
CP-SCALE-AU-L002__g1200,83,18,752.237985368818,793.2570245079696,1,0.0,0.0,20.033
CP-SCALE-AU-L002__g1200,83,18,752.237985368818,793.2570245079696,5,103.222649,-2963.2505235,90.4037
CP-SCALE-AU-L002__g1200,83,18,752.237985368818,793.2570245079696,8,103.222649,-2561.4613585,90.1193
CP-SCALE-AU-L002__g1200,83,18,752.237985368818,793.2570245079696,12,103.222649,-2169.08776975,90.0198
CP-SCALE-AU-L002__g1200,83,18,752.237985368818,793.2570245079696,16,103.222649,-1824.59876375,90.3833
CP-SCALE-AU-L002__g1200,83,18,752.237985368818,793.2570245079696,24,110.73048,-1441.34634125,90.6877
CP-SCALE-AU-L002__g1200,83,18,752.237985368818,793.2570245079696,30,110.73048,-1265.67063875,90.5672
CP-SCALE-AU-L002__g1200,83,20,833.39892411232,900.0041282996535,-10,0.0,-12.91650475,90.5951
CP-SCALE-AU-L002__g1200,83,20,833.39892411232,900.0041282996535,-5,0.0,-6.97122025,90.5263
CP-SCALE-AU-L002__g1200,83,20,833.39892411232,900.0041282996535,0,0.0,0.0,90.5231
CP-SCALE-AU-L002__g1200,83,20,833.39892411232,900.0041282996535,1,0.0,0.0,90.5231
CP-SCALE-AU-L002__g1200,83,20,833.39892411232,900.0041282996535,5,0.0,-1816.230057,89.2405
CP-SCALE-AU-L002__g1200,83,20,833.39892411232,900.0041282996535,8,0.0,-1436.37136925,89.2261
CP-SCALE-AU-L002__g1200,83,20,833.39892411232,900.0041282996535,12,0.0,-1076.8777555,89.8742
CP-SCALE-AU-L002__g1200,83,20,833.39892411232,900.0041282996535,16,0.0,-888.90261825,90.0627
CP-SCALE-AU-L002__g1200,83,20,833.39892411232,900.0041282996535,24,0.0,-724.70488825,90.2599
CP-SCALE-AU-L002__g1200,83,20,833.39892411232,900.0041282996535,30,0.0,-712.4996695,90.1185
CP-SCALE-AU-L002__g1800,67,0,32.80831439420581,73.82820346951485,-10,-1694.952387,-1694.952387,0.0
CP-SCALE-AU-L002__g1800,67,0,32.80831439420581,73.82820346951485,-5,-901.282435,-901.282435,0.0
CP-SCALE-AU-L002__g1800,67,0,32.80831439420581,73.82820346951485,0,0.0,0.0,0.0
CP-SCALE-AU-L002__g1800,67,0,32.80831439420581,73.82820346951485,1,0.0,0.0,0.0
CP-SCALE-AU-L002__g1800,67,0,32.80831439420581,73.82820346951485,5,0.0,-1843.1492735,91.2078
CP-SCALE-AU-L002__g1800,67,0,32.80831439420581,73.82820346951485,8,0.0,-1670.6774865,91.1634
CP-SCALE-AU-L002__g1800,67,0,32.80831439420581,73.82820346951485,12,125.882387,-1198.64243225,90.3683
CP-SCALE-AU-L002__g1800,67,0,32.80831439420581,73.82820346951485,16,132.19615,-1092.23861275,90.6966
CP-SCALE-AU-L002__g1800,67,0,32.80831439420581,73.82820346951485,24,150.683218,-904.58986525,90.9209
CP-SCALE-AU-L002__g1800,67,0,32.80831439420581,73.82820346951485,30,540.823453,-607.757802,91.1273
CP-SCALE-AU-L002__g1800,67,1,73.83316342905164,111.95369835197926,-10,-83.459681,-158.217544,91.1273
CP-SCALE-AU-L002__g1800,67,1,73.83316342905164,111.95369835197926,-5,-15.382315,-97.13133925,91.1462
CP-SCALE-AU-L002__g1800,67,1,73.83316342905164,111.95369835197926,0,0.0,0.0,91.2877
CP-SCALE-AU-L002__g1800,67,1,73.83316342905164,111.95369835197926,1,0.0,0.0,91.2877
CP-SCALE-AU-L002__g1800,67,1,73.83316342905164,111.95369835197926,5,0.0,-2267.26332925,98.3338
CP-SCALE-AU-L002__g1800,67,1,73.83316342905164,111.95369835197926,8,43.791443,-1666.3477,98.4015
CP-SCALE-AU-L002__g1800,67,1,73.83316342905164,111.95369835197926,12,412.119561,-1102.0250795,98.4564
CP-SCALE-AU-L002__g1800,67,1,73.83316342905164,111.95369835197926,16,593.974597,-785.895557,98.6052
CP-SCALE-AU-L002__g1800,67,1,73.83316342905164,111.95369835197926,24,626.988182,-438.14733025,98.7994
CP-SCALE-AU-L002__g1800,67,1,73.83316342905164,111.95369835197926,30,629.268054,-403.44738375,98.5663
CP-SCALE-AU-L002__g1800,67,3,152.1021784208715,190.22461614385247,-10,0.0,-43.10835275,98.4298
CP-SCALE-AU-L002__g1800,67,3,152.1021784208715,190.22461614385247,-5,0.0,-43.10835275,98.4298
CP-SCALE-AU-L002__g1800,67,3,152.1021784208715,190.22461614385247,0,0.0,0.0,98.4665
CP-SCALE-AU-L002__g1800,67,3,152.1021784208715,190.22461614385247,1,0.0,0.0,98.4665
CP-SCALE-AU-L002__g1800,67,3,152.1021784208715,190.22461614385247,5,0.0,-1713.29979325,98.1675
CP-SCALE-AU-L002__g1800,67,3,152.1021784208715,190.22461614385247,8,6.313763,-1450.001836,97.8625
CP-SCALE-AU-L002__g1800,67,3,152.1021784208715,190.22461614385247,12,6.313763,-1227.89898475,97.826
CP-SCALE-AU-L002__g1800,67,3,152.1021784208715,190.22461614385247,16,456.350663,-953.086135,97.9811
CP-SCALE-AU-L002__g1800,67,3,152.1021784208715,190.22461614385247,24,1169.937422,0.58942875,98.2914
CP-SCALE-AU-L002__g1800,67,3,152.1021784208715,190.22461614385247,30,1185.821782,227.9606885,98.2919
CP-SCALE-AU-L002__g1800,67,5,233.37707276269794,271.53114660456777,-10,-12.613798,-26.82150075,98.3204
CP-SCALE-AU-L002__g1800,67,5,233.37707276269794,271.53114660456777,-5,0.0,-18.981035,98.3279
CP-SCALE-AU-L002__g1800,67,5,233.37707276269794,271.53114660456777,0,0.0,0.0,98.329
CP-SCALE-AU-L002__g1800,67,5,233.37707276269794,271.53114660456777,1,0.0,0.0,98.329
CP-SCALE-AU-L002__g1800,67,5,233.37707276269794,271.53114660456777,5,0.0,-2351.52374125,98.4177
CP-SCALE-AU-L002__g1800,67,5,233.37707276269794,271.53114660456777,8,0.0,-1855.12975825,98.5206
CP-SCALE-AU-L002__g1800,67,5,233.37707276269794,271.53114660456777,12,0.0,-1476.4312745,98.3921
CP-SCALE-AU-L002__g1800,67,5,233.37707276269794,271.53114660456777,16,37.220357,-1074.17005575,98.462
CP-SCALE-AU-L002__g1800,67,5,233.37707276269794,271.53114660456777,24,47.99062,-802.22954775,98.1973
CP-SCALE-AU-L002__g1800,67,5,233.37707276269794,271.53114660456777,30,47.99062,-688.28378325,98.203
CP-SCALE-AU-L002__g1800,67,6,271.5387053899467,312.566079556942,-10,0.0,-132.84687025,98.203
CP-SCALE-AU-L002__g1800,67,6,271.5387053899467,312.566079556942,-5,0.0,-132.84687025,98.203
CP-SCALE-AU-L002__g1800,67,6,271.5387053899467,312.566079556942,0,0.0,0.0,98.2013
CP-SCALE-AU-L002__g1800,67,6,271.5387053899467,312.566079556942,1,0.0,0.0,98.2013
CP-SCALE-AU-L002__g1800,67,6,271.5387053899467,312.566079556942,5,0.0,-638.49489425,97.9071
CP-SCALE-AU-L002__g1800,67,6,271.5387053899467,312.566079556942,8,0.0,-183.334457,97.7565
CP-SCALE-AU-L002__g1800,67,6,271.5387053899467,312.566079556942,12,0.0,-141.66232725,97.6521
CP-SCALE-AU-L002__g1800,67,6,271.5387053899467,312.566079556942,16,0.0,-30.479335,97.6912
CP-SCALE-AU-L002__g1800,67,6,271.5387053899467,312.566079556942,24,25.369399,-24.11356475,97.6958
CP-SCALE-AU-L002__g1800,67,6,271.5387053899467,312.566079556942,30,25.369399,67.85165725,97.7011
CP-SCALE-AU-L002__g1800,67,7,312.571297287941,351.7026193700731,-10,-357.352001,-218.226642,97.6996
CP-SCALE-AU-L002__g1800,67,7,312.571297287941,351.7026193700731,-5,-357.352001,-217.187629,97.6996
CP-SCALE-AU-L002__g1800,67,7,312.571297287941,351.7026193700731,0,0.0,0.0,97.7109
CP-SCALE-AU-L002__g1800,67,7,312.571297287941,351.7026193700731,1,0.0,0.0,97.7109
CP-SCALE-AU-L002__g1800,67,7,312.571297287941,351.7026193700731,5,0.0,-1541.0252965,98.0632
CP-SCALE-AU-L002__g1800,67,7,312.571297287941,351.7026193700731,8,0.0,-952.431676,98.2085
CP-SCALE-AU-L002__g1800,67,7,312.571297287941,351.7026193700731,12,0.0,-607.91498975,98.2062
CP-SCALE-AU-L002__g1800,67,7,312.571297287941,351.7026193700731,16,0.0,-474.4642335,98.2681
CP-SCALE-AU-L002__g1800,67,7,312.571297287941,351.7026193700731,24,0.0,-362.7581375,98.2875
CP-SCALE-AU-L002__g1800,67,7,312.571297287941,351.7026193700731,30,0.0,-360.84999925,98.2858
CP-SCALE-AU-L002__g1800,67,14,590.3566346280277,630.3789580129087,-10,0.0,0.0,0.0
CP-SCALE-AU-L002__g1800,67,14,590.3566346280277,630.3789580129087,-5,0.0,0.0,0.0
CP-SCALE-AU-L002__g1800,67,14,590.3566346280277,630.3789580129087,0,0.0,0.0,0.0
CP-SCALE-AU-L002__g1800,67,14,590.3566346280277,630.3789580129087,1,0.0,0.0,0.0
CP-SCALE-AU-L002__g1800,67,14,590.3566346280277,630.3789580129087,5,0.0,-2766.619518,91.5492
CP-SCALE-AU-L002__g1800,67,14,590.3566346280277,630.3789580129087,8,0.0,-2374.889975,92.2202
CP-SCALE-AU-L002__g1800,67,14,590.3566346280277,630.3789580129087,12,0.0,-2082.23935625,92.0857
CP-SCALE-AU-L002__g1800,67,14,590.3566346280277,630.3789580129087,16,0.0,-2014.6707445,91.4687
CP-SCALE-AU-L002__g1800,67,14,590.3566346280277,630.3789580129087,24,0.0,-1911.509574,91.663
CP-SCALE-AU-L002__g1800,67,14,590.3566346280277,630.3789580129087,30,0.0,-1749.570386,91.6703
CP-SCALE-AU-L002__g1800,67,16,670.4375886321068,714.4817201383412,-10,0.0,0.0,0.0
CP-SCALE-AU-L002__g1800,67,16,670.4375886321068,714.4817201383412,-5,0.0,0.0,0.0
CP-SCALE-AU-L002__g1800,67,16,670.4375886321068,714.4817201383412,0,0.0,0.0,0.0
CP-SCALE-AU-L002__g1800,67,16,670.4375886321068,714.4817201383412,1,0.0,0.0,0.0
CP-SCALE-AU-L002__g1800,67,16,670.4375886321068,714.4817201383412,5,0.0,-3001.298389,89.8881
CP-SCALE-AU-L002__g1800,67,16,670.4375886321068,714.4817201383412,8,0.0,-2804.05578675,89.398
CP-SCALE-AU-L002__g1800,67,16,670.4375886321068,714.4817201383412,12,0.0,-2641.7564365,89.6458
CP-SCALE-AU-L002__g1800,67,16,670.4375886321068,714.4817201383412,16,162.318247,-2508.55277575,90.0932
CP-SCALE-AU-L002__g1800,67,16,670.4375886321068,714.4817201383412,24,162.318247,-2141.82503925,90.1995
CP-SCALE-AU-L002__g1800,67,16,670.4375886321068,714.4817201383412,30,162.318247,-2141.15403775,90.3454
CP-SCALE-AU-L002__g1800,67,18,752.6183366067708,790.7421992272139,-10,0.0,0.0,90.4593
CP-SCALE-AU-L002__g1800,67,18,752.6183366067708,790.7421992272139,-5,0.0,0.0,90.4593
CP-SCALE-AU-L002__g1800,67,18,752.6183366067708,790.7421992272139,0,0.0,0.0,90.4593
CP-SCALE-AU-L002__g1800,67,18,752.6183366067708,790.7421992272139,1,0.0,0.0,90.4593
CP-SCALE-AU-L002__g1800,67,18,752.6183366067708,790.7421992272139,5,0.0,-815.93313225,88.764
CP-SCALE-AU-L002__g1800,67,18,752.6183366067708,790.7421992272139,8,0.0,-270.95001925,88.8789
CP-SCALE-AU-L002__g1800,67,18,752.6183366067708,790.7421992272139,12,0.0,-191.86134825,88.5791
CP-SCALE-AU-L002__g1800,67,18,752.6183366067708,790.7421992272139,16,0.0,40.17072575,88.0812
CP-SCALE-AU-L002__g1800,67,18,752.6183366067708,790.7421992272139,24,0.0,342.2856405,87.3297
CP-SCALE-AU-L002__g1800,67,18,752.6183366067708,790.7421992272139,30,0.0,560.4208385,87.0791
CP-SCALE-AU-L002__g1800,67,19,790.7476546131074,831.773371130228,-10,0.0,-56.316136,87.1538
CP-SCALE-AU-L002__g1800,67,19,790.7476546131074,831.773371130228,-5,0.0,0.0,86.9129
CP-SCALE-AU-L002__g1800,67,19,790.7476546131074,831.773371130228,0,0.0,0.0,86.9129
CP-SCALE-AU-L002__g1800,67,19,790.7476546131074,831.773371130228,1,0.0,0.0,86.9129
CP-SCALE-AU-L002__g1800,67,19,790.7476546131074,831.773371130228,5,0.0,-1366.1104165,90.0668
CP-SCALE-AU-L002__g1800,67,19,790.7476546131074,831.773371130228,8,0.0,-897.9398925,90.2309
CP-SCALE-AU-L002__g1800,67,19,790.7476546131074,831.773371130228,12,0.0,-779.73690425,90.5267
CP-SCALE-AU-L002__g1800,67,19,790.7476546131074,831.773371130228,16,0.0,-688.8645145,89.7995
CP-SCALE-AU-L002__g1800,67,19,790.7476546131074,831.773371130228,24,0.0,-663.42469675,90.1508
CP-SCALE-AU-L002__g1800,67,19,790.7476546131074,831.773371130228,30,0.0,-561.06012575,90.1552
CP-SCALE-AU-L002__g1800,67,20,831.7787435203791,900.0064680352807,-10,0.0,-83.1671675,90.1552
CP-SCALE-AU-L002__g1800,67,20,831.7787435203791,900.0064680352807,-5,0.0,-77.67009325,90.2039
CP-SCALE-AU-L002__g1800,67,20,831.7787435203791,900.0064680352807,0,0.0,0.0,90.5077
CP-SCALE-AU-L002__g1800,67,20,831.7787435203791,900.0064680352807,1,0.0,0.0,90.5077
CP-SCALE-AU-L002__g1800,67,20,831.7787435203791,900.0064680352807,5,0.0,-1149.37123525,89.5656
CP-SCALE-AU-L002__g1800,67,20,831.7787435203791,900.0064680352807,8,0.0,-725.51216075,89.5749
CP-SCALE-AU-L002__g1800,67,20,831.7787435203791,900.0064680352807,12,0.0,-47.666916,89.8976
CP-SCALE-AU-L002__g1800,67,20,831.7787435203791,900.0064680352807,16,0.0,256.86711625,89.951
CP-SCALE-AU-L002__g1800,67,20,831.7787435203791,900.0064680352807,24,0.0,392.57535775,89.4642
CP-SCALE-AU-L002__g1800,67,20,831.7787435203791,900.0064680352807,30,0.0,392.57535775,89.4642
CP-SCALE-AU-L002__g1800,71,0,33.93843853473663,72.04366010800004,-10,-1567.256647,-1567.256647,0.0
CP-SCALE-AU-L002__g1800,71,0,33.93843853473663,72.04366010800004,-5,-522.776566,-522.776566,0.0
CP-SCALE-AU-L002__g1800,71,0,33.93843853473663,72.04366010800004,0,0.0,0.0,0.0
CP-SCALE-AU-L002__g1800,71,0,33.93843853473663,72.04366010800004,1,0.0,0.0,0.0
CP-SCALE-AU-L002__g1800,71,0,33.93843853473663,72.04366010800004,5,13.45843,-2087.54198375,88.5869
CP-SCALE-AU-L002__g1800,71,0,33.93843853473663,72.04366010800004,8,341.097507,-1407.028408,88.5585
CP-SCALE-AU-L002__g1800,71,0,33.93843853473663,72.04366010800004,12,703.39206,-686.4474195,89.0282
CP-SCALE-AU-L002__g1800,71,0,33.93843853473663,72.04366010800004,16,703.39206,-452.494734,88.9977
CP-SCALE-AU-L002__g1800,71,0,33.93843853473663,72.04366010800004,24,855.184147,91.647843,90.3562
CP-SCALE-AU-L002__g1800,71,0,33.93843853473663,72.04366010800004,30,908.06934,596.755449,89.9475
CP-SCALE-AU-L002__g1800,71,3,153.3081855252385,193.32877383381128,-10,0.0,-1.1353165,89.6189
CP-SCALE-AU-L002__g1800,71,3,153.3081855252385,193.32877383381128,-5,0.0,-1.1353165,89.6189
CP-SCALE-AU-L002__g1800,71,3,153.3081855252385,193.32877383381128,0,0.0,0.0,89.6189
CP-SCALE-AU-L002__g1800,71,3,153.3081855252385,193.32877383381128,1,0.0,0.0,89.6189
CP-SCALE-AU-L002__g1800,71,3,153.3081855252385,193.32877383381128,5,0.0,-2294.9647965,98.0952
CP-SCALE-AU-L002__g1800,71,3,153.3081855252385,193.32877383381128,8,0.0,-1835.76579225,98.1299
CP-SCALE-AU-L002__g1800,71,3,153.3081855252385,193.32877383381128,12,2.287889,-1660.613818,98.2769
CP-SCALE-AU-L002__g1800,71,3,153.3081855252385,193.32877383381128,16,7.811686,-1250.1775285,98.4491
CP-SCALE-AU-L002__g1800,71,3,153.3081855252385,193.32877383381128,24,7.811686,-1095.19342975,98.4526
CP-SCALE-AU-L002__g1800,71,3,153.3081855252385,193.32877383381128,30,7.811686,-925.4563025,98.4234
CP-SCALE-AU-L002__g1800,71,4,193.3337473757565,233.35105089098215,-10,0.0,-26.48236675,98.4234
CP-SCALE-AU-L002__g1800,71,4,193.3337473757565,233.35105089098215,-5,0.0,-1.767474,98.4249
CP-SCALE-AU-L002__g1800,71,4,193.3337473757565,233.35105089098215,0,0.0,0.0,98.4239
CP-SCALE-AU-L002__g1800,71,4,193.3337473757565,233.35105089098215,1,0.0,0.0,98.4239
CP-SCALE-AU-L002__g1800,71,4,193.3337473757565,233.35105089098215,5,0.0,-719.07814175,98.1175
CP-SCALE-AU-L002__g1800,71,4,193.3337473757565,233.35105089098215,8,0.0,53.84329925,98.3944
CP-SCALE-AU-L002__g1800,71,4,193.3337473757565,233.35105089098215,12,9.345818,1216.7738325,0.0
CP-SCALE-AU-L002__g1800,71,4,193.3337473757565,233.35105089098215,16,9.345818,1216.7738325,0.0
CP-SCALE-AU-L002__g1800,71,4,193.3337473757565,233.35105089098215,24,9.345818,1216.7738325,0.0
CP-SCALE-AU-L002__g1800,71,4,193.3337473757565,233.35105089098215,30,9.345818,1216.7738325,0.0
CP-SCALE-AU-L002__g1800,71,5,233.35852372646332,281.40377747640014,-10,0.0,0.0,0.0
CP-SCALE-AU-L002__g1800,71,5,233.35852372646332,281.40377747640014,-5,0.0,0.0,0.0
CP-SCALE-AU-L002__g1800,71,5,233.35852372646332,281.40377747640014,0,0.0,0.0,0.0
CP-SCALE-AU-L002__g1800,71,5,233.35852372646332,281.40377747640014,1,0.0,0.0,0.0
CP-SCALE-AU-L002__g1800,71,5,233.35852372646332,281.40377747640014,5,0.0,-1696.85355275,91.2908
CP-SCALE-AU-L002__g1800,71,5,233.35852372646332,281.40377747640014,8,0.0,-1381.564272,91.2024
CP-SCALE-AU-L002__g1800,71,5,233.35852372646332,281.40377747640014,12,0.0,0.0,0.0
CP-SCALE-AU-L002__g1800,71,5,233.35852372646332,281.40377747640014,16,0.0,0.0,0.0
CP-SCALE-AU-L002__g1800,71,5,233.35852372646332,281.40377747640014,24,0.0,0.0,0.0
CP-SCALE-AU-L002__g1800,71,5,233.35852372646332,281.40377747640014,30,0.0,0.0,0.0
CP-SCALE-AU-L002__g1800,71,6,281.4097614698112,312.45382277294993,-10,0.0,0.0,0.0
CP-SCALE-AU-L002__g1800,71,6,281.4097614698112,312.45382277294993,-5,0.0,0.0,0.0
CP-SCALE-AU-L002__g1800,71,6,281.4097614698112,312.45382277294993,0,0.0,0.0,0.0
CP-SCALE-AU-L002__g1800,71,6,281.4097614698112,312.45382277294993,1,0.0,0.0,0.0
CP-SCALE-AU-L002__g1800,71,6,281.4097614698112,312.45382277294993,5,0.0,-2573.756471,86.4351
CP-SCALE-AU-L002__g1800,71,6,281.4097614698112,312.45382277294993,8,0.0,-2281.8633345,86.7036
CP-SCALE-AU-L002__g1800,71,6,281.4097614698112,312.45382277294993,12,1.135762,-2080.0264495,86.6297
CP-SCALE-AU-L002__g1800,71,6,281.4097614698112,312.45382277294993,16,1.135762,-2070.78584875,86.5313
CP-SCALE-AU-L002__g1800,71,6,281.4097614698112,312.45382277294993,24,1.135762,-1836.96221425,87.0183
CP-SCALE-AU-L002__g1800,71,6,281.4097614698112,312.45382277294993,30,1.135762,-1217.4592835,88.2699
CP-SCALE-AU-L002__g1800,71,8,353.58904087916017,397.6156573444605,-10,0.0,0.0,88.5379
CP-SCALE-AU-L002__g1800,71,8,353.58904087916017,397.6156573444605,-5,0.0,0.0,88.5379
CP-SCALE-AU-L002__g1800,71,8,353.58904087916017,397.6156573444605,0,0.0,0.0,88.5379
CP-SCALE-AU-L002__g1800,71,8,353.58904087916017,397.6156573444605,1,0.0,0.0,88.5379
CP-SCALE-AU-L002__g1800,71,8,353.58904087916017,397.6156573444605,5,0.0,-1221.114479,90.7038
CP-SCALE-AU-L002__g1800,71,8,353.58904087916017,397.6156573444605,8,0.0,-571.93398075,90.5267
CP-SCALE-AU-L002__g1800,71,8,353.58904087916017,397.6156573444605,12,0.0,-447.97299825,90.7243
CP-SCALE-AU-L002__g1800,71,8,353.58904087916017,397.6156573444605,16,0.0,-224.5133525,90.0976
CP-SCALE-AU-L002__g1800,71,8,353.58904087916017,397.6156573444605,24,496.270879,61.499899,90.5035
CP-SCALE-AU-L002__g1800,71,8,353.58904087916017,397.6156573444605,30,496.441717,65.25229475,90.4194
CP-SCALE-AU-L002__g1800,71,11,472.81286917999387,510.9317847266793,-10,0.0,0.0,90.0088
CP-SCALE-AU-L002__g1800,71,11,472.81286917999387,510.9317847266793,-5,0.0,0.0,90.0088
CP-SCALE-AU-L002__g1800,71,11,472.81286917999387,510.9317847266793,0,0.0,0.0,90.0088
CP-SCALE-AU-L002__g1800,71,11,472.81286917999387,510.9317847266793,1,0.0,0.0,90.0088
CP-SCALE-AU-L002__g1800,71,11,472.81286917999387,510.9317847266793,5,0.0,-1280.41400325,86.8709
CP-SCALE-AU-L002__g1800,71,11,472.81286917999387,510.9317847266793,8,0.0,-688.882483,86.7673
CP-SCALE-AU-L002__g1800,71,11,472.81286917999387,510.9317847266793,12,0.0,-626.39234325,86.9287
CP-SCALE-AU-L002__g1800,71,11,472.81286917999387,510.9317847266793,16,0.0,-552.31108775,87.0319
CP-SCALE-AU-L002__g1800,71,11,472.81286917999387,510.9317847266793,24,0.0,-549.8709415,86.877
CP-SCALE-AU-L002__g1800,71,11,472.81286917999387,510.9317847266793,30,0.0,-549.8709415,86.877
CP-SCALE-AU-L002__g1800,71,12,510.938351046294,552.9707389846444,-10,0.0,0.0,86.877
CP-SCALE-AU-L002__g1800,71,12,510.938351046294,552.9707389846444,-5,0.0,0.0,86.877
CP-SCALE-AU-L002__g1800,71,12,510.938351046294,552.9707389846444,0,0.0,0.0,86.877
CP-SCALE-AU-L002__g1800,71,12,510.938351046294,552.9707389846444,1,0.0,0.0,86.877
CP-SCALE-AU-L002__g1800,71,12,510.938351046294,552.9707389846444,5,0.0,-1442.7469085,87.7216
CP-SCALE-AU-L002__g1800,71,12,510.938351046294,552.9707389846444,8,0.0,-989.376881,86.7094
CP-SCALE-AU-L002__g1800,71,12,510.938351046294,552.9707389846444,12,0.0,-820.73812,86.5596
CP-SCALE-AU-L002__g1800,71,12,510.938351046294,552.9707389846444,16,0.0,-571.7619115,86.5199
CP-SCALE-AU-L002__g1800,71,12,510.938351046294,552.9707389846444,24,0.0,-557.11773325,86.5781
CP-SCALE-AU-L002__g1800,71,12,510.938351046294,552.9707389846444,30,0.0,-552.58998325,86.5781
CP-SCALE-AU-L002__g1800,71,13,552.9769236929715,592.1076699309051,-10,0.0,-74.6897575,86.2132
CP-SCALE-AU-L002__g1800,71,13,552.9769236929715,592.1076699309051,-5,0.0,-73.510149,86.2132
CP-SCALE-AU-L002__g1800,71,13,552.9769236929715,592.1076699309051,0,0.0,0.0,86.3761
CP-SCALE-AU-L002__g1800,71,13,552.9769236929715,592.1076699309051,1,0.0,0.0,86.3761
CP-SCALE-AU-L002__g1800,71,13,552.9769236929715,592.1076699309051,5,0.0,-593.036354,88.7892
CP-SCALE-AU-L002__g1800,71,13,552.9769236929715,592.1076699309051,8,0.0,-55.93861525,88.9534
CP-SCALE-AU-L002__g1800,71,13,552.9769236929715,592.1076699309051,12,0.0,105.924461,89.408
CP-SCALE-AU-L002__g1800,71,13,552.9769236929715,592.1076699309051,16,0.0,156.24664325,89.4128
CP-SCALE-AU-L002__g1800,71,13,552.9769236929715,592.1076699309051,24,0.0,201.575337,89.4619
CP-SCALE-AU-L002__g1800,71,13,552.9769236929715,592.1076699309051,30,0.0,353.56673175,88.8789
CP-SCALE-AU-L002__g1800,71,14,592.1139609776437,632.1347864791751,-10,0.0,-447.770148,88.8789
CP-SCALE-AU-L002__g1800,71,14,592.1139609776437,632.1347864791751,-5,0.0,-134.99672625,88.5356
CP-SCALE-AU-L002__g1800,71,14,592.1139609776437,632.1347864791751,0,0.0,0.0,88.4408
CP-SCALE-AU-L002__g1800,71,14,592.1139609776437,632.1347864791751,1,0.0,0.0,88.4408
CP-SCALE-AU-L002__g1800,71,14,592.1139609776437,632.1347864791751,5,0.0,-933.26733025,92.5652
CP-SCALE-AU-L002__g1800,71,14,592.1139609776437,632.1347864791751,8,0.0,-603.749496,92.5282
CP-SCALE-AU-L002__g1800,71,14,592.1139609776437,632.1347864791751,12,0.0,-567.37959175,92.4347
CP-SCALE-AU-L002__g1800,71,14,592.1139609776437,632.1347864791751,16,0.0,-438.1789295,92.3444
CP-SCALE-AU-L002__g1800,71,14,592.1139609776437,632.1347864791751,24,0.0,-120.3839885,91.6921
CP-SCALE-AU-L002__g1800,71,14,592.1139609776437,632.1347864791751,30,0.0,-114.413505,91.7868
CP-SCALE-AU-L002__g1800,71,17,713.2803564891219,752.4175672382116,-10,0.0,0.0,0.0
CP-SCALE-AU-L002__g1800,71,17,713.2803564891219,752.4175672382116,-5,0.0,0.0,0.0
CP-SCALE-AU-L002__g1800,71,17,713.2803564891219,752.4175672382116,0,0.0,0.0,0.0
CP-SCALE-AU-L002__g1800,71,17,713.2803564891219,752.4175672382116,1,0.0,0.0,0.0
CP-SCALE-AU-L002__g1800,71,17,713.2803564891219,752.4175672382116,5,0.0,-2514.20237925,90.7918
CP-SCALE-AU-L002__g1800,71,17,713.2803564891219,752.4175672382116,8,0.0,-2279.64770325,91.1308
CP-SCALE-AU-L002__g1800,71,17,713.2803564891219,752.4175672382116,12,0.0,-1833.41738275,91.1946
CP-SCALE-AU-L002__g1800,71,17,713.2803564891219,752.4175672382116,16,0.0,-1473.02659575,90.5249
CP-SCALE-AU-L002__g1800,71,17,713.2803564891219,752.4175672382116,24,0.0,-1380.083105,90.7234
CP-SCALE-AU-L002__g1800,71,17,713.2803564891219,752.4175672382116,30,0.0,-1271.3317585,90.9211
CP-SCALE-AU-L002__g1800,71,18,752.4240496717393,789.5563388764858,-10,0.0,-44.298502,90.9211
CP-SCALE-AU-L002__g1800,71,18,752.4240496717393,789.5563388764858,-5,0.0,-39.99540275,90.9211
CP-SCALE-AU-L002__g1800,71,18,752.4240496717393,789.5563388764858,0,0.0,0.0,91.4537
CP-SCALE-AU-L002__g1800,71,18,752.4240496717393,789.5563388764858,1,0.0,0.0,91.4537
CP-SCALE-AU-L002__g1800,71,18,752.4240496717393,789.5563388764858,5,0.0,-846.767971,90.7111
CP-SCALE-AU-L002__g1800,71,18,752.4240496717393,789.5563388764858,8,0.0,-330.9731665,90.8244
CP-SCALE-AU-L002__g1800,71,18,752.4240496717393,789.5563388764858,12,0.0,150.035276,90.7883
CP-SCALE-AU-L002__g1800,71,18,752.4240496717393,789.5563388764858,16,0.0,325.65346725,90.7923
CP-SCALE-AU-L002__g1800,71,18,752.4240496717393,789.5563388764858,24,0.0,426.96020025,90.5543
CP-SCALE-AU-L002__g1800,71,18,752.4240496717393,789.5563388764858,30,0.0,428.62202675,90.6997
CP-SCALE-AU-L002__g1800,73,0,35.29540707543492,72.3910789117217,-10,-113.838735,-113.838735,0.0
CP-SCALE-AU-L002__g1800,73,0,35.29540707543492,72.3910789117217,-5,-88.108372,-88.108372,0.0
CP-SCALE-AU-L002__g1800,73,0,35.29540707543492,72.3910789117217,0,0.0,0.0,0.0
CP-SCALE-AU-L002__g1800,73,0,35.29540707543492,72.3910789117217,1,0.0,0.0,0.0
CP-SCALE-AU-L002__g1800,73,0,35.29540707543492,72.3910789117217,5,0.0,-820.68653675,89.09
CP-SCALE-AU-L002__g1800,73,0,35.29540707543492,72.3910789117217,8,0.0,-387.91856375,88.4492
CP-SCALE-AU-L002__g1800,73,0,35.29540707543492,72.3910789117217,12,2.887625,-99.24196,87.7904
CP-SCALE-AU-L002__g1800,73,0,35.29540707543492,72.3910789117217,16,651.032941,299.15113,88.9036
CP-SCALE-AU-L002__g1800,73,0,35.29540707543492,72.3910789117217,24,1443.818657,633.31905475,89.1237
CP-SCALE-AU-L002__g1800,73,0,35.29540707543492,72.3910789117217,30,1453.315874,673.38617,89.3186
CP-SCALE-AU-L002__g1800,73,3,151.63290097936988,192.65177746117115,-10,-8.657795,-138.65383575,91.283
CP-SCALE-AU-L002__g1800,73,3,151.63290097936988,192.65177746117115,-5,0.0,-3.578768,91.3891
CP-SCALE-AU-L002__g1800,73,3,151.63290097936988,192.65177746117115,0,0.0,0.0,91.5857
CP-SCALE-AU-L002__g1800,73,3,151.63290097936988,192.65177746117115,1,0.0,0.0,91.5857
CP-SCALE-AU-L002__g1800,73,3,151.63290097936988,192.65177746117115,5,0.0,-2358.41884875,98.7867
CP-SCALE-AU-L002__g1800,73,3,151.63290097936988,192.65177746117115,8,0.0,-1795.26634575,98.7228
CP-SCALE-AU-L002__g1800,73,3,151.63290097936988,192.65177746117115,12,0.0,-1415.13112175,98.69
CP-SCALE-AU-L002__g1800,73,3,151.63290097936988,192.65177746117115,16,0.0,-1205.28129575,98.7571
CP-SCALE-AU-L002__g1800,73,3,151.63290097936988,192.65177746117115,24,0.0,-778.3849845,98.3994
CP-SCALE-AU-L002__g1800,73,3,151.63290097936988,192.65177746117115,30,0.0,-772.8936145,98.401
CP-SCALE-AU-L002__g1800,73,4,192.65745817869902,231.77855553850532,-10,-371.180707,-199.55213575,98.401
CP-SCALE-AU-L002__g1800,73,4,192.65745817869902,231.77855553850532,-5,-64.72956,-25.5278965,98.4419
CP-SCALE-AU-L002__g1800,73,4,192.65745817869902,231.77855553850532,0,0.0,0.0,98.4454
CP-SCALE-AU-L002__g1800,73,4,192.65745817869902,231.77855553850532,1,0.0,0.0,98.4454
CP-SCALE-AU-L002__g1800,73,4,192.65745817869902,231.77855553850532,5,0.0,-1925.03968525,98.6071
CP-SCALE-AU-L002__g1800,73,4,192.65745817869902,231.77855553850532,8,0.0,-1441.55789825,98.4167
CP-SCALE-AU-L002__g1800,73,4,192.65745817869902,231.77855553850532,12,0.0,-1317.4499785,98.4454
CP-SCALE-AU-L002__g1800,73,4,192.65745817869902,231.77855553850532,16,0.0,-1236.52585275,98.4389
CP-SCALE-AU-L002__g1800,73,4,192.65745817869902,231.77855553850532,24,0.0,-774.0680445,98.402
CP-SCALE-AU-L002__g1800,73,4,192.65745817869902,231.77855553850532,30,0.0,-523.0689065,98.4061
CP-SCALE-AU-L002__g1800,73,7,314.05428671464324,352.1719231419265,-10,0.0,-35.25449975,98.0523
CP-SCALE-AU-L002__g1800,73,7,314.05428671464324,352.1719231419265,-5,0.0,0.0,98.0523
CP-SCALE-AU-L002__g1800,73,7,314.05428671464324,352.1719231419265,0,0.0,0.0,98.0523
CP-SCALE-AU-L002__g1800,73,7,314.05428671464324,352.1719231419265,1,0.0,0.0,98.0523
CP-SCALE-AU-L002__g1800,73,7,314.05428671464324,352.1719231419265,5,0.0,-56.21951125,98.7219
CP-SCALE-AU-L002__g1800,73,7,314.05428671464324,352.1719231419265,8,0.0,531.80352425,98.7797
CP-SCALE-AU-L002__g1800,73,7,314.05428671464324,352.1719231419265,12,2.224482,703.42709075,98.8106
CP-SCALE-AU-L002__g1800,73,7,314.05428671464324,352.1719231419265,16,2.224482,721.2383465,98.8113
CP-SCALE-AU-L002__g1800,73,7,314.05428671464324,352.1719231419265,24,2.224482,857.86269275,98.7808
CP-SCALE-AU-L002__g1800,73,7,314.05428671464324,352.1719231419265,30,2.224482,860.90801125,98.7812
CP-SCALE-AU-L002__g1800,73,9,394.3246004842222,430.43947368487716,-10,0.0,0.0,98.7433
CP-SCALE-AU-L002__g1800,73,9,394.3246004842222,430.43947368487716,-5,0.0,0.0,98.7433
CP-SCALE-AU-L002__g1800,73,9,394.3246004842222,430.43947368487716,0,0.0,0.0,98.7433
CP-SCALE-AU-L002__g1800,73,9,394.3246004842222,430.43947368487716,1,0.0,0.0,98.7433
CP-SCALE-AU-L002__g1800,73,9,394.3246004842222,430.43947368487716,5,0.0,-2535.162959,99.8925
CP-SCALE-AU-L002__g1800,73,9,394.3246004842222,430.43947368487716,8,0.0,-2348.8640185,100.0
CP-SCALE-AU-L002__g1800,73,9,394.3246004842222,430.43947368487716,12,0.0,-1995.6744255,100.0
CP-SCALE-AU-L002__g1800,73,9,394.3246004842222,430.43947368487716,16,0.0,-1979.1362345,99.946
CP-SCALE-AU-L002__g1800,73,9,394.3246004842222,430.43947368487716,24,8.01319,-1583.7527265,99.919
CP-SCALE-AU-L002__g1800,73,9,394.3246004842222,430.43947368487716,30,37.725889,-1442.55089575,99.9191
CP-SCALE-AU-L002__g1800,73,10,430.44597452133894,471.4705975279212,-10,-4.839545,-210.358697,99.9192
CP-SCALE-AU-L002__g1800,73,10,430.44597452133894,471.4705975279212,-5,-4.623464,-122.0517805,99.919
CP-SCALE-AU-L002__g1800,73,10,430.44597452133894,471.4705975279212,0,0.0,0.0,99.9191
CP-SCALE-AU-L002__g1800,73,10,430.44597452133894,471.4705975279212,1,0.0,0.0,99.9191
CP-SCALE-AU-L002__g1800,73,10,430.44597452133894,471.4705975279212,5,0.0,-412.17814275,99.9221
CP-SCALE-AU-L002__g1800,73,10,430.44597452133894,471.4705975279212,8,0.0,-251.98495575,99.8435
CP-SCALE-AU-L002__g1800,73,10,430.44597452133894,471.4705975279212,12,0.0,-129.9952005,99.9214
CP-SCALE-AU-L002__g1800,73,10,430.44597452133894,471.4705975279212,16,119.836858,3.02821825,99.9215
CP-SCALE-AU-L002__g1800,73,10,430.44597452133894,471.4705975279212,24,159.448901,133.05564075,99.9215
CP-SCALE-AU-L002__g1800,73,10,430.44597452133894,471.4705975279212,30,159.448901,219.85943875,99.9216
CP-SCALE-AU-L002__g1800,73,16,673.4565584808588,712.6184138953686,-10,-36.132989,-48.9848515,99.9221
CP-SCALE-AU-L002__g1800,73,16,673.4565584808588,712.6184138953686,-5,0.0,0.0,99.9222
CP-SCALE-AU-L002__g1800,73,16,673.4565584808588,712.6184138953686,0,0.0,0.0,99.9222
CP-SCALE-AU-L002__g1800,73,16,673.4565584808588,712.6184138953686,1,0.0,0.0,99.9222
CP-SCALE-AU-L002__g1800,73,16,673.4565584808588,712.6184138953686,5,0.0,-862.385644,99.9205
CP-SCALE-AU-L002__g1800,73,16,673.4565584808588,712.6184138953686,8,0.0,-658.67761675,99.9208
CP-SCALE-AU-L002__g1800,73,16,673.4565584808588,712.6184138953686,12,0.0,-440.32777,99.9205
CP-SCALE-AU-L002__g1800,73,16,673.4565584808588,712.6184138953686,16,0.0,-301.6595365,99.92
CP-SCALE-AU-L002__g1800,73,16,673.4565584808588,712.6184138953686,24,0.0,-2.70689325,99.7592
CP-SCALE-AU-L002__g1800,73,16,673.4565584808588,712.6184138953686,30,0.0,18.113683,99.7596
CP-SCALE-AU-L002__g1800,73,18,751.8033221550286,793.8332686126232,-10,0.0,-128.563551,99.7594
CP-SCALE-AU-L002__g1800,73,18,751.8033221550286,793.8332686126232,-5,0.0,0.0,99.7591
CP-SCALE-AU-L002__g1800,73,18,751.8033221550286,793.8332686126232,0,0.0,0.0,99.7591
CP-SCALE-AU-L002__g1800,73,18,751.8033221550286,793.8332686126232,1,0.0,0.0,99.7591
CP-SCALE-AU-L002__g1800,73,18,751.8033221550286,793.8332686126232,5,0.0,-2448.0425725,99.9192
CP-SCALE-AU-L002__g1800,73,18,751.8033221550286,793.8332686126232,8,0.0,-1942.6289535,99.8655
CP-SCALE-AU-L002__g1800,73,18,751.8033221550286,793.8332686126232,12,0.0,-1663.53077,99.8661
CP-SCALE-AU-L002__g1800,73,18,751.8033221550286,793.8332686126232,16,0.0,-1465.59849625,99.8665
CP-SCALE-AU-L002__g1800,73,18,751.8033221550286,793.8332686126232,24,0.0,-1262.000309,99.8936
CP-SCALE-AU-L002__g1800,73,18,751.8033221550286,793.8332686126232,30,0.0,-1110.15863925,99.867
CP-SCALE-AU-L002__g1800,73,19,793.8753320090473,834.8931896314025,-10,0.0,-29.8350225,99.8673
CP-SCALE-AU-L002__g1800,73,19,793.8753320090473,834.8931896314025,-5,0.0,-4.8898535,99.867
CP-SCALE-AU-L002__g1800,73,19,793.8753320090473,834.8931896314025,0,0.0,0.0,99.867
CP-SCALE-AU-L002__g1800,73,19,793.8753320090473,834.8931896314025,1,0.0,0.0,99.867
CP-SCALE-AU-L002__g1800,73,19,793.8753320090473,834.8931896314025,5,0.0,-103.91478875,99.6305
CP-SCALE-AU-L002__g1800,73,19,793.8753320090473,834.8931896314025,8,0.0,308.88201075,99.631
CP-SCALE-AU-L002__g1800,73,19,793.8753320090473,834.8931896314025,12,0.0,462.3074455,99.6309
CP-SCALE-AU-L002__g1800,73,19,793.8753320090473,834.8931896314025,16,0.0,548.4521745,99.6304
CP-SCALE-AU-L002__g1800,73,19,793.8753320090473,834.8931896314025,24,0.0,698.7911785,99.6305
CP-SCALE-AU-L002__g1800,73,19,793.8753320090473,834.8931896314025,30,0.0,707.698739,99.6305
CP-SCALE-AU-L002__g1800,79,0,32.2511053532362,71.36327833682299,-10,-101.575976,-101.575976,0.0
CP-SCALE-AU-L002__g1800,79,0,32.2511053532362,71.36327833682299,-5,-2.485153,-2.485153,0.0
CP-SCALE-AU-L002__g1800,79,0,32.2511053532362,71.36327833682299,0,0.0,0.0,0.0
CP-SCALE-AU-L002__g1800,79,0,32.2511053532362,71.36327833682299,1,0.0,0.0,0.0
CP-SCALE-AU-L002__g1800,79,0,32.2511053532362,71.36327833682299,5,0.0,-415.25877425,88.8032
CP-SCALE-AU-L002__g1800,79,0,32.2511053532362,71.36327833682299,8,17.251271,-95.5281605,88.8838
CP-SCALE-AU-L002__g1800,79,0,32.2511053532362,71.36327833682299,12,103.784777,-15.298668,89.4783
CP-SCALE-AU-L002__g1800,79,0,32.2511053532362,71.36327833682299,16,580.522794,278.551433,90.1458
CP-SCALE-AU-L002__g1800,79,0,32.2511053532362,71.36327833682299,24,1289.206455,688.98297125,89.9384
CP-SCALE-AU-L002__g1800,79,0,32.2511053532362,71.36327833682299,30,2214.884392,1119.86615925,90.3436
CP-SCALE-AU-L002__g1800,79,1,71.36797239258885,112.391984667629,-10,-181.543425,-198.92452375,90.3436
CP-SCALE-AU-L002__g1800,79,1,71.36797239258885,112.391984667629,-5,-165.792821,-112.01651875,90.2131
CP-SCALE-AU-L002__g1800,79,1,71.36797239258885,112.391984667629,0,0.0,0.0,90.3687
CP-SCALE-AU-L002__g1800,79,1,71.36797239258885,112.391984667629,1,0.0,0.0,90.3687
CP-SCALE-AU-L002__g1800,79,1,71.36797239258885,112.391984667629,5,0.0,-1037.749094,98.0217
CP-SCALE-AU-L002__g1800,79,1,71.36797239258885,112.391984667629,8,78.407508,-800.272799,97.9585
CP-SCALE-AU-L002__g1800,79,1,71.36797239258885,112.391984667629,12,193.662146,-636.66852975,97.9255
CP-SCALE-AU-L002__g1800,79,1,71.36797239258885,112.391984667629,16,765.401353,-375.99159975,97.4367
CP-SCALE-AU-L002__g1800,79,1,71.36797239258885,112.391984667629,24,1414.790727,324.942532,97.4106
CP-SCALE-AU-L002__g1800,79,1,71.36797239258885,112.391984667629,30,1414.790727,405.66696125,97.5155
CP-SCALE-AU-L002__g1800,79,4,191.6544161438942,231.67358976230025,-10,0.0,-20.65655425,97.2477
CP-SCALE-AU-L002__g1800,79,4,191.6544161438942,231.67358976230025,-5,0.0,0.0,97.2584
CP-SCALE-AU-L002__g1800,79,4,191.6544161438942,231.67358976230025,0,0.0,0.0,97.2584
CP-SCALE-AU-L002__g1800,79,4,191.6544161438942,231.67358976230025,1,0.0,0.0,97.2584
CP-SCALE-AU-L002__g1800,79,4,191.6544161438942,231.67358976230025,5,0.736699,-915.03296675,98.5994
CP-SCALE-AU-L002__g1800,79,4,191.6544161438942,231.67358976230025,8,0.736699,-575.0106235,98.6579
CP-SCALE-AU-L002__g1800,79,4,191.6544161438942,231.67358976230025,12,0.736699,-25.52451025,98.4763
CP-SCALE-AU-L002__g1800,79,4,191.6544161438942,231.67358976230025,16,0.736699,1.4080955,98.383
CP-SCALE-AU-L002__g1800,79,4,191.6544161438942,231.67358976230025,24,0.736699,138.6743305,98.5493
CP-SCALE-AU-L002__g1800,79,4,191.6544161438942,231.67358976230025,30,0.736699,194.07838675,98.5828
CP-SCALE-AU-L002__g1800,79,5,231.6785904020071,270.80658549815416,-10,0.0,-224.1107605,98.5828
CP-SCALE-AU-L002__g1800,79,5,231.6785904020071,270.80658549815416,-5,0.0,-131.4909295,98.5815
CP-SCALE-AU-L002__g1800,79,5,231.6785904020071,270.80658549815416,0,0.0,0.0,98.6769
CP-SCALE-AU-L002__g1800,79,5,231.6785904020071,270.80658549815416,1,0.0,0.0,98.6769
CP-SCALE-AU-L002__g1800,79,5,231.6785904020071,270.80658549815416,5,0.0,-1601.9731085,98.5037
CP-SCALE-AU-L002__g1800,79,5,231.6785904020071,270.80658549815416,8,0.0,-808.45254475,98.7891
CP-SCALE-AU-L002__g1800,79,5,231.6785904020071,270.80658549815416,12,0.0,-578.40190975,98.7899
CP-SCALE-AU-L002__g1800,79,5,231.6785904020071,270.80658549815416,16,0.0,-332.36510075,98.7322
CP-SCALE-AU-L002__g1800,79,5,231.6785904020071,270.80658549815416,24,0.0,-244.8017845,98.6976
CP-SCALE-AU-L002__g1800,79,5,231.6785904020071,270.80658549815416,30,0.0,-109.670863,98.6952
CP-SCALE-AU-L002__g1800,79,6,270.81187495961785,311.84112273156643,-10,0.0,-61.81454875,98.6952
CP-SCALE-AU-L002__g1800,79,6,270.81187495961785,311.84112273156643,-5,0.0,-8.8811095,98.6964
CP-SCALE-AU-L002__g1800,79,6,270.81187495961785,311.84112273156643,0,0.0,0.0,98.6956
CP-SCALE-AU-L002__g1800,79,6,270.81187495961785,311.84112273156643,1,0.0,0.0,98.6956
CP-SCALE-AU-L002__g1800,79,6,270.81187495961785,311.84112273156643,5,0.0,-1211.1681205,98.6443
CP-SCALE-AU-L002__g1800,79,6,270.81187495961785,311.84112273156643,8,0.0,-962.606733,98.6784
CP-SCALE-AU-L002__g1800,79,6,270.81187495961785,311.84112273156643,12,0.0,-695.92091675,98.6829
CP-SCALE-AU-L002__g1800,79,6,270.81187495961785,311.84112273156643,16,0.0,-441.65099225,98.6503
CP-SCALE-AU-L002__g1800,79,6,270.81187495961785,311.84112273156643,24,0.0,-420.73360975,98.6448
CP-SCALE-AU-L002__g1800,79,6,270.81187495961785,311.84112273156643,30,0.0,-416.16676875,98.6473
CP-SCALE-AU-L002__g1800,79,7,311.8464322723448,353.8656812720001,-10,0.0,-64.45760375,98.6477
CP-SCALE-AU-L002__g1800,79,7,311.8464322723448,353.8656812720001,-5,0.0,-41.90386525,98.6465
CP-SCALE-AU-L002__g1800,79,7,311.8464322723448,353.8656812720001,0,0.0,0.0,98.6448
CP-SCALE-AU-L002__g1800,79,7,311.8464322723448,353.8656812720001,1,0.0,0.0,98.6448
CP-SCALE-AU-L002__g1800,79,7,311.8464322723448,353.8656812720001,5,0.0,-592.62037225,98.0946
CP-SCALE-AU-L002__g1800,79,7,311.8464322723448,353.8656812720001,8,0.0,-328.84736125,98.094
CP-SCALE-AU-L002__g1800,79,7,311.8464322723448,353.8656812720001,12,0.0,1588.1060555,0.0
CP-SCALE-AU-L002__g1800,79,7,311.8464322723448,353.8656812720001,16,0.0,1588.1060555,0.0
CP-SCALE-AU-L002__g1800,79,7,311.8464322723448,353.8656812720001,24,0.0,1588.1060555,0.0
CP-SCALE-AU-L002__g1800,79,7,311.8464322723448,353.8656812720001,30,0.0,1588.1060555,0.0
CP-SCALE-AU-L002__g1800,79,8,353.8715945892036,392.0027148872614,-10,0.0,0.0,0.0
CP-SCALE-AU-L002__g1800,79,8,353.8715945892036,392.0027148872614,-5,0.0,0.0,0.0
CP-SCALE-AU-L002__g1800,79,8,353.8715945892036,392.0027148872614,0,0.0,0.0,0.0
CP-SCALE-AU-L002__g1800,79,8,353.8715945892036,392.0027148872614,1,0.0,0.0,0.0
CP-SCALE-AU-L002__g1800,79,8,353.8715945892036,392.0027148872614,5,0.0,-1986.07501625,84.4015
CP-SCALE-AU-L002__g1800,79,8,353.8715945892036,392.0027148872614,8,0.0,-1492.67128475,83.365
CP-SCALE-AU-L002__g1800,79,8,353.8715945892036,392.0027148872614,12,0.0,-1237.68203225,83.1588
CP-SCALE-AU-L002__g1800,79,8,353.8715945892036,392.0027148872614,16,0.0,-1124.9371875,83.6174
CP-SCALE-AU-L002__g1800,79,8,353.8715945892036,392.0027148872614,24,0.0,-919.054194,83.2937
CP-SCALE-AU-L002__g1800,79,8,353.8715945892036,392.0027148872614,30,0.0,-918.94976925,83.57
CP-SCALE-AU-L002__g1800,79,9,392.00896618515253,431.1416783593595,-10,0.0,-133.42908875,83.57
CP-SCALE-AU-L002__g1800,79,9,392.00896618515253,431.1416783593595,-5,0.0,-132.134753,83.7352
CP-SCALE-AU-L002__g1800,79,9,392.00896618515253,431.1416783593595,0,0.0,0.0,83.6879
CP-SCALE-AU-L002__g1800,79,9,392.00896618515253,431.1416783593595,1,0.0,0.0,83.6879
CP-SCALE-AU-L002__g1800,79,9,392.00896618515253,431.1416783593595,5,0.0,-1083.3468855,85.3806
CP-SCALE-AU-L002__g1800,79,9,392.00896618515253,431.1416783593595,8,0.0,-638.078059,85.2405
CP-SCALE-AU-L002__g1800,79,9,392.00896618515253,431.1416783593595,12,0.0,-365.6220125,84.4527
CP-SCALE-AU-L002__g1800,79,9,392.00896618515253,431.1416783593595,16,0.0,-120.8423125,85.3817
CP-SCALE-AU-L002__g1800,79,9,392.00896618515253,431.1416783593595,24,0.0,90.40293625,85.1679
CP-SCALE-AU-L002__g1800,79,9,392.00896618515253,431.1416783593595,30,0.0,90.40293625,85.1679
CP-SCALE-AU-L002__g1800,79,12,512.2509147003293,552.2703409083188,-10,0.0,0.0,0.0
CP-SCALE-AU-L002__g1800,79,12,512.2509147003293,552.2703409083188,-5,0.0,0.0,0.0
CP-SCALE-AU-L002__g1800,79,12,512.2509147003293,552.2703409083188,0,0.0,0.0,0.0
CP-SCALE-AU-L002__g1800,79,12,512.2509147003293,552.2703409083188,1,0.0,0.0,0.0
CP-SCALE-AU-L002__g1800,79,12,512.2509147003293,552.2703409083188,5,0.0,-3049.9782645,86.2662
CP-SCALE-AU-L002__g1800,79,12,512.2509147003293,552.2703409083188,8,0.0,-2726.55333925,86.6543
CP-SCALE-AU-L002__g1800,79,12,512.2509147003293,552.2703409083188,12,0.0,0.0,0.0
CP-SCALE-AU-L002__g1800,79,12,512.2509147003293,552.2703409083188,16,0.0,0.0,0.0
CP-SCALE-AU-L002__g1800,79,12,512.2509147003293,552.2703409083188,24,0.0,0.0,0.0
CP-SCALE-AU-L002__g1800,79,12,512.2509147003293,552.2703409083188,30,0.0,0.0,0.0
CP-SCALE-AU-L002__g1800,79,14,594.326193280518,630.4450388364494,-10,0.0,0.0,0.0
CP-SCALE-AU-L002__g1800,79,14,594.326193280518,630.4450388364494,-5,0.0,0.0,0.0
CP-SCALE-AU-L002__g1800,79,14,594.326193280518,630.4450388364494,0,0.0,0.0,0.0
CP-SCALE-AU-L002__g1800,79,14,594.326193280518,630.4450388364494,1,0.0,0.0,0.0
CP-SCALE-AU-L002__g1800,79,14,594.326193280518,630.4450388364494,5,1.02455,-2308.788081,89.6722
CP-SCALE-AU-L002__g1800,79,14,594.326193280518,630.4450388364494,8,1.02455,-1811.35288,89.4429
CP-SCALE-AU-L002__g1800,79,14,594.326193280518,630.4450388364494,12,1.02455,-1771.208531,89.5964
CP-SCALE-AU-L002__g1800,79,14,594.326193280518,630.4450388364494,16,1.02455,-1760.40104375,89.8434
CP-SCALE-AU-L002__g1800,79,14,594.326193280518,630.4450388364494,24,1.02455,-1205.197127,90.3024
CP-SCALE-AU-L002__g1800,79,14,594.326193280518,630.4450388364494,30,1.02455,-1156.490023,90.2536
CP-SCALE-AU-L002__g1800,79,15,630.4505485780537,672.476090811193,-10,-3.867944,-156.73340275,90.3024
CP-SCALE-AU-L002__g1800,79,15,630.4505485780537,672.476090811193,-5,-1.658628,-101.66324475,90.2882
CP-SCALE-AU-L002__g1800,79,15,630.4505485780537,672.476090811193,0,0.0,0.0,90.1639
CP-SCALE-AU-L002__g1800,79,15,630.4505485780537,672.476090811193,1,0.0,0.0,90.1639
CP-SCALE-AU-L002__g1800,79,15,630.4505485780537,672.476090811193,5,0.0,-748.9706265,92.792
CP-SCALE-AU-L002__g1800,79,15,630.4505485780537,672.476090811193,8,0.0,-270.677365,92.0017
CP-SCALE-AU-L002__g1800,79,15,630.4505485780537,672.476090811193,12,0.0,-86.55553575,92.1064
CP-SCALE-AU-L002__g1800,79,15,630.4505485780537,672.476090811193,16,0.853651,35.3287805,92.4012
CP-SCALE-AU-L002__g1800,79,15,630.4505485780537,672.476090811193,24,1.02455,375.0741605,92.8694
CP-SCALE-AU-L002__g1800,79,15,630.4505485780537,672.476090811193,30,18.535483,380.36991525,92.6692
CP-SCALE-AU-L002__g1800,79,18,753.6832485720515,792.8115284852684,-10,0.0,0.0,1.2882
CP-SCALE-AU-L002__g1800,79,18,753.6832485720515,792.8115284852684,-5,0.0,0.0,1.2882
CP-SCALE-AU-L002__g1800,79,18,753.6832485720515,792.8115284852684,0,0.0,0.0,1.2882
CP-SCALE-AU-L002__g1800,79,18,753.6832485720515,792.8115284852684,1,0.0,0.0,1.2882
CP-SCALE-AU-L002__g1800,79,18,753.6832485720515,792.8115284852684,5,0.0,-2627.41794425,82.3331
CP-SCALE-AU-L002__g1800,79,18,753.6832485720515,792.8115284852684,8,0.0,-1746.26998675,82.2881
CP-SCALE-AU-L002__g1800,79,18,753.6832485720515,792.8115284852684,12,0.0,-1625.94704325,82.2966
CP-SCALE-AU-L002__g1800,79,18,753.6832485720515,792.8115284852684,16,0.0,-1614.691411,82.3529
CP-SCALE-AU-L002__g1800,79,18,753.6832485720515,792.8115284852684,24,0.0,-1409.68908775,82.3698
CP-SCALE-AU-L002__g1800,79,18,753.6832485720515,792.8115284852684,30,0.0,-1398.77561575,82.8326
CP-SCALE-AU-L002__g1800,83,0,31.92195390537381,74.94649223610759,-10,-1846.5919,-1846.5919,0.0
CP-SCALE-AU-L002__g1800,83,0,31.92195390537381,74.94649223610759,-5,-1842.689761,-1842.689761,0.0
CP-SCALE-AU-L002__g1800,83,0,31.92195390537381,74.94649223610759,0,0.0,0.0,0.0
CP-SCALE-AU-L002__g1800,83,0,31.92195390537381,74.94649223610759,1,0.0,0.0,0.0
CP-SCALE-AU-L002__g1800,83,0,31.92195390537381,74.94649223610759,5,42.414497,-1758.410722,89.4784
CP-SCALE-AU-L002__g1800,83,0,31.92195390537381,74.94649223610759,8,42.414497,-1342.3426765,89.0337
CP-SCALE-AU-L002__g1800,83,0,31.92195390537381,74.94649223610759,12,619.448021,-814.7462135,89.4946
CP-SCALE-AU-L002__g1800,83,0,31.92195390537381,74.94649223610759,16,769.114267,-646.49311325,89.5456
CP-SCALE-AU-L002__g1800,83,0,31.92195390537381,74.94649223610759,24,1105.687178,-369.7193775,89.7469
CP-SCALE-AU-L002__g1800,83,0,31.92195390537381,74.94649223610759,30,1132.063358,-30.30209325,89.8297
CP-SCALE-AU-L002__g1800,83,3,152.11680222675204,193.14170417934656,-10,-368.313075,-190.18683225,90.5586
CP-SCALE-AU-L002__g1800,83,3,152.11680222675204,193.14170417934656,-5,0.0,0.0,90.3253
CP-SCALE-AU-L002__g1800,83,3,152.11680222675204,193.14170417934656,0,0.0,0.0,90.3253
CP-SCALE-AU-L002__g1800,83,3,152.11680222675204,193.14170417934656,1,0.0,0.0,90.3253
CP-SCALE-AU-L002__g1800,83,3,152.11680222675204,193.14170417934656,5,0.0,-1099.79088575,97.6143
CP-SCALE-AU-L002__g1800,83,3,152.11680222675204,193.14170417934656,8,0.0,-1020.9728185,97.6828
CP-SCALE-AU-L002__g1800,83,3,152.11680222675204,193.14170417934656,12,0.0,-982.904209,97.7212
CP-SCALE-AU-L002__g1800,83,3,152.11680222675204,193.14170417934656,16,6.437167,-851.579398,97.7332
CP-SCALE-AU-L002__g1800,83,3,152.11680222675204,193.14170417934656,24,6.437167,-443.65187125,97.9037
CP-SCALE-AU-L002__g1800,83,3,152.11680222675204,193.14170417934656,30,28.424692,-421.54465625,97.9064
CP-SCALE-AU-L002__g1800,83,6,273.3932176530361,310.50219063460827,-10,0.0,-57.0636345,98.0519
CP-SCALE-AU-L002__g1800,83,6,273.3932176530361,310.50219063460827,-5,0.0,0.0,98.0532
CP-SCALE-AU-L002__g1800,83,6,273.3932176530361,310.50219063460827,0,0.0,0.0,98.0532
CP-SCALE-AU-L002__g1800,83,6,273.3932176530361,310.50219063460827,1,0.0,0.0,98.0532
CP-SCALE-AU-L002__g1800,83,6,273.3932176530361,310.50219063460827,5,0.0,-2401.773692,97.0263
CP-SCALE-AU-L002__g1800,83,6,273.3932176530361,310.50219063460827,8,0.0,-2057.311495,96.921
CP-SCALE-AU-L002__g1800,83,6,273.3932176530361,310.50219063460827,12,0.0,-1851.5469555,97.0578
CP-SCALE-AU-L002__g1800,83,6,273.3932176530361,310.50219063460827,16,0.0,-1413.799137,97.0851
CP-SCALE-AU-L002__g1800,83,6,273.3932176530361,310.50219063460827,24,0.0,-1307.20634275,97.0918
CP-SCALE-AU-L002__g1800,83,6,273.3932176530361,310.50219063460827,30,0.0,-971.267107,96.9465
CP-SCALE-AU-L002__g1800,83,9,390.7901862896979,432.82021812722087,-10,-167.549606,-42.46443775,97.3486
CP-SCALE-AU-L002__g1800,83,9,390.7901862896979,432.82021812722087,-5,-24.886777,-6.7987305,97.3494
CP-SCALE-AU-L002__g1800,83,9,390.7901862896979,432.82021812722087,0,0.0,0.0,97.4191
CP-SCALE-AU-L002__g1800,83,9,390.7901862896979,432.82021812722087,1,0.0,0.0,97.4191
CP-SCALE-AU-L002__g1800,83,9,390.7901862896979,432.82021812722087,5,26.526894,-2523.05369425,97.9438
CP-SCALE-AU-L002__g1800,83,9,390.7901862896979,432.82021812722087,8,26.526894,-2104.70208825,97.9064
CP-SCALE-AU-L002__g1800,83,9,390.7901862896979,432.82021812722087,12,26.526894,-1582.955839,97.9098
CP-SCALE-AU-L002__g1800,83,9,390.7901862896979,432.82021812722087,16,50.652084,-1317.0502895,98.0718
CP-SCALE-AU-L002__g1800,83,9,390.7901862896979,432.82021812722087,24,50.652084,-1284.28539,98.0769
CP-SCALE-AU-L002__g1800,83,9,390.7901862896979,432.82021812722087,30,50.652084,-1145.2806965,97.9445
CP-SCALE-AU-L002__g1800,83,11,473.9967629387975,517.033675391227,-10,0.0,0.0,98.1366
CP-SCALE-AU-L002__g1800,83,11,473.9967629387975,517.033675391227,-5,0.0,0.0,98.1366
CP-SCALE-AU-L002__g1800,83,11,473.9967629387975,517.033675391227,0,0.0,0.0,98.1366
CP-SCALE-AU-L002__g1800,83,11,473.9967629387975,517.033675391227,1,0.0,0.0,98.1366
CP-SCALE-AU-L002__g1800,83,11,473.9967629387975,517.033675391227,5,0.0,-1456.37188925,97.998
CP-SCALE-AU-L002__g1800,83,11,473.9967629387975,517.033675391227,8,0.0,-830.76374125,98.2381
CP-SCALE-AU-L002__g1800,83,11,473.9967629387975,517.033675391227,12,0.0,-538.66648325,98.3006
CP-SCALE-AU-L002__g1800,83,11,473.9967629387975,517.033675391227,16,0.0,-494.0906855,98.47
CP-SCALE-AU-L002__g1800,83,11,473.9967629387975,517.033675391227,24,0.0,-331.80227625,98.3813
CP-SCALE-AU-L002__g1800,83,11,473.9967629387975,517.033675391227,30,0.0,-294.58023325,98.4466
CP-SCALE-AU-L002__g1800,83,12,517.0489156208932,552.1117377877235,-10,0.0,-84.964585,98.3495
CP-SCALE-AU-L002__g1800,83,12,517.0489156208932,552.1117377877235,-5,0.0,-83.52330725,98.4506
CP-SCALE-AU-L002__g1800,83,12,517.0489156208932,552.1117377877235,0,0.0,0.0,98.4551
CP-SCALE-AU-L002__g1800,83,12,517.0489156208932,552.1117377877235,1,0.0,0.0,98.4551
CP-SCALE-AU-L002__g1800,83,12,517.0489156208932,552.1117377877235,5,43.341305,-855.9808535,98.3564
CP-SCALE-AU-L002__g1800,83,12,517.0489156208932,552.1117377877235,8,53.274284,-195.595502,98.2194
CP-SCALE-AU-L002__g1800,83,12,517.0489156208932,552.1117377877235,12,53.274284,-135.404451,98.2212
CP-SCALE-AU-L002__g1800,83,12,517.0489156208932,552.1117377877235,16,53.274284,64.8376685,98.1917
CP-SCALE-AU-L002__g1800,83,12,517.0489156208932,552.1117377877235,24,356.923842,217.2618115,98.224
CP-SCALE-AU-L002__g1800,83,12,517.0489156208932,552.1117377877235,30,356.923842,282.2078625,98.3558
CP-SCALE-AU-L002__g1800,83,16,674.7380795478821,713.8699249327183,-10,0.0,-22.58074775,98.4906
CP-SCALE-AU-L002__g1800,83,16,674.7380795478821,713.8699249327183,-5,0.0,-22.33671275,98.4911
CP-SCALE-AU-L002__g1800,83,16,674.7380795478821,713.8699249327183,0,0.0,0.0,98.4902
CP-SCALE-AU-L002__g1800,83,16,674.7380795478821,713.8699249327183,1,0.0,0.0,98.4902
CP-SCALE-AU-L002__g1800,83,16,674.7380795478821,713.8699249327183,5,0.0,-2147.532321,97.1169
CP-SCALE-AU-L002__g1800,83,16,674.7380795478821,713.8699249327183,8,0.0,-1758.480236,97.1352
CP-SCALE-AU-L002__g1800,83,16,674.7380795478821,713.8699249327183,12,8.132038,-1478.4350315,97.619
CP-SCALE-AU-L002__g1800,83,16,674.7380795478821,713.8699249327183,16,8.132038,-1423.43405525,97.5875
CP-SCALE-AU-L002__g1800,83,16,674.7380795478821,713.8699249327183,24,8.132038,-1292.23248625,97.689
CP-SCALE-AU-L002__g1800,83,16,674.7380795478821,713.8699249327183,30,8.132038,-1290.5455615,97.692
CP-SCALE-AU-L002__gW0340_gE1200_s0150,67,0,30.06444599106908,70.08314902335405,-10,-310.962869,-310.962869,0.0
CP-SCALE-AU-L002__gW0340_gE1200_s0150,67,0,30.06444599106908,70.08314902335405,-5,-177.720472,-177.720472,0.0
CP-SCALE-AU-L002__gW0340_gE1200_s0150,67,0,30.06444599106908,70.08314902335405,0,0.0,0.0,0.0
CP-SCALE-AU-L002__gW0340_gE1200_s0150,67,0,30.06444599106908,70.08314902335405,1,0.0,0.0,0.0
CP-SCALE-AU-L002__gW0340_gE1200_s0150,67,0,30.06444599106908,70.08314902335405,5,325.668562,-2501.1035475,90.2288
CP-SCALE-AU-L002__gW0340_gE1200_s0150,67,0,30.06444599106908,70.08314902335405,8,510.897319,-1797.785628,90.4003
CP-SCALE-AU-L002__gW0340_gE1200_s0150,67,0,30.06444599106908,70.08314902335405,12,692.649801,-1274.52841925,90.7799
CP-SCALE-AU-L002__gW0340_gE1200_s0150,67,0,30.06444599106908,70.08314902335405,16,1309.825841,-364.24049675,91.2928
CP-SCALE-AU-L002__gW0340_gE1200_s0150,67,0,30.06444599106908,70.08314902335405,24,1860.49614,808.546237,91.2844
CP-SCALE-AU-L002__gW0340_gE1200_s0150,67,0,30.06444599106908,70.08314902335405,30,2001.848433,1056.71589275,91.431
CP-SCALE-AU-L002__gW0340_gE1200_s0150,67,1,70.08868458122015,111.10949659720063,-10,-130.73825,-626.16088375,91.431
CP-SCALE-AU-L002__gW0340_gE1200_s0150,67,1,70.08868458122015,111.10949659720063,-5,-22.859626,-289.19102875,91.5018
CP-SCALE-AU-L002__gW0340_gE1200_s0150,67,1,70.08868458122015,111.10949659720063,0,0.0,0.0,91.4879
CP-SCALE-AU-L002__gW0340_gE1200_s0150,67,1,70.08868458122015,111.10949659720063,1,0.0,0.0,91.4879
CP-SCALE-AU-L002__gW0340_gE1200_s0150,67,1,70.08868458122015,111.10949659720063,5,0.0,-2244.438443,91.0298
CP-SCALE-AU-L002__gW0340_gE1200_s0150,67,1,70.08868458122015,111.10949659720063,8,0.0,-1558.755571,91.2288
CP-SCALE-AU-L002__gW0340_gE1200_s0150,67,1,70.08868458122015,111.10949659720063,12,0.0,-979.2096745,91.3826
CP-SCALE-AU-L002__gW0340_gE1200_s0150,67,1,70.08868458122015,111.10949659720063,16,191.143002,-729.20428475,91.5294
CP-SCALE-AU-L002__gW0340_gE1200_s0150,67,1,70.08868458122015,111.10949659720063,24,616.10932,397.64949175,91.8542
CP-SCALE-AU-L002__gW0340_gE1200_s0150,67,1,70.08868458122015,111.10949659720063,30,691.531872,654.2467135,91.5126
CP-SCALE-AU-L002__gW0340_gE1200_s0150,67,2,111.11409231647849,150.72103276476264,-10,-645.659121,-608.97065875,91.542
CP-SCALE-AU-L002__gW0340_gE1200_s0150,67,2,111.11409231647849,150.72103276476264,-5,-339.046353,-346.41191775,91.61
CP-SCALE-AU-L002__gW0340_gE1200_s0150,67,2,111.11409231647849,150.72103276476264,0,0.0,0.0,91.6826
CP-SCALE-AU-L002__gW0340_gE1200_s0150,67,2,111.11409231647849,150.72103276476264,1,0.0,0.0,91.6826
CP-SCALE-AU-L002__gW0340_gE1200_s0150,67,2,111.11409231647849,150.72103276476264,5,74.865725,-2853.436096,91.784
CP-SCALE-AU-L002__gW0340_gE1200_s0150,67,2,111.11409231647849,150.72103276476264,8,119.752868,-2370.61273075,91.5345
CP-SCALE-AU-L002__gW0340_gE1200_s0150,67,2,111.11409231647849,150.72103276476264,12,156.540439,-1817.0058,91.9488
CP-SCALE-AU-L002__gW0340_gE1200_s0150,67,2,111.11409231647849,150.72103276476264,16,250.933144,-1534.30715075,91.9217
CP-SCALE-AU-L002__gW0340_gE1200_s0150,67,2,111.11409231647849,150.72103276476264,24,386.181277,-742.34884525,91.5798
CP-SCALE-AU-L002__gW0340_gE1200_s0150,67,2,111.11409231647849,150.72103276476264,30,386.181277,-360.417389,91.2588
CP-SCALE-AU-L002__gW0340_gE1200_s0150,67,5,231.91582815349102,271.93485471606255,-10,-57.958989,-22.9254825,92.0525
CP-SCALE-AU-L002__gW0340_gE1200_s0150,67,5,231.91582815349102,271.93485471606255,-5,-57.958989,-19.91037775,92.0058
CP-SCALE-AU-L002__gW0340_gE1200_s0150,67,5,231.91582815349102,271.93485471606255,0,0.0,0.0,91.9765
CP-SCALE-AU-L002__gW0340_gE1200_s0150,67,5,231.91582815349102,271.93485471606255,1,0.0,0.0,91.9765
CP-SCALE-AU-L002__gW0340_gE1200_s0150,67,5,231.91582815349102,271.93485471606255,5,0.0,-2192.748824,92.1416
CP-SCALE-AU-L002__gW0340_gE1200_s0150,67,5,231.91582815349102,271.93485471606255,8,0.0,-1327.68599675,92.0661
CP-SCALE-AU-L002__gW0340_gE1200_s0150,67,5,231.91582815349102,271.93485471606255,12,0.0,-921.8854115,92.1113
CP-SCALE-AU-L002__gW0340_gE1200_s0150,67,5,231.91582815349102,271.93485471606255,16,136.287191,-545.0869005,91.9145
CP-SCALE-AU-L002__gW0340_gE1200_s0150,67,5,231.91582815349102,271.93485471606255,24,222.80747,-177.59860775,92.0794
CP-SCALE-AU-L002__gW0340_gE1200_s0150,67,5,231.91582815349102,271.93485471606255,30,268.416725,64.760571,91.9037
CP-SCALE-AU-L002__gW0340_gE1200_s0150,67,7,312.0724783837795,351.1996050924063,-10,-35.810292,-112.0295325,91.8653
CP-SCALE-AU-L002__gW0340_gE1200_s0150,67,7,312.0724783837795,351.1996050924063,-5,-35.810292,-22.8837975,91.6631
CP-SCALE-AU-L002__gW0340_gE1200_s0150,67,7,312.0724783837795,351.1996050924063,0,0.0,0.0,91.691
CP-SCALE-AU-L002__gW0340_gE1200_s0150,67,7,312.0724783837795,351.1996050924063,1,0.0,0.0,91.691
CP-SCALE-AU-L002__gW0340_gE1200_s0150,67,7,312.0724783837795,351.1996050924063,5,0.0,-2697.52851525,91.0834
CP-SCALE-AU-L002__gW0340_gE1200_s0150,67,7,312.0724783837795,351.1996050924063,8,0.0,-1984.32215125,91.2302
CP-SCALE-AU-L002__gW0340_gE1200_s0150,67,7,312.0724783837795,351.1996050924063,12,31.127599,-1591.40015225,91.38
CP-SCALE-AU-L002__gW0340_gE1200_s0150,67,7,312.0724783837795,351.1996050924063,16,31.127599,-1437.7125765,91.3362
CP-SCALE-AU-L002__gW0340_gE1200_s0150,67,7,312.0724783837795,351.1996050924063,24,31.127599,-1048.6601965,91.2048
CP-SCALE-AU-L002__gW0340_gE1200_s0150,67,7,312.0724783837795,351.1996050924063,30,73.599641,-951.229799,91.2997
CP-SCALE-AU-L002__gW0340_gE1200_s0150,67,9,391.34834652394056,430.48158614337444,-10,-40.631806,-140.68364875,91.8049
CP-SCALE-AU-L002__gW0340_gE1200_s0150,67,9,391.34834652394056,430.48158614337444,-5,0.0,-95.38137275,91.9288
CP-SCALE-AU-L002__gW0340_gE1200_s0150,67,9,391.34834652394056,430.48158614337444,0,0.0,0.0,91.9338
CP-SCALE-AU-L002__gW0340_gE1200_s0150,67,9,391.34834652394056,430.48158614337444,1,0.0,0.0,91.9338
CP-SCALE-AU-L002__gW0340_gE1200_s0150,67,9,391.34834652394056,430.48158614337444,5,0.0,-2465.86933125,92.2487
CP-SCALE-AU-L002__gW0340_gE1200_s0150,67,9,391.34834652394056,430.48158614337444,8,0.0,-1947.4287145,92.1706
CP-SCALE-AU-L002__gW0340_gE1200_s0150,67,9,391.34834652394056,430.48158614337444,12,0.0,-1334.7617975,92.2615
CP-SCALE-AU-L002__gW0340_gE1200_s0150,67,9,391.34834652394056,430.48158614337444,16,0.0,-858.88049025,92.2519
CP-SCALE-AU-L002__gW0340_gE1200_s0150,67,9,391.34834652394056,430.48158614337444,24,0.0,-644.72058725,92.3251
CP-SCALE-AU-L002__gW0340_gE1200_s0150,67,9,391.34834652394056,430.48158614337444,30,109.401506,-442.82605375,92.3378
CP-SCALE-AU-L002__gW0340_gE1200_s0150,67,13,551.7493597231805,592.7728242874146,-10,0.0,0.0,0.0
CP-SCALE-AU-L002__gW0340_gE1200_s0150,67,13,551.7493597231805,592.7728242874146,-5,0.0,0.0,0.0
CP-SCALE-AU-L002__gW0340_gE1200_s0150,67,13,551.7493597231805,592.7728242874146,0,0.0,0.0,0.0
CP-SCALE-AU-L002__gW0340_gE1200_s0150,67,13,551.7493597231805,592.7728242874146,1,0.0,0.0,0.0
CP-SCALE-AU-L002__gW0340_gE1200_s0150,67,13,551.7493597231805,592.7728242874146,5,0.0,-4212.206181,89.7052
CP-SCALE-AU-L002__gW0340_gE1200_s0150,67,13,551.7493597231805,592.7728242874146,8,0.0,-3159.55565625,89.4809
CP-SCALE-AU-L002__gW0340_gE1200_s0150,67,13,551.7493597231805,592.7728242874146,12,0.0,-2669.923882,89.7447
CP-SCALE-AU-L002__gW0340_gE1200_s0150,67,13,551.7493597231805,592.7728242874146,16,41.428868,-2367.81698475,89.7912
CP-SCALE-AU-L002__gW0340_gE1200_s0150,67,13,551.7493597231805,592.7728242874146,24,41.428868,-1968.00906975,90.4056
CP-SCALE-AU-L002__gW0340_gE1200_s0150,67,13,551.7493597231805,592.7728242874146,30,131.805973,-1828.4964605,90.554
CP-SCALE-AU-L002__gW0340_gE1200_s0150,67,16,672.8693799450994,712.0066558606923,-10,0.0,0.0,0.0
CP-SCALE-AU-L002__gW0340_gE1200_s0150,67,16,672.8693799450994,712.0066558606923,-5,0.0,0.0,0.0
CP-SCALE-AU-L002__gW0340_gE1200_s0150,67,16,672.8693799450994,712.0066558606923,0,0.0,0.0,0.0
CP-SCALE-AU-L002__gW0340_gE1200_s0150,67,16,672.8693799450994,712.0066558606923,1,0.0,0.0,0.0
CP-SCALE-AU-L002__gW0340_gE1200_s0150,67,16,672.8693799450994,712.0066558606923,5,0.0,-4212.363303,89.4615
CP-SCALE-AU-L002__gW0340_gE1200_s0150,67,16,672.8693799450994,712.0066558606923,8,0.0,-3166.212097,89.5646
CP-SCALE-AU-L002__gW0340_gE1200_s0150,67,16,672.8693799450994,712.0066558606923,12,0.0,-2663.74943625,89.8001
CP-SCALE-AU-L002__gW0340_gE1200_s0150,67,16,672.8693799450994,712.0066558606923,16,0.0,-2252.64399375,89.7288
CP-SCALE-AU-L002__gW0340_gE1200_s0150,67,16,672.8693799450994,712.0066558606923,24,0.0,-1886.408885,89.86
CP-SCALE-AU-L002__gW0340_gE1200_s0150,67,16,672.8693799450994,712.0066558606923,30,0.0,-1574.5720695,89.9151
CP-SCALE-AU-L002__gW0340_gE1200_s0150,67,17,712.0129631832242,753.035936459899,-10,0.0,-125.296556,89.9151
CP-SCALE-AU-L002__gW0340_gE1200_s0150,67,17,712.0129631832242,753.035936459899,-5,0.0,-73.85640725,89.9702
CP-SCALE-AU-L002__gW0340_gE1200_s0150,67,17,712.0129631832242,753.035936459899,0,0.0,0.0,89.9679
CP-SCALE-AU-L002__gW0340_gE1200_s0150,67,17,712.0129631832242,753.035936459899,1,0.0,0.0,89.9679
CP-SCALE-AU-L002__gW0340_gE1200_s0150,67,17,712.0129631832242,753.035936459899,5,0.0,-2325.649285,89.1685
CP-SCALE-AU-L002__gW0340_gE1200_s0150,67,17,712.0129631832242,753.035936459899,8,0.0,-1482.018883,88.9094
CP-SCALE-AU-L002__gW0340_gE1200_s0150,67,17,712.0129631832242,753.035936459899,12,0.0,-1013.821142,88.4481
CP-SCALE-AU-L002__gW0340_gE1200_s0150,67,17,712.0129631832242,753.035936459899,16,0.0,-777.04379925,88.2694
CP-SCALE-AU-L002__gW0340_gE1200_s0150,67,17,712.0129631832242,753.035936459899,24,0.0,-607.39611725,88.3758
CP-SCALE-AU-L002__gW0340_gE1200_s0150,67,17,712.0129631832242,753.035936459899,30,0.0,-513.506138,88.2284
CP-SCALE-AU-L002__gW0340_gE1200_s0150,67,19,790.3926288485527,831.414387717843,-10,0.0,0.0,0.0
CP-SCALE-AU-L002__gW0340_gE1200_s0150,67,19,790.3926288485527,831.414387717843,-5,0.0,0.0,0.0
CP-SCALE-AU-L002__gW0340_gE1200_s0150,67,19,790.3926288485527,831.414387717843,0,0.0,0.0,0.0
CP-SCALE-AU-L002__gW0340_gE1200_s0150,67,19,790.3926288485527,831.414387717843,1,0.0,0.0,0.0
CP-SCALE-AU-L002__gW0340_gE1200_s0150,67,19,790.3926288485527,831.414387717843,5,0.0,-3591.07666375,90.133
CP-SCALE-AU-L002__gW0340_gE1200_s0150,67,19,790.3926288485527,831.414387717843,8,0.0,-3101.83949175,90.5164
CP-SCALE-AU-L002__gW0340_gE1200_s0150,67,19,790.3926288485527,831.414387717843,12,0.0,-2726.4792145,90.7225
CP-SCALE-AU-L002__gW0340_gE1200_s0150,67,19,790.3926288485527,831.414387717843,16,54.084846,-2564.3244485,90.9008
CP-SCALE-AU-L002__gW0340_gE1200_s0150,67,19,790.3926288485527,831.414387717843,24,82.033283,-2220.8758435,90.8843
CP-SCALE-AU-L002__gW0340_gE1200_s0150,67,19,790.3926288485527,831.414387717843,30,120.701362,-2071.2254105,91.0305
CP-SCALE-AU-L002__gW0340_gE1200_s0150,67,20,831.4371770843863,900.0045064724982,-10,0.0,-301.9857995,90.9791
CP-SCALE-AU-L002__gW0340_gE1200_s0150,67,20,831.4371770843863,900.0045064724982,-5,0.0,-155.30451725,90.909
CP-SCALE-AU-L002__gW0340_gE1200_s0150,67,20,831.4371770843863,900.0045064724982,0,0.0,0.0,91.1844
CP-SCALE-AU-L002__gW0340_gE1200_s0150,67,20,831.4371770843863,900.0045064724982,1,0.0,0.0,91.1844
CP-SCALE-AU-L002__gW0340_gE1200_s0150,67,20,831.4371770843863,900.0045064724982,5,0.0,-2083.36327925,90.6021
CP-SCALE-AU-L002__gW0340_gE1200_s0150,67,20,831.4371770843863,900.0045064724982,8,0.0,-1460.1791955,90.6584
CP-SCALE-AU-L002__gW0340_gE1200_s0150,67,20,831.4371770843863,900.0045064724982,12,0.0,-640.5783885,90.9648
CP-SCALE-AU-L002__gW0340_gE1200_s0150,67,20,831.4371770843863,900.0045064724982,16,0.0,-359.538628,90.9627
CP-SCALE-AU-L002__gW0340_gE1200_s0150,67,20,831.4371770843863,900.0045064724982,24,0.0,-87.99082275,90.6712
CP-SCALE-AU-L002__gW0340_gE1200_s0150,67,20,831.4371770843863,900.0045064724982,30,0.0,28.8078615,90.7251
CP-SCALE-AU-L002__gW0340_gE1200_s0150,71,0,35.91952683404088,73.03389551118016,-10,-935.716142,-935.716142,0.0
CP-SCALE-AU-L002__gW0340_gE1200_s0150,71,0,35.91952683404088,73.03389551118016,-5,-675.433594,-675.433594,0.0
CP-SCALE-AU-L002__gW0340_gE1200_s0150,71,0,35.91952683404088,73.03389551118016,0,0.0,0.0,0.0
CP-SCALE-AU-L002__gW0340_gE1200_s0150,71,0,35.91952683404088,73.03389551118016,1,0.0,0.0,0.0
CP-SCALE-AU-L002__gW0340_gE1200_s0150,71,0,35.91952683404088,73.03389551118016,5,102.030872,-2107.626608,91.6835
CP-SCALE-AU-L002__gW0340_gE1200_s0150,71,0,35.91952683404088,73.03389551118016,8,351.987585,-1518.2367775,91.5458
CP-SCALE-AU-L002__gW0340_gE1200_s0150,71,0,35.91952683404088,73.03389551118016,12,494.551907,-1041.518041,91.2558
CP-SCALE-AU-L002__gW0340_gE1200_s0150,71,0,35.91952683404088,73.03389551118016,16,503.876697,-628.49686975,91.286
CP-SCALE-AU-L002__gW0340_gE1200_s0150,71,0,35.91952683404088,73.03389551118016,24,628.148172,-276.54391475,91.3938
CP-SCALE-AU-L002__gW0340_gE1200_s0150,71,0,35.91952683404088,73.03389551118016,30,839.517271,-43.07052625,91.5474
CP-SCALE-AU-L002__gW0340_gE1200_s0150,71,2,114.17428001761436,152.28622516989708,-10,-31.952526,-154.934028,91.7443
CP-SCALE-AU-L002__gW0340_gE1200_s0150,71,2,114.17428001761436,152.28622516989708,-5,0.0,-3.810124,91.6052
CP-SCALE-AU-L002__gW0340_gE1200_s0150,71,2,114.17428001761436,152.28622516989708,0,0.0,0.0,91.6287
CP-SCALE-AU-L002__gW0340_gE1200_s0150,71,2,114.17428001761436,152.28622516989708,1,0.0,0.0,91.6287
CP-SCALE-AU-L002__gW0340_gE1200_s0150,71,2,114.17428001761436,152.28622516989708,5,2.857967,-2011.513573,90.2336
CP-SCALE-AU-L002__gW0340_gE1200_s0150,71,2,114.17428001761436,152.28622516989708,8,3.353544,-1633.70590375,90.2137
CP-SCALE-AU-L002__gW0340_gE1200_s0150,71,2,114.17428001761436,152.28622516989708,12,3.353544,-1202.9384835,90.2835
CP-SCALE-AU-L002__gW0340_gE1200_s0150,71,2,114.17428001761436,152.28622516989708,16,175.472635,-897.85751925,90.5293
CP-SCALE-AU-L002__gW0340_gE1200_s0150,71,2,114.17428001761436,152.28622516989708,24,270.565525,-478.43461525,90.6521
CP-SCALE-AU-L002__gW0340_gE1200_s0150,71,2,114.17428001761436,152.28622516989708,30,363.06408,-77.3165505,90.8421
CP-SCALE-AU-L002__gW0340_gE1200_s0150,71,6,272.6887365207076,312.70468505099416,-10,-9.018693,-48.16783325,91.1682
CP-SCALE-AU-L002__gW0340_gE1200_s0150,71,6,272.6887365207076,312.70468505099416,-5,-9.018693,-18.829164,91.1663
CP-SCALE-AU-L002__gW0340_gE1200_s0150,71,6,272.6887365207076,312.70468505099416,0,0.0,0.0,91.0281
CP-SCALE-AU-L002__gW0340_gE1200_s0150,71,6,272.6887365207076,312.70468505099416,1,0.0,0.0,91.0281
CP-SCALE-AU-L002__gW0340_gE1200_s0150,71,6,272.6887365207076,312.70468505099416,5,43.633369,-2349.75694925,97.771
CP-SCALE-AU-L002__gW0340_gE1200_s0150,71,6,272.6887365207076,312.70468505099416,8,43.633369,-1614.137467,97.7375
CP-SCALE-AU-L002__gW0340_gE1200_s0150,71,6,272.6887365207076,312.70468505099416,12,43.633369,-1054.610077,97.5306
CP-SCALE-AU-L002__gW0340_gE1200_s0150,71,6,272.6887365207076,312.70468505099416,16,122.978548,-767.98034825,97.429
CP-SCALE-AU-L002__gW0340_gE1200_s0150,71,6,272.6887365207076,312.70468505099416,24,184.767967,-439.07799775,97.4251
CP-SCALE-AU-L002__gW0340_gE1200_s0150,71,6,272.6887365207076,312.70468505099416,30,184.767967,-329.87896075,97.4449
CP-SCALE-AU-L002__gW0340_gE1200_s0150,71,14,590.691637776792,632.7189103290439,-10,0.0,0.0,97.6593
CP-SCALE-AU-L002__gW0340_gE1200_s0150,71,14,590.691637776792,632.7189103290439,-5,0.0,0.0,97.6593
CP-SCALE-AU-L002__gW0340_gE1200_s0150,71,14,590.691637776792,632.7189103290439,0,0.0,0.0,97.6593
CP-SCALE-AU-L002__gW0340_gE1200_s0150,71,14,590.691637776792,632.7189103290439,1,0.0,0.0,97.6593
CP-SCALE-AU-L002__gW0340_gE1200_s0150,71,14,590.691637776792,632.7189103290439,5,0.0,-3474.27277575,97.8673
CP-SCALE-AU-L002__gW0340_gE1200_s0150,71,14,590.691637776792,632.7189103290439,8,93.589215,-2780.68530775,97.8206
CP-SCALE-AU-L002__gW0340_gE1200_s0150,71,14,590.691637776792,632.7189103290439,12,93.589215,-2055.746426,97.8889
CP-SCALE-AU-L002__gW0340_gE1200_s0150,71,14,590.691637776792,632.7189103290439,16,93.589215,-1785.1283625,98.0122
CP-SCALE-AU-L002__gW0340_gE1200_s0150,71,14,590.691637776792,632.7189103290439,24,93.589215,-1380.42652975,98.0106
CP-SCALE-AU-L002__gW0340_gE1200_s0150,71,14,590.691637776792,632.7189103290439,30,93.589215,-1117.2647005,98.0972
CP-SCALE-AU-L002__gW0340_gE1200_s0150,71,15,632.7242041192949,671.936185695231,-10,0.0,-350.99307625,98.0641
CP-SCALE-AU-L002__gW0340_gE1200_s0150,71,15,632.7242041192949,671.936185695231,-5,0.0,-191.0968595,98.0453
CP-SCALE-AU-L002__gW0340_gE1200_s0150,71,15,632.7242041192949,671.936185695231,0,0.0,0.0,97.9422
CP-SCALE-AU-L002__gW0340_gE1200_s0150,71,15,632.7242041192949,671.936185695231,1,0.0,0.0,97.9422
CP-SCALE-AU-L002__gW0340_gE1200_s0150,71,15,632.7242041192949,671.936185695231,5,0.0,-2746.39286625,97.5919
CP-SCALE-AU-L002__gW0340_gE1200_s0150,71,15,632.7242041192949,671.936185695231,8,0.0,-2058.046407,97.4785
CP-SCALE-AU-L002__gW0340_gE1200_s0150,71,15,632.7242041192949,671.936185695231,12,0.0,-1695.5919175,97.4466
CP-SCALE-AU-L002__gW0340_gE1200_s0150,71,15,632.7242041192949,671.936185695231,16,0.0,-1498.4330215,97.3635
CP-SCALE-AU-L002__gW0340_gE1200_s0150,71,15,632.7242041192949,671.936185695231,24,185.909866,-815.9685995,97.2868
CP-SCALE-AU-L002__gW0340_gE1200_s0150,71,15,632.7242041192949,671.936185695231,30,185.909866,-657.58651975,97.3934
CP-SCALE-AU-L002__gW0340_gE1200_s0150,71,16,671.9416651539505,711.9587654806674,-10,0.0,-124.2822465,97.3934
CP-SCALE-AU-L002__gW0340_gE1200_s0150,71,16,671.9416651539505,711.9587654806674,-5,0.0,-56.7004485,97.3776
CP-SCALE-AU-L002__gW0340_gE1200_s0150,71,16,671.9416651539505,711.9587654806674,0,0.0,0.0,97.4311
CP-SCALE-AU-L002__gW0340_gE1200_s0150,71,16,671.9416651539505,711.9587654806674,1,0.0,0.0,97.4311
CP-SCALE-AU-L002__gW0340_gE1200_s0150,71,16,671.9416651539505,711.9587654806674,5,0.0,-1753.013071,98.023
CP-SCALE-AU-L002__gW0340_gE1200_s0150,71,16,671.9416651539505,711.9587654806674,8,0.0,-1273.89072575,98.0611
CP-SCALE-AU-L002__gW0340_gE1200_s0150,71,16,671.9416651539505,711.9587654806674,12,0.0,-965.0542235,98.0608
CP-SCALE-AU-L002__gW0340_gE1200_s0150,71,16,671.9416651539505,711.9587654806674,16,0.0,-705.05494675,98.043
CP-SCALE-AU-L002__gW0340_gE1200_s0150,71,16,671.9416651539505,711.9587654806674,24,0.0,-91.242378,98.1088
CP-SCALE-AU-L002__gW0340_gE1200_s0150,71,16,671.9416651539505,711.9587654806674,30,0.0,242.54980925,98.1271
CP-SCALE-AU-L002__gW0340_gE1200_s0150,71,17,711.9641565307975,751.1082594245672,-10,0.0,-276.25313375,98.1271
CP-SCALE-AU-L002__gW0340_gE1200_s0150,71,17,711.9641565307975,751.1082594245672,-5,0.0,-229.54135525,98.0914
CP-SCALE-AU-L002__gW0340_gE1200_s0150,71,17,711.9641565307975,751.1082594245672,0,0.0,0.0,98.1417
CP-SCALE-AU-L002__gW0340_gE1200_s0150,71,17,711.9641565307975,751.1082594245672,1,0.0,0.0,98.1417
CP-SCALE-AU-L002__gW0340_gE1200_s0150,71,17,711.9641565307975,751.1082594245672,5,0.0,-2105.40122625,97.6744
CP-SCALE-AU-L002__gW0340_gE1200_s0150,71,17,711.9641565307975,751.1082594245672,8,0.0,-1336.7196395,97.6043
CP-SCALE-AU-L002__gW0340_gE1200_s0150,71,17,711.9641565307975,751.1082594245672,12,100.090599,-410.44630675,97.6546
CP-SCALE-AU-L002__gW0340_gE1200_s0150,71,17,711.9641565307975,751.1082594245672,16,100.090599,-248.96637875,97.6427
CP-SCALE-AU-L002__gW0340_gE1200_s0150,71,17,711.9641565307975,751.1082594245672,24,100.090599,-25.01849775,97.6616
CP-SCALE-AU-L002__gW0340_gE1200_s0150,71,17,711.9641565307975,751.1082594245672,30,100.090599,225.9851715,97.6293
CP-SCALE-AU-L002__gW0340_gE1200_s0150,71,18,751.1137436367571,791.129063937813,-10,0.0,-146.42214825,97.6293
CP-SCALE-AU-L002__gW0340_gE1200_s0150,71,18,751.1137436367571,791.129063937813,-5,0.0,-69.19001375,97.6281
CP-SCALE-AU-L002__gW0340_gE1200_s0150,71,18,751.1137436367571,791.129063937813,0,0.0,0.0,97.6277
CP-SCALE-AU-L002__gW0340_gE1200_s0150,71,18,751.1137436367571,791.129063937813,1,0.0,0.0,97.6277
CP-SCALE-AU-L002__gW0340_gE1200_s0150,71,18,751.1137436367571,791.129063937813,5,0.0,-2842.73913875,97.8051
CP-SCALE-AU-L002__gW0340_gE1200_s0150,71,18,751.1137436367571,791.129063937813,8,0.0,-2128.0815455,97.7737
CP-SCALE-AU-L002__gW0340_gE1200_s0150,71,18,751.1137436367571,791.129063937813,12,0.0,-1638.50010025,97.5695
CP-SCALE-AU-L002__gW0340_gE1200_s0150,71,18,751.1137436367571,791.129063937813,16,0.0,-1218.037401,97.6511
CP-SCALE-AU-L002__gW0340_gE1200_s0150,71,18,751.1137436367571,791.129063937813,24,0.0,-821.00937625,97.6356
CP-SCALE-AU-L002__gW0340_gE1200_s0150,71,18,751.1137436367571,791.129063937813,30,0.0,-512.02038625,97.5731
CP-SCALE-AU-L002__gW0340_gE1200_s0150,71,19,791.1342025697231,831.1529805213213,-10,0.0,-201.18835525,97.5731
CP-SCALE-AU-L002__gW0340_gE1200_s0150,71,19,791.1342025697231,831.1529805213213,-5,0.0,-94.630496,97.6384
CP-SCALE-AU-L002__gW0340_gE1200_s0150,71,19,791.1342025697231,831.1529805213213,0,0.0,0.0,97.64
CP-SCALE-AU-L002__gW0340_gE1200_s0150,71,19,791.1342025697231,831.1529805213213,1,0.0,0.0,97.64
CP-SCALE-AU-L002__gW0340_gE1200_s0150,71,19,791.1342025697231,831.1529805213213,5,0.0,-1960.614253,97.9824
CP-SCALE-AU-L002__gW0340_gE1200_s0150,71,19,791.1342025697231,831.1529805213213,8,0.0,-1384.63782125,97.9794
CP-SCALE-AU-L002__gW0340_gE1200_s0150,71,19,791.1342025697231,831.1529805213213,12,0.0,-1130.061369,97.9152
CP-SCALE-AU-L002__gW0340_gE1200_s0150,71,19,791.1342025697231,831.1529805213213,16,0.0,-869.191147,97.9456
CP-SCALE-AU-L002__gW0340_gE1200_s0150,71,19,791.1342025697231,831.1529805213213,24,105.735969,-396.3028565,97.8423
CP-SCALE-AU-L002__gW0340_gE1200_s0150,71,19,791.1342025697231,831.1529805213213,30,105.735969,-254.4734635,97.8408
CP-SCALE-AU-L002__gW0340_gE1200_s0150,73,1,70.22772780433297,110.244822204113,-10,-106.184348,-189.1188115,21.3994
CP-SCALE-AU-L002__gW0340_gE1200_s0150,73,1,70.22772780433297,110.244822204113,-5,-106.184348,-100.8581375,21.7005
CP-SCALE-AU-L002__gW0340_gE1200_s0150,73,1,70.22772780433297,110.244822204113,0,0.0,0.0,23.6755
CP-SCALE-AU-L002__gW0340_gE1200_s0150,73,1,70.22772780433297,110.244822204113,1,0.0,0.0,23.6755
CP-SCALE-AU-L002__gW0340_gE1200_s0150,73,1,70.22772780433297,110.244822204113,5,152.797268,-2994.87313375,90.7897
CP-SCALE-AU-L002__gW0340_gE1200_s0150,73,1,70.22772780433297,110.244822204113,8,235.496182,-2129.8166165,90.7017
CP-SCALE-AU-L002__gW0340_gE1200_s0150,73,1,70.22772780433297,110.244822204113,12,333.036807,-1195.805094,90.6243
CP-SCALE-AU-L002__gW0340_gE1200_s0150,73,1,70.22772780433297,110.244822204113,16,802.333348,-554.16877125,90.6215
CP-SCALE-AU-L002__gW0340_gE1200_s0150,73,1,70.22772780433297,110.244822204113,24,1378.432824,-282.3522955,90.8123
CP-SCALE-AU-L002__gW0340_gE1200_s0150,73,1,70.22772780433297,110.244822204113,30,1378.432824,58.35303225,90.8006
CP-SCALE-AU-L002__gW0340_gE1200_s0150,73,2,110.24936221167445,150.26767583563924,-10,-87.354852,-135.82503775,90.8006
CP-SCALE-AU-L002__gW0340_gE1200_s0150,73,2,110.24936221167445,150.26767583563924,-5,0.0,-65.76546575,90.7572
CP-SCALE-AU-L002__gW0340_gE1200_s0150,73,2,110.24936221167445,150.26767583563924,0,0.0,0.0,90.7118
CP-SCALE-AU-L002__gW0340_gE1200_s0150,73,2,110.24936221167445,150.26767583563924,1,0.0,0.0,90.7118
CP-SCALE-AU-L002__gW0340_gE1200_s0150,73,2,110.24936221167445,150.26767583563924,5,0.0,-1853.72657325,90.2593
CP-SCALE-AU-L002__gW0340_gE1200_s0150,73,2,110.24936221167445,150.26767583563924,8,0.0,-1311.41911875,90.0
CP-SCALE-AU-L002__gW0340_gE1200_s0150,73,2,110.24936221167445,150.26767583563924,12,0.0,-843.51076425,90.0481
CP-SCALE-AU-L002__gW0340_gE1200_s0150,73,2,110.24936221167445,150.26767583563924,16,0.0,-654.357067,90.1836
CP-SCALE-AU-L002__gW0340_gE1200_s0150,73,2,110.24936221167445,150.26767583563924,24,242.683428,-356.055907,90.359
CP-SCALE-AU-L002__gW0340_gE1200_s0150,73,2,110.24936221167445,150.26767583563924,30,242.683428,-185.71646175,90.5455
CP-SCALE-AU-L002__gW0340_gE1200_s0150,73,7,310.9401419982314,350.9552040323615,-10,0.0,-52.2335335,89.6164
CP-SCALE-AU-L002__gW0340_gE1200_s0150,73,7,310.9401419982314,350.9552040323615,-5,0.0,-20.368919,89.643
CP-SCALE-AU-L002__gW0340_gE1200_s0150,73,7,310.9401419982314,350.9552040323615,0,0.0,0.0,89.7181
CP-SCALE-AU-L002__gW0340_gE1200_s0150,73,7,310.9401419982314,350.9552040323615,1,0.0,0.0,89.7181
CP-SCALE-AU-L002__gW0340_gE1200_s0150,73,7,310.9401419982314,350.9552040323615,5,0.0,-2754.171976,96.7445
CP-SCALE-AU-L002__gW0340_gE1200_s0150,73,7,310.9401419982314,350.9552040323615,8,0.0,-2029.33005825,97.0366
CP-SCALE-AU-L002__gW0340_gE1200_s0150,73,7,310.9401419982314,350.9552040323615,12,57.642088,-1657.318597,96.9611
CP-SCALE-AU-L002__gW0340_gE1200_s0150,73,7,310.9401419982314,350.9552040323615,16,57.642088,-1413.04515725,96.9117
CP-SCALE-AU-L002__gW0340_gE1200_s0150,73,7,310.9401419982314,350.9552040323615,24,90.747728,-1119.42749475,96.7815
CP-SCALE-AU-L002__gW0340_gE1200_s0150,73,7,310.9401419982314,350.9552040323615,30,90.747728,-938.67619125,96.7112
CP-SCALE-AU-L002__gW0340_gE1200_s0150,73,9,389.1398397050798,431.15980011224747,-10,0.0,-159.797879,96.7221
CP-SCALE-AU-L002__gW0340_gE1200_s0150,73,9,389.1398397050798,431.15980011224747,-5,0.0,-79.4305805,96.7408
CP-SCALE-AU-L002__gW0340_gE1200_s0150,73,9,389.1398397050798,431.15980011224747,0,0.0,0.0,96.7646
CP-SCALE-AU-L002__gW0340_gE1200_s0150,73,9,389.1398397050798,431.15980011224747,1,0.0,0.0,96.7646
CP-SCALE-AU-L002__gW0340_gE1200_s0150,73,9,389.1398397050798,431.15980011224747,5,0.0,-3131.41336575,96.4386
CP-SCALE-AU-L002__gW0340_gE1200_s0150,73,9,389.1398397050798,431.15980011224747,8,0.0,-2712.43174825,96.3671
CP-SCALE-AU-L002__gW0340_gE1200_s0150,73,9,389.1398397050798,431.15980011224747,12,0.0,-2280.26272525,96.2535
CP-SCALE-AU-L002__gW0340_gE1200_s0150,73,9,389.1398397050798,431.15980011224747,16,0.0,-2049.79062325,96.2693
CP-SCALE-AU-L002__gW0340_gE1200_s0150,73,9,389.1398397050798,431.15980011224747,24,14.569014,-1555.79077425,96.2693
CP-SCALE-AU-L002__gW0340_gE1200_s0150,73,9,389.1398397050798,431.15980011224747,30,14.569014,-1305.55442825,96.3258
CP-SCALE-AU-L002__gW0340_gE1200_s0150,73,13,551.5889498628676,589.795312948525,-10,0.0,-206.782812,96.3427
CP-SCALE-AU-L002__gW0340_gE1200_s0150,73,13,551.5889498628676,589.795312948525,-5,0.0,-14.058392,96.3504
CP-SCALE-AU-L002__gW0340_gE1200_s0150,73,13,551.5889498628676,589.795312948525,0,0.0,0.0,96.3446
CP-SCALE-AU-L002__gW0340_gE1200_s0150,73,13,551.5889498628676,589.795312948525,1,0.0,0.0,96.3446
CP-SCALE-AU-L002__gW0340_gE1200_s0150,73,13,551.5889498628676,589.795312948525,5,0.0,-2689.3227605,95.7086
CP-SCALE-AU-L002__gW0340_gE1200_s0150,73,13,551.5889498628676,589.795312948525,8,0.0,-1847.74066,95.8066
CP-SCALE-AU-L002__gW0340_gE1200_s0150,73,13,551.5889498628676,589.795312948525,12,0.0,-1187.24345875,95.8096
CP-SCALE-AU-L002__gW0340_gE1200_s0150,73,13,551.5889498628676,589.795312948525,16,0.0,-792.2270255,95.7948
CP-SCALE-AU-L002__gW0340_gE1200_s0150,73,13,551.5889498628676,589.795312948525,24,0.0,-196.16513025,95.7307
CP-SCALE-AU-L002__gW0340_gE1200_s0150,73,13,551.5889498628676,589.795312948525,30,0.0,-5.26202525,95.7277
CP-SCALE-AU-L002__gW0340_gE1200_s0150,73,14,589.8006892725825,633.8328783363104,-10,0.0,-58.629567,95.7292
CP-SCALE-AU-L002__gW0340_gE1200_s0150,73,14,589.8006892725825,633.8328783363104,-5,0.0,-21.68655275,95.7269
CP-SCALE-AU-L002__gW0340_gE1200_s0150,73,14,589.8006892725825,633.8328783363104,0,0.0,0.0,95.7246
CP-SCALE-AU-L002__gW0340_gE1200_s0150,73,14,589.8006892725825,633.8328783363104,1,0.0,0.0,95.7246
CP-SCALE-AU-L002__gW0340_gE1200_s0150,73,14,589.8006892725825,633.8328783363104,5,0.0,-2600.164932,96.448
CP-SCALE-AU-L002__gW0340_gE1200_s0150,73,14,589.8006892725825,633.8328783363104,8,0.0,-2135.868276,96.6421
CP-SCALE-AU-L002__gW0340_gE1200_s0150,73,14,589.8006892725825,633.8328783363104,12,0.0,-1667.4021135,96.5716
CP-SCALE-AU-L002__gW0340_gE1200_s0150,73,14,589.8006892725825,633.8328783363104,16,41.746582,-1455.62613525,96.5336
CP-SCALE-AU-L002__gW0340_gE1200_s0150,73,14,589.8006892725825,633.8328783363104,24,41.746582,-1039.87892325,96.5287
CP-SCALE-AU-L002__gW0340_gE1200_s0150,73,14,589.8006892725825,633.8328783363104,30,108.565202,-869.574437,96.4699
CP-SCALE-AU-L002__gW0340_gE1200_s0150,73,15,633.8382136523724,670.9589924365282,-10,0.0,-432.38520575,96.4924
CP-SCALE-AU-L002__gW0340_gE1200_s0150,73,15,633.8382136523724,670.9589924365282,-5,0.0,-141.70425325,96.5311
CP-SCALE-AU-L002__gW0340_gE1200_s0150,73,15,633.8382136523724,670.9589924365282,0,0.0,0.0,96.5269
CP-SCALE-AU-L002__gW0340_gE1200_s0150,73,15,633.8382136523724,670.9589924365282,1,0.0,0.0,96.5269
CP-SCALE-AU-L002__gW0340_gE1200_s0150,73,15,633.8382136523724,670.9589924365282,5,0.0,-1370.914626,96.6122
CP-SCALE-AU-L002__gW0340_gE1200_s0150,73,15,633.8382136523724,670.9589924365282,8,0.0,-718.594904,96.6051
CP-SCALE-AU-L002__gW0340_gE1200_s0150,73,15,633.8382136523724,670.9589924365282,12,314.719897,1808.02119625,0.0
CP-SCALE-AU-L002__gW0340_gE1200_s0150,73,15,633.8382136523724,670.9589924365282,16,505.733448,1999.03474725,0.0
CP-SCALE-AU-L002__gW0340_gE1200_s0150,73,15,633.8382136523724,670.9589924365282,24,505.733448,1999.03474725,0.0
CP-SCALE-AU-L002__gW0340_gE1200_s0150,73,15,633.8382136523724,670.9589924365282,30,505.733448,1999.03474725,0.0
CP-SCALE-AU-L002__gW0340_gE1200_s0150,73,20,831.4496473148465,900.0029100365937,-10,0.0,0.0,3.3469
CP-SCALE-AU-L002__gW0340_gE1200_s0150,73,20,831.4496473148465,900.0029100365937,-5,0.0,0.0,3.3469
CP-SCALE-AU-L002__gW0340_gE1200_s0150,73,20,831.4496473148465,900.0029100365937,0,0.0,0.0,3.3469
CP-SCALE-AU-L002__gW0340_gE1200_s0150,73,20,831.4496473148465,900.0029100365937,1,0.0,0.0,3.3469
CP-SCALE-AU-L002__gW0340_gE1200_s0150,73,20,831.4496473148465,900.0029100365937,5,0.0,-2999.9617945,90.4349
CP-SCALE-AU-L002__gW0340_gE1200_s0150,73,20,831.4496473148465,900.0029100365937,8,0.0,-2277.47557675,90.4707
CP-SCALE-AU-L002__gW0340_gE1200_s0150,73,20,831.4496473148465,900.0029100365937,12,14.069216,52.7088035,0.0
CP-SCALE-AU-L002__gW0340_gE1200_s0150,73,20,831.4496473148465,900.0029100365937,16,14.069216,52.7088035,0.0
CP-SCALE-AU-L002__gW0340_gE1200_s0150,73,20,831.4496473148465,900.0029100365937,24,14.069216,52.7088035,0.0
CP-SCALE-AU-L002__gW0340_gE1200_s0150,73,20,831.4496473148465,900.0029100365937,30,14.069216,52.7088035,0.0
CP-SCALE-AU-L002__gW0340_gE1200_s0150,79,0,29.067029241472483,70.08842385560274,-10,-983.8149,-983.8149,0.0
CP-SCALE-AU-L002__gW0340_gE1200_s0150,79,0,29.067029241472483,70.08842385560274,-5,-432.821428,-432.821428,0.0
CP-SCALE-AU-L002__gW0340_gE1200_s0150,79,0,29.067029241472483,70.08842385560274,0,0.0,0.0,0.0
CP-SCALE-AU-L002__gW0340_gE1200_s0150,79,0,29.067029241472483,70.08842385560274,1,0.0,0.0,0.0
CP-SCALE-AU-L002__gW0340_gE1200_s0150,79,0,29.067029241472483,70.08842385560274,5,493.060154,-1847.8581975,91.7079
CP-SCALE-AU-L002__gW0340_gE1200_s0150,79,0,29.067029241472483,70.08842385560274,8,705.199953,-963.403794,91.6423
CP-SCALE-AU-L002__gW0340_gE1200_s0150,79,0,29.067029241472483,70.08842385560274,12,1286.783081,-278.652259,91.7468
CP-SCALE-AU-L002__gW0340_gE1200_s0150,79,0,29.067029241472483,70.08842385560274,16,1324.117128,320.331889,91.9297
CP-SCALE-AU-L002__gW0340_gE1200_s0150,79,0,29.067029241472483,70.08842385560274,24,1394.011745,976.88731025,92.2705
CP-SCALE-AU-L002__gW0340_gE1200_s0150,79,0,29.067029241472483,70.08842385560274,30,1720.22796,1259.3382335,92.7363
CP-SCALE-AU-L002__gW0340_gE1200_s0150,79,1,70.09321473538876,110.11259704455733,-10,-314.362843,-435.913183,92.6898
CP-SCALE-AU-L002__gW0340_gE1200_s0150,79,1,70.09321473538876,110.11259704455733,-5,-152.744101,-196.6365355,92.5941
CP-SCALE-AU-L002__gW0340_gE1200_s0150,79,1,70.09321473538876,110.11259704455733,0,0.0,0.0,92.5766
CP-SCALE-AU-L002__gW0340_gE1200_s0150,79,1,70.09321473538876,110.11259704455733,1,0.0,0.0,92.5766
CP-SCALE-AU-L002__gW0340_gE1200_s0150,79,1,70.09321473538876,110.11259704455733,5,60.968713,-2644.23278675,92.5463
CP-SCALE-AU-L002__gW0340_gE1200_s0150,79,1,70.09321473538876,110.11259704455733,8,60.968713,-2119.95869325,92.3856
CP-SCALE-AU-L002__gW0340_gE1200_s0150,79,1,70.09321473538876,110.11259704455733,12,314.601276,-1173.3856665,92.5177
CP-SCALE-AU-L002__gW0340_gE1200_s0150,79,1,70.09321473538876,110.11259704455733,16,426.197894,-985.89169525,92.6489
CP-SCALE-AU-L002__gW0340_gE1200_s0150,79,1,70.09321473538876,110.11259704455733,24,640.9947,-225.455697,92.6871
CP-SCALE-AU-L002__gW0340_gE1200_s0150,79,1,70.09321473538876,110.11259704455733,30,640.9947,71.37678475,92.4548
CP-SCALE-AU-L002__gW0340_gE1200_s0150,79,2,110.11800208315253,151.13557604700327,-10,-213.765339,-393.08453775,92.4548
CP-SCALE-AU-L002__gW0340_gE1200_s0150,79,2,110.11800208315253,151.13557604700327,-5,-56.044366,-179.19423225,92.686
CP-SCALE-AU-L002__gW0340_gE1200_s0150,79,2,110.11800208315253,151.13557604700327,0,0.0,0.0,92.7125
CP-SCALE-AU-L002__gW0340_gE1200_s0150,79,2,110.11800208315253,151.13557604700327,1,0.0,0.0,92.7125
CP-SCALE-AU-L002__gW0340_gE1200_s0150,79,2,110.11800208315253,151.13557604700327,5,1.755943,-2677.285952,90.8278
CP-SCALE-AU-L002__gW0340_gE1200_s0150,79,2,110.11800208315253,151.13557604700327,8,77.296177,-1731.99605075,90.9937
CP-SCALE-AU-L002__gW0340_gE1200_s0150,79,2,110.11800208315253,151.13557604700327,12,152.76948,-1150.03971325,91.137
CP-SCALE-AU-L002__gW0340_gE1200_s0150,79,2,110.11800208315253,151.13557604700327,16,338.452826,-717.5577075,90.8755
CP-SCALE-AU-L002__gW0340_gE1200_s0150,79,2,110.11800208315253,151.13557604700327,24,369.030785,-54.0141685,90.7323
CP-SCALE-AU-L002__gW0340_gE1200_s0150,79,2,110.11800208315253,151.13557604700327,30,641.72409,252.59423775,90.9696
CP-SCALE-AU-L002__gW0340_gE1200_s0150,79,10,431.03734535723925,471.0557275749743,-10,0.0,0.0,0.0
CP-SCALE-AU-L002__gW0340_gE1200_s0150,79,10,431.03734535723925,471.0557275749743,-5,0.0,0.0,0.0
CP-SCALE-AU-L002__gW0340_gE1200_s0150,79,10,431.03734535723925,471.0557275749743,0,0.0,0.0,0.0
CP-SCALE-AU-L002__gW0340_gE1200_s0150,79,10,431.03734535723925,471.0557275749743,1,0.0,0.0,0.0
CP-SCALE-AU-L002__gW0340_gE1200_s0150,79,10,431.03734535723925,471.0557275749743,5,14.401018,-3563.37920625,84.4202
CP-SCALE-AU-L002__gW0340_gE1200_s0150,79,10,431.03734535723925,471.0557275749743,8,14.401018,-3070.51720075,84.6783
CP-SCALE-AU-L002__gW0340_gE1200_s0150,79,10,431.03734535723925,471.0557275749743,12,14.401018,-2410.92488975,85.2765
CP-SCALE-AU-L002__gW0340_gE1200_s0150,79,10,431.03734535723925,471.0557275749743,16,25.453068,-1930.31740925,84.9328
CP-SCALE-AU-L002__gW0340_gE1200_s0150,79,10,431.03734535723925,471.0557275749743,24,25.453068,-1443.11400525,84.964
CP-SCALE-AU-L002__gW0340_gE1200_s0150,79,10,431.03734535723925,471.0557275749743,30,48.865615,-1288.7886815,85.0824
CP-SCALE-AU-L002__gW0340_gE1200_s0150,79,11,471.06112698838115,510.1900875195861,-10,-98.286826,-202.5682225,85.0824
CP-SCALE-AU-L002__gW0340_gE1200_s0150,79,11,471.06112698838115,510.1900875195861,-5,-10.130819,-128.17619725,85.1834
CP-SCALE-AU-L002__gW0340_gE1200_s0150,79,11,471.06112698838115,510.1900875195861,0,0.0,0.0,85.1772
CP-SCALE-AU-L002__gW0340_gE1200_s0150,79,11,471.06112698838115,510.1900875195861,1,0.0,0.0,85.1772
CP-SCALE-AU-L002__gW0340_gE1200_s0150,79,11,471.06112698838115,510.1900875195861,5,33.352107,-2678.97127425,82.9481
CP-SCALE-AU-L002__gW0340_gE1200_s0150,79,11,471.06112698838115,510.1900875195861,8,33.352107,-1762.898777,82.3759
CP-SCALE-AU-L002__gW0340_gE1200_s0150,79,11,471.06112698838115,510.1900875195861,12,187.509796,-762.48858675,82.2698
CP-SCALE-AU-L002__gW0340_gE1200_s0150,79,11,471.06112698838115,510.1900875195861,16,280.641667,-407.17765825,82.2011
CP-SCALE-AU-L002__gW0340_gE1200_s0150,79,11,471.06112698838115,510.1900875195861,24,280.641667,-275.386247,82.2141
CP-SCALE-AU-L002__gW0340_gE1200_s0150,79,11,471.06112698838115,510.1900875195861,30,280.641667,-157.61987675,82.5254
CP-SCALE-AU-L002__gW0340_gE1200_s0150,79,17,710.8778616078198,751.8991197198629,-10,0.0,0.0,84.1748
CP-SCALE-AU-L002__gW0340_gE1200_s0150,79,17,710.8778616078198,751.8991197198629,-5,0.0,0.0,84.1748
CP-SCALE-AU-L002__gW0340_gE1200_s0150,79,17,710.8778616078198,751.8991197198629,0,0.0,0.0,84.1748
CP-SCALE-AU-L002__gW0340_gE1200_s0150,79,17,710.8778616078198,751.8991197198629,1,0.0,0.0,84.1748
CP-SCALE-AU-L002__gW0340_gE1200_s0150,79,17,710.8778616078198,751.8991197198629,5,0.0,-2988.41994025,84.7351
CP-SCALE-AU-L002__gW0340_gE1200_s0150,79,17,710.8778616078198,751.8991197198629,8,0.0,-2444.59618225,84.92
CP-SCALE-AU-L002__gW0340_gE1200_s0150,79,17,710.8778616078198,751.8991197198629,12,0.0,-1782.018113,85.2534
CP-SCALE-AU-L002__gW0340_gE1200_s0150,79,17,710.8778616078198,751.8991197198629,16,0.0,-1375.61758775,85.0784
CP-SCALE-AU-L002__gW0340_gE1200_s0150,79,17,710.8778616078198,751.8991197198629,24,0.0,-890.0462675,84.7167
CP-SCALE-AU-L002__gW0340_gE1200_s0150,79,17,710.8778616078198,751.8991197198629,30,0.0,-582.10509175,84.5601
CP-SCALE-AU-L002__gW0340_gE1200_s0150,83,0,31.483605973422527,71.50054110586643,-10,-283.217602,-283.217602,0.0
CP-SCALE-AU-L002__gW0340_gE1200_s0150,83,0,31.483605973422527,71.50054110586643,-5,0.0,0.0,0.0
CP-SCALE-AU-L002__gW0340_gE1200_s0150,83,0,31.483605973422527,71.50054110586643,0,0.0,0.0,0.0
CP-SCALE-AU-L002__gW0340_gE1200_s0150,83,0,31.483605973422527,71.50054110586643,1,0.0,0.0,0.0
CP-SCALE-AU-L002__gW0340_gE1200_s0150,83,0,31.483605973422527,71.50054110586643,5,56.189898,-1485.08452125,89.8938
CP-SCALE-AU-L002__gW0340_gE1200_s0150,83,0,31.483605973422527,71.50054110586643,8,165.180657,-792.5436675,89.8301
CP-SCALE-AU-L002__gW0340_gE1200_s0150,83,0,31.483605973422527,71.50054110586643,12,205.050077,-535.32433925,89.8374
CP-SCALE-AU-L002__gW0340_gE1200_s0150,83,0,31.483605973422527,71.50054110586643,16,322.026351,-88.11588775,90.3313
CP-SCALE-AU-L002__gW0340_gE1200_s0150,83,0,31.483605973422527,71.50054110586643,24,1107.474364,669.20096525,90.5444
CP-SCALE-AU-L002__gW0340_gE1200_s0150,83,0,31.483605973422527,71.50054110586643,30,1477.564269,964.22245525,90.1947
CP-SCALE-AU-L002__gW0340_gE1200_s0150,83,2,111.64134282618761,151.65520641952753,-10,-423.741641,-165.435008,90.8694
CP-SCALE-AU-L002__gW0340_gE1200_s0150,83,2,111.64134282618761,151.65520641952753,-5,-120.839274,-57.0034925,90.909
CP-SCALE-AU-L002__gW0340_gE1200_s0150,83,2,111.64134282618761,151.65520641952753,0,0.0,0.0,90.9465
CP-SCALE-AU-L002__gW0340_gE1200_s0150,83,2,111.64134282618761,151.65520641952753,1,0.0,0.0,90.9465
CP-SCALE-AU-L002__gW0340_gE1200_s0150,83,2,111.64134282618761,151.65520641952753,5,153.709842,-2622.09324625,97.3115
CP-SCALE-AU-L002__gW0340_gE1200_s0150,83,2,111.64134282618761,151.65520641952753,8,158.606558,-1979.6528635,97.2619
CP-SCALE-AU-L002__gW0340_gE1200_s0150,83,2,111.64134282618761,151.65520641952753,12,395.910999,-851.979076,96.98
CP-SCALE-AU-L002__gW0340_gE1200_s0150,83,2,111.64134282618761,151.65520641952753,16,458.938932,-397.674979,96.8435
CP-SCALE-AU-L002__gW0340_gE1200_s0150,83,2,111.64134282618761,151.65520641952753,24,458.938932,163.9621445,96.9021
CP-SCALE-AU-L002__gW0340_gE1200_s0150,83,2,111.64134282618761,151.65520641952753,30,458.938932,339.7263545,96.9928
CP-SCALE-AU-L002__gW0340_gE1200_s0150,83,3,151.66072668135166,191.6769506148994,-10,0.0,-290.71233625,96.9928
CP-SCALE-AU-L002__gW0340_gE1200_s0150,83,3,151.66072668135166,191.6769506148994,-5,0.0,-50.2603585,97.0118
CP-SCALE-AU-L002__gW0340_gE1200_s0150,83,3,151.66072668135166,191.6769506148994,0,0.0,0.0,96.9573
CP-SCALE-AU-L002__gW0340_gE1200_s0150,83,3,151.66072668135166,191.6769506148994,1,0.0,0.0,96.9573
CP-SCALE-AU-L002__gW0340_gE1200_s0150,83,3,151.66072668135166,191.6769506148994,5,0.0,-2610.38049475,97.0121
CP-SCALE-AU-L002__gW0340_gE1200_s0150,83,3,151.66072668135166,191.6769506148994,8,0.0,-1804.682123,96.9494
CP-SCALE-AU-L002__gW0340_gE1200_s0150,83,3,151.66072668135166,191.6769506148994,12,0.0,-1256.02633425,96.9629
CP-SCALE-AU-L002__gW0340_gE1200_s0150,83,3,151.66072668135166,191.6769506148994,16,0.0,-931.065898,97.0527
CP-SCALE-AU-L002__gW0340_gE1200_s0150,83,3,151.66072668135166,191.6769506148994,24,29.829771,-330.9477325,96.8335
CP-SCALE-AU-L002__gW0340_gE1200_s0150,83,3,151.66072668135166,191.6769506148994,30,169.432363,-149.31045175,96.8776
CP-SCALE-AU-L002__gW0340_gE1200_s0150,83,9,393.4834930896759,433.50092274695635,-10,-11.688669,-195.63759325,97.3067
CP-SCALE-AU-L002__gW0340_gE1200_s0150,83,9,393.4834930896759,433.50092274695635,-5,0.0,-106.65821275,97.3099
CP-SCALE-AU-L002__gW0340_gE1200_s0150,83,9,393.4834930896759,433.50092274695635,0,0.0,0.0,97.2003
CP-SCALE-AU-L002__gW0340_gE1200_s0150,83,9,393.4834930896759,433.50092274695635,1,0.0,0.0,97.2003
CP-SCALE-AU-L002__gW0340_gE1200_s0150,83,9,393.4834930896759,433.50092274695635,5,0.0,-3312.696856,97.8392
CP-SCALE-AU-L002__gW0340_gE1200_s0150,83,9,393.4834930896759,433.50092274695635,8,0.0,-2354.51514275,97.8214
CP-SCALE-AU-L002__gW0340_gE1200_s0150,83,9,393.4834930896759,433.50092274695635,12,0.0,-1869.5031145,97.7391
CP-SCALE-AU-L002__gW0340_gE1200_s0150,83,9,393.4834930896759,433.50092274695635,16,0.0,-1590.09039025,97.7708
CP-SCALE-AU-L002__gW0340_gE1200_s0150,83,9,393.4834930896759,433.50092274695635,24,23.780524,-858.12100575,97.6934
CP-SCALE-AU-L002__gW0340_gE1200_s0150,83,9,393.4834930896759,433.50092274695635,30,23.780524,-597.30472975,97.7636
CP-SCALE-AU-L002__gW0340_gE1200_s0150,83,10,433.5062476322055,471.6682486087084,-10,0.0,-221.417281,97.7636
CP-SCALE-AU-L002__gW0340_gE1200_s0150,83,10,433.5062476322055,471.6682486087084,-5,0.0,-42.39279975,97.7476
CP-SCALE-AU-L002__gW0340_gE1200_s0150,83,10,433.5062476322055,471.6682486087084,0,0.0,0.0,97.7465
CP-SCALE-AU-L002__gW0340_gE1200_s0150,83,10,433.5062476322055,471.6682486087084,1,0.0,0.0,97.7465
CP-SCALE-AU-L002__gW0340_gE1200_s0150,83,10,433.5062476322055,471.6682486087084,5,0.0,-2672.35205925,97.3723
CP-SCALE-AU-L002__gW0340_gE1200_s0150,83,10,433.5062476322055,471.6682486087084,8,0.0,-2043.9389745,97.3031
CP-SCALE-AU-L002__gW0340_gE1200_s0150,83,10,433.5062476322055,471.6682486087084,12,0.0,-1770.49464375,97.2707
CP-SCALE-AU-L002__gW0340_gE1200_s0150,83,10,433.5062476322055,471.6682486087084,16,0.0,-1432.86316675,97.2896
CP-SCALE-AU-L002__gW0340_gE1200_s0150,83,10,433.5062476322055,471.6682486087084,24,0.0,-1108.39629225,97.3076
CP-SCALE-AU-L002__gW0340_gE1200_s0150,83,10,433.5062476322055,471.6682486087084,30,0.0,-835.44093425,97.2166
CP-SCALE-AU-L002__gW0340_gE1200_s0150,83,14,592.0403821803629,633.0694209821522,-10,0.0,0.0,0.0
CP-SCALE-AU-L002__gW0340_gE1200_s0150,83,14,592.0403821803629,633.0694209821522,-5,0.0,0.0,0.0
CP-SCALE-AU-L002__gW0340_gE1200_s0150,83,14,592.0403821803629,633.0694209821522,0,0.0,0.0,0.0
CP-SCALE-AU-L002__gW0340_gE1200_s0150,83,14,592.0403821803629,633.0694209821522,1,0.0,0.0,0.0
CP-SCALE-AU-L002__gW0340_gE1200_s0150,83,14,592.0403821803629,633.0694209821522,5,0.0,-4403.28046425,82.904
CP-SCALE-AU-L002__gW0340_gE1200_s0150,83,14,592.0403821803629,633.0694209821522,8,0.0,-3733.70394375,82.9537
CP-SCALE-AU-L002__gW0340_gE1200_s0150,83,14,592.0403821803629,633.0694209821522,12,0.0,-2938.45945275,82.519
CP-SCALE-AU-L002__gW0340_gE1200_s0150,83,14,592.0403821803629,633.0694209821522,16,0.0,-2371.18737975,82.7248
CP-SCALE-AU-L002__gW0340_gE1200_s0150,83,14,592.0403821803629,633.0694209821522,24,0.0,-1833.40322025,82.7012
CP-SCALE-AU-L002__gW0340_gE1200_s0150,83,14,592.0403821803629,633.0694209821522,30,0.0,-1743.59800475,82.9101
CP-SCALE-AU-L002__gW0340_gE1200_s0150,83,15,633.0758298970759,672.2103143185377,-10,0.0,-243.22553575,82.7426
CP-SCALE-AU-L002__gW0340_gE1200_s0150,83,15,633.0758298970759,672.2103143185377,-5,0.0,-91.647307,82.4883
CP-SCALE-AU-L002__gW0340_gE1200_s0150,83,15,633.0758298970759,672.2103143185377,0,0.0,0.0,82.3817
CP-SCALE-AU-L002__gW0340_gE1200_s0150,83,15,633.0758298970759,672.2103143185377,1,0.0,0.0,82.3817
CP-SCALE-AU-L002__gW0340_gE1200_s0150,83,15,633.0758298970759,672.2103143185377,5,11.970371,-2588.3083965,82.1358
CP-SCALE-AU-L002__gW0340_gE1200_s0150,83,15,633.0758298970759,672.2103143185377,8,11.970371,-1657.88939225,81.8338
CP-SCALE-AU-L002__gW0340_gE1200_s0150,83,15,633.0758298970759,672.2103143185377,12,11.970371,1399.50407925,0.0
CP-SCALE-AU-L002__gW0340_gE1200_s0150,83,15,633.0758298970759,672.2103143185377,16,11.970371,1399.50407925,0.0
CP-SCALE-AU-L002__gW0340_gE1200_s0150,83,15,633.0758298970759,672.2103143185377,24,11.970371,1399.50407925,0.0
CP-SCALE-AU-L002__gW0340_gE1200_s0150,83,15,633.0758298970759,672.2103143185377,30,11.970371,1399.50407925,0.0
CP-SCALE-AU-L002__gW0340_gE1200_s0150,83,17,712.3995856419206,751.5373332872987,-10,0.0,0.0,0.0
CP-SCALE-AU-L002__gW0340_gE1200_s0150,83,17,712.3995856419206,751.5373332872987,-5,0.0,0.0,0.0
CP-SCALE-AU-L002__gW0340_gE1200_s0150,83,17,712.3995856419206,751.5373332872987,0,0.0,0.0,0.0
CP-SCALE-AU-L002__gW0340_gE1200_s0150,83,17,712.3995856419206,751.5373332872987,1,0.0,0.0,0.0
CP-SCALE-AU-L002__gW0340_gE1200_s0150,83,17,712.3995856419206,751.5373332872987,5,0.0,-4059.3711105,83.77
CP-SCALE-AU-L002__gW0340_gE1200_s0150,83,17,712.3995856419206,751.5373332872987,8,0.0,-3348.80668175,83.8381
CP-SCALE-AU-L002__gW0340_gE1200_s0150,83,17,712.3995856419206,751.5373332872987,12,0.0,0.0,0.0
CP-SCALE-AU-L002__gW0340_gE1200_s0150,83,17,712.3995856419206,751.5373332872987,16,0.0,0.0,0.0
CP-SCALE-AU-L002__gW0340_gE1200_s0150,83,17,712.3995856419206,751.5373332872987,24,0.0,0.0,0.0
CP-SCALE-AU-L002__gW0340_gE1200_s0150,83,17,712.3995856419206,751.5373332872987,30,0.0,0.0,0.0
CP-SCALE-AU-L002__gW0340_gE1200_s0150,83,18,751.5448858104646,793.572822894901,-10,0.0,0.0,0.0
CP-SCALE-AU-L002__gW0340_gE1200_s0150,83,18,751.5448858104646,793.572822894901,-5,0.0,0.0,0.0
CP-SCALE-AU-L002__gW0340_gE1200_s0150,83,18,751.5448858104646,793.572822894901,0,0.0,0.0,0.0
CP-SCALE-AU-L002__gW0340_gE1200_s0150,83,18,751.5448858104646,793.572822894901,1,0.0,0.0,0.0
CP-SCALE-AU-L002__gW0340_gE1200_s0150,83,18,751.5448858104646,793.572822894901,5,0.0,-3625.2020885,82.7459
CP-SCALE-AU-L002__gW0340_gE1200_s0150,83,18,751.5448858104646,793.572822894901,8,0.0,-3086.27734,83.3576
CP-SCALE-AU-L002__gW0340_gE1200_s0150,83,18,751.5448858104646,793.572822894901,12,0.0,0.0,0.0
CP-SCALE-AU-L002__gW0340_gE1200_s0150,83,18,751.5448858104646,793.572822894901,16,0.0,0.0,0.0
CP-SCALE-AU-L002__gW0340_gE1200_s0150,83,18,751.5448858104646,793.572822894901,24,0.0,0.0,0.0
CP-SCALE-AU-L002__gW0340_gE1200_s0150,83,18,751.5448858104646,793.572822894901,30,0.0,0.0,0.0
CP-SCALE-AU-L002__gW0680_gE1200_s0150,67,0,31.478531021624804,70.62825345620513,-10,-525.719486,-525.719486,0.0
CP-SCALE-AU-L002__gW0680_gE1200_s0150,67,0,31.478531021624804,70.62825345620513,-5,-283.015318,-283.015318,0.0
CP-SCALE-AU-L002__gW0680_gE1200_s0150,67,0,31.478531021624804,70.62825345620513,0,0.0,0.0,0.0
CP-SCALE-AU-L002__gW0680_gE1200_s0150,67,0,31.478531021624804,70.62825345620513,1,0.0,0.0,0.0
CP-SCALE-AU-L002__gW0680_gE1200_s0150,67,0,31.478531021624804,70.62825345620513,5,305.216291,-1513.3754185,91.0418
CP-SCALE-AU-L002__gW0680_gE1200_s0150,67,0,31.478531021624804,70.62825345620513,8,544.28524,-894.48357325,90.6619
CP-SCALE-AU-L002__gW0680_gE1200_s0150,67,0,31.478531021624804,70.62825345620513,12,643.868278,-533.49576825,91.0406
CP-SCALE-AU-L002__gW0680_gE1200_s0150,67,0,31.478531021624804,70.62825345620513,16,1071.227687,-211.39865275,91.1884
CP-SCALE-AU-L002__gW0680_gE1200_s0150,67,0,31.478531021624804,70.62825345620513,24,1799.088331,208.43946325,91.3148
CP-SCALE-AU-L002__gW0680_gE1200_s0150,67,0,31.478531021624804,70.62825345620513,30,2063.322101,377.39076375,91.3464
CP-SCALE-AU-L002__gW0680_gE1200_s0150,67,3,152.3943622931838,192.41049209609628,-10,-118.11725,-69.2732415,91.6046
CP-SCALE-AU-L002__gW0680_gE1200_s0150,67,3,152.3943622931838,192.41049209609628,-5,-92.067659,-24.814408,91.6954
CP-SCALE-AU-L002__gW0680_gE1200_s0150,67,3,152.3943622931838,192.41049209609628,0,0.0,0.0,91.7195
CP-SCALE-AU-L002__gW0680_gE1200_s0150,67,3,152.3943622931838,192.41049209609628,1,0.0,0.0,91.7195
CP-SCALE-AU-L002__gW0680_gE1200_s0150,67,3,152.3943622931838,192.41049209609628,5,0.0,-1408.28964625,91.2742
CP-SCALE-AU-L002__gW0680_gE1200_s0150,67,3,152.3943622931838,192.41049209609628,8,0.0,-823.812822,90.5973
CP-SCALE-AU-L002__gW0680_gE1200_s0150,67,3,152.3943622931838,192.41049209609628,12,0.0,-487.522606,90.365
CP-SCALE-AU-L002__gW0680_gE1200_s0150,67,3,152.3943622931838,192.41049209609628,16,0.0,-358.06034475,90.4429
CP-SCALE-AU-L002__gW0680_gE1200_s0150,67,3,152.3943622931838,192.41049209609628,24,13.982451,-183.9298245,90.167
CP-SCALE-AU-L002__gW0680_gE1200_s0150,67,3,152.3943622931838,192.41049209609628,30,162.139477,28.78388475,90.5156
CP-SCALE-AU-L002__gW0680_gE1200_s0150,67,8,352.9296479076147,392.9456559829414,-10,0.0,0.0,90.62
CP-SCALE-AU-L002__gW0680_gE1200_s0150,67,8,352.9296479076147,392.9456559829414,-5,0.0,0.0,90.62
CP-SCALE-AU-L002__gW0680_gE1200_s0150,67,8,352.9296479076147,392.9456559829414,0,0.0,0.0,90.62
CP-SCALE-AU-L002__gW0680_gE1200_s0150,67,8,352.9296479076147,392.9456559829414,1,0.0,0.0,90.62
CP-SCALE-AU-L002__gW0680_gE1200_s0150,67,8,352.9296479076147,392.9456559829414,5,15.842423,-2444.9435605,90.3063
CP-SCALE-AU-L002__gW0680_gE1200_s0150,67,8,352.9296479076147,392.9456559829414,8,15.842423,-1913.31252075,90.0662
CP-SCALE-AU-L002__gW0680_gE1200_s0150,67,8,352.9296479076147,392.9456559829414,12,17.626801,-1681.29157575,90.0874
CP-SCALE-AU-L002__gW0680_gE1200_s0150,67,8,352.9296479076147,392.9456559829414,16,17.626801,-1435.81760275,90.0053
CP-SCALE-AU-L002__gW0680_gE1200_s0150,67,8,352.9296479076147,392.9456559829414,24,17.626801,-1188.124779,90.4485
CP-SCALE-AU-L002__gW0680_gE1200_s0150,67,8,352.9296479076147,392.9456559829414,30,17.626801,-1073.386952,90.4359
CP-SCALE-AU-L002__gW0680_gE1200_s0150,67,9,392.95115165039897,431.068233396858,-10,0.0,-177.4067515,90.4359
CP-SCALE-AU-L002__gW0680_gE1200_s0150,67,9,392.95115165039897,431.068233396858,-5,0.0,-13.0539925,90.4963
CP-SCALE-AU-L002__gW0680_gE1200_s0150,67,9,392.95115165039897,431.068233396858,0,0.0,0.0,90.4673
CP-SCALE-AU-L002__gW0680_gE1200_s0150,67,9,392.95115165039897,431.068233396858,1,0.0,0.0,90.4673
CP-SCALE-AU-L002__gW0680_gE1200_s0150,67,9,392.95115165039897,431.068233396858,5,0.0,-1817.25912625,92.4406
CP-SCALE-AU-L002__gW0680_gE1200_s0150,67,9,392.95115165039897,431.068233396858,8,37.626062,-1238.522331,92.4145
CP-SCALE-AU-L002__gW0680_gE1200_s0150,67,9,392.95115165039897,431.068233396858,12,37.626062,-580.49386975,91.7808
CP-SCALE-AU-L002__gW0680_gE1200_s0150,67,9,392.95115165039897,431.068233396858,16,37.626062,-317.677099,91.8409
CP-SCALE-AU-L002__gW0680_gE1200_s0150,67,9,392.95115165039897,431.068233396858,24,37.626062,66.799792,91.5718
CP-SCALE-AU-L002__gW0680_gE1200_s0150,67,9,392.95115165039897,431.068233396858,30,88.278146,140.13690825,91.5569
CP-SCALE-AU-L002__gW0680_gE1200_s0150,67,15,633.789520110935,673.8076964206994,-10,0.0,-100.37065425,91.9798
CP-SCALE-AU-L002__gW0680_gE1200_s0150,67,15,633.789520110935,673.8076964206994,-5,0.0,-80.176216,92.0131
CP-SCALE-AU-L002__gW0680_gE1200_s0150,67,15,633.789520110935,673.8076964206994,0,0.0,0.0,92.1455
CP-SCALE-AU-L002__gW0680_gE1200_s0150,67,15,633.789520110935,673.8076964206994,1,0.0,0.0,92.1455
CP-SCALE-AU-L002__gW0680_gE1200_s0150,67,15,633.789520110935,673.8076964206994,5,0.0,-2401.28228275,91.311
CP-SCALE-AU-L002__gW0680_gE1200_s0150,67,15,633.789520110935,673.8076964206994,8,0.0,-1717.61239125,91.0929
CP-SCALE-AU-L002__gW0680_gE1200_s0150,67,15,633.789520110935,673.8076964206994,12,0.0,-1574.69845425,91.0951
CP-SCALE-AU-L002__gW0680_gE1200_s0150,67,15,633.789520110935,673.8076964206994,16,0.0,-1181.02971425,91.1088
CP-SCALE-AU-L002__gW0680_gE1200_s0150,67,15,633.789520110935,673.8076964206994,24,0.0,-746.37714875,91.414
CP-SCALE-AU-L002__gW0680_gE1200_s0150,67,15,633.789520110935,673.8076964206994,30,0.0,-531.57749425,91.5586
CP-SCALE-AU-L002__gW0680_gE1200_s0150,67,16,673.8131630159914,713.829544365406,-10,0.0,-206.994014,91.5586
CP-SCALE-AU-L002__gW0680_gE1200_s0150,67,16,673.8131630159914,713.829544365406,-5,0.0,-154.86196175,91.4991
CP-SCALE-AU-L002__gW0680_gE1200_s0150,67,16,673.8131630159914,713.829544365406,0,0.0,0.0,91.3243
CP-SCALE-AU-L002__gW0680_gE1200_s0150,67,16,673.8131630159914,713.829544365406,1,0.0,0.0,91.3243
CP-SCALE-AU-L002__gW0680_gE1200_s0150,67,16,673.8131630159914,713.829544365406,5,0.0,-2107.3815745,90.6988
CP-SCALE-AU-L002__gW0680_gE1200_s0150,67,16,673.8131630159914,713.829544365406,8,0.0,-1655.364968,90.6779
CP-SCALE-AU-L002__gW0680_gE1200_s0150,67,16,673.8131630159914,713.829544365406,12,0.0,-1226.17063825,90.5141
CP-SCALE-AU-L002__gW0680_gE1200_s0150,67,16,673.8131630159914,713.829544365406,16,0.0,-984.405591,90.4137
CP-SCALE-AU-L002__gW0680_gE1200_s0150,67,16,673.8131630159914,713.829544365406,24,0.0,-673.27913775,90.2006
CP-SCALE-AU-L002__gW0680_gE1200_s0150,67,16,673.8131630159914,713.829544365406,30,0.0,-540.660106,90.426
CP-SCALE-AU-L002__gW0680_gE1200_s0150,67,17,713.8348626196384,751.9669964760542,-10,0.0,-64.23065525,90.426
CP-SCALE-AU-L002__gW0680_gE1200_s0150,67,17,713.8348626196384,751.9669964760542,-5,0.0,-13.57973925,90.3722
CP-SCALE-AU-L002__gW0680_gE1200_s0150,67,17,713.8348626196384,751.9669964760542,0,0.0,0.0,90.4028
CP-SCALE-AU-L002__gW0680_gE1200_s0150,67,17,713.8348626196384,751.9669964760542,1,0.0,0.0,90.4028
CP-SCALE-AU-L002__gW0680_gE1200_s0150,67,17,713.8348626196384,751.9669964760542,5,0.0,-1690.3262695,91.9848
CP-SCALE-AU-L002__gW0680_gE1200_s0150,67,17,713.8348626196384,751.9669964760542,8,0.0,-1301.8292845,91.8966
CP-SCALE-AU-L002__gW0680_gE1200_s0150,67,17,713.8348626196384,751.9669964760542,12,0.0,-866.77633525,90.909
CP-SCALE-AU-L002__gW0680_gE1200_s0150,67,17,713.8348626196384,751.9669964760542,16,0.0,-438.107485,90.8858
CP-SCALE-AU-L002__gW0680_gE1200_s0150,67,17,713.8348626196384,751.9669964760542,24,0.0,-189.40403575,91.0896
CP-SCALE-AU-L002__gW0680_gE1200_s0150,67,17,713.8348626196384,751.9669964760542,30,0.0,21.500766,91.0709
CP-SCALE-AU-L002__gW0680_gE1200_s0150,67,18,751.9733179844916,791.9900609925389,-10,0.0,-436.40347725,91.0687
CP-SCALE-AU-L002__gW0680_gE1200_s0150,67,18,751.9733179844916,791.9900609925389,-5,0.0,-65.86748075,91.1517
CP-SCALE-AU-L002__gW0680_gE1200_s0150,67,18,751.9733179844916,791.9900609925389,0,0.0,0.0,90.9299
CP-SCALE-AU-L002__gW0680_gE1200_s0150,67,18,751.9733179844916,791.9900609925389,1,0.0,0.0,90.9299
CP-SCALE-AU-L002__gW0680_gE1200_s0150,67,18,751.9733179844916,791.9900609925389,5,0.0,-1651.10029575,92.8553
CP-SCALE-AU-L002__gW0680_gE1200_s0150,67,18,751.9733179844916,791.9900609925389,8,0.0,-1105.2228785,93.1835
CP-SCALE-AU-L002__gW0680_gE1200_s0150,67,18,751.9733179844916,791.9900609925389,12,0.0,-736.1869275,93.3482
CP-SCALE-AU-L002__gW0680_gE1200_s0150,67,18,751.9733179844916,791.9900609925389,16,0.0,-648.5040605,93.2522
CP-SCALE-AU-L002__gW0680_gE1200_s0150,67,18,751.9733179844916,791.9900609925389,24,0.0,-458.6715675,93.0666
CP-SCALE-AU-L002__gW0680_gE1200_s0150,67,18,751.9733179844916,791.9900609925389,30,0.0,-272.57942375,93.0452
CP-SCALE-AU-L002__gW0680_gE1200_s0150,71,0,30.900215324014425,70.92841182649136,-10,-744.576667,-744.576667,0.0
CP-SCALE-AU-L002__gW0680_gE1200_s0150,71,0,30.900215324014425,70.92841182649136,-5,-337.489677,-337.489677,0.0
CP-SCALE-AU-L002__gW0680_gE1200_s0150,71,0,30.900215324014425,70.92841182649136,0,0.0,0.0,0.0
CP-SCALE-AU-L002__gW0680_gE1200_s0150,71,0,30.900215324014425,70.92841182649136,1,0.0,0.0,0.0
CP-SCALE-AU-L002__gW0680_gE1200_s0150,71,0,30.900215324014425,70.92841182649136,5,47.843298,-2488.08783375,89.9441
CP-SCALE-AU-L002__gW0680_gE1200_s0150,71,0,30.900215324014425,70.92841182649136,8,134.704003,-2068.93209575,90.0946
CP-SCALE-AU-L002__gW0680_gE1200_s0150,71,0,30.900215324014425,70.92841182649136,12,361.090321,-1815.96192875,90.1689
CP-SCALE-AU-L002__gW0680_gE1200_s0150,71,0,30.900215324014425,70.92841182649136,16,384.315649,-1524.60095825,90.3978
CP-SCALE-AU-L002__gW0680_gE1200_s0150,71,0,30.900215324014425,70.92841182649136,24,870.997291,-1064.902818,90.3357
CP-SCALE-AU-L002__gW0680_gE1200_s0150,71,0,30.900215324014425,70.92841182649136,30,1112.799665,-884.5976995,90.5716
CP-SCALE-AU-L002__gW0680_gE1200_s0150,71,3,153.9068797379732,192.0333672054112,-10,-16.869348,-54.0500265,91.5687
CP-SCALE-AU-L002__gW0680_gE1200_s0150,71,3,153.9068797379732,192.0333672054112,-5,0.0,-14.993146,91.5448
CP-SCALE-AU-L002__gW0680_gE1200_s0150,71,3,153.9068797379732,192.0333672054112,0,0.0,0.0,91.7121
CP-SCALE-AU-L002__gW0680_gE1200_s0150,71,3,153.9068797379732,192.0333672054112,1,0.0,0.0,91.7121
CP-SCALE-AU-L002__gW0680_gE1200_s0150,71,3,153.9068797379732,192.0333672054112,5,0.0,-2300.8971015,97.1422
CP-SCALE-AU-L002__gW0680_gE1200_s0150,71,3,153.9068797379732,192.0333672054112,8,15.926444,-1816.53266625,97.0195
CP-SCALE-AU-L002__gW0680_gE1200_s0150,71,3,153.9068797379732,192.0333672054112,12,15.926444,-1357.2811585,96.9958
CP-SCALE-AU-L002__gW0680_gE1200_s0150,71,3,153.9068797379732,192.0333672054112,16,15.926444,-1103.96470025,97.1311
CP-SCALE-AU-L002__gW0680_gE1200_s0150,71,3,153.9068797379732,192.0333672054112,24,28.901261,-759.59524325,97.0943
CP-SCALE-AU-L002__gW0680_gE1200_s0150,71,3,153.9068797379732,192.0333672054112,30,28.901261,-552.80999525,97.0606
CP-SCALE-AU-L002__gW0680_gE1200_s0150,71,7,312.4594706222415,352.4816831126809,-10,0.0,-21.75475075,96.9555
CP-SCALE-AU-L002__gW0680_gE1200_s0150,71,7,312.4594706222415,352.4816831126809,-5,0.0,-3.935984,96.9758
CP-SCALE-AU-L002__gW0680_gE1200_s0150,71,7,312.4594706222415,352.4816831126809,0,0.0,0.0,96.9776
CP-SCALE-AU-L002__gW0680_gE1200_s0150,71,7,312.4594706222415,352.4816831126809,1,0.0,0.0,96.9776
CP-SCALE-AU-L002__gW0680_gE1200_s0150,71,7,312.4594706222415,352.4816831126809,5,0.0,-2907.063231,98.2415
CP-SCALE-AU-L002__gW0680_gE1200_s0150,71,7,312.4594706222415,352.4816831126809,8,0.0,-2416.605295,98.312
CP-SCALE-AU-L002__gW0680_gE1200_s0150,71,7,312.4594706222415,352.4816831126809,12,0.0,-2151.05291825,98.1601
CP-SCALE-AU-L002__gW0680_gE1200_s0150,71,7,312.4594706222415,352.4816831126809,16,0.0,-1915.91049125,98.1454
CP-SCALE-AU-L002__gW0680_gE1200_s0150,71,7,312.4594706222415,352.4816831126809,24,0.0,-1754.64905775,98.1029
CP-SCALE-AU-L002__gW0680_gE1200_s0150,71,7,312.4594706222415,352.4816831126809,30,0.0,-1583.63804375,98.122
CP-SCALE-AU-L002__gW0680_gE1200_s0150,71,8,352.48950028046966,390.6119808740914,-10,-128.360296,-234.17605075,98.122
CP-SCALE-AU-L002__gW0680_gE1200_s0150,71,8,352.48950028046966,390.6119808740914,-5,-128.360296,-159.16610175,98.0498
CP-SCALE-AU-L002__gW0680_gE1200_s0150,71,8,352.48950028046966,390.6119808740914,0,0.0,0.0,98.0682
CP-SCALE-AU-L002__gW0680_gE1200_s0150,71,8,352.48950028046966,390.6119808740914,1,0.0,0.0,98.0682
CP-SCALE-AU-L002__gW0680_gE1200_s0150,71,8,352.48950028046966,390.6119808740914,5,32.110282,-610.62465375,98.4377
CP-SCALE-AU-L002__gW0680_gE1200_s0150,71,8,352.48950028046966,390.6119808740914,8,42.692153,-312.4058365,98.4767
CP-SCALE-AU-L002__gW0680_gE1200_s0150,71,8,352.48950028046966,390.6119808740914,12,52.383244,2392.12625825,0.0
CP-SCALE-AU-L002__gW0680_gE1200_s0150,71,8,352.48950028046966,390.6119808740914,16,52.383244,2392.12625825,0.0
CP-SCALE-AU-L002__gW0680_gE1200_s0150,71,8,352.48950028046966,390.6119808740914,24,52.383244,2392.12625825,0.0
CP-SCALE-AU-L002__gW0680_gE1200_s0150,71,8,352.48950028046966,390.6119808740914,30,52.383244,2392.12625825,0.0
CP-SCALE-AU-L002__gW0680_gE1200_s0150,71,9,390.61811112985015,431.6472191400826,-10,0.0,0.0,0.0
CP-SCALE-AU-L002__gW0680_gE1200_s0150,71,9,390.61811112985015,431.6472191400826,-5,0.0,0.0,0.0
CP-SCALE-AU-L002__gW0680_gE1200_s0150,71,9,390.61811112985015,431.6472191400826,0,0.0,0.0,0.0
CP-SCALE-AU-L002__gW0680_gE1200_s0150,71,9,390.61811112985015,431.6472191400826,1,0.0,0.0,0.0
CP-SCALE-AU-L002__gW0680_gE1200_s0150,71,9,390.61811112985015,431.6472191400826,5,0.0,-2904.92863375,89.2606
CP-SCALE-AU-L002__gW0680_gE1200_s0150,71,9,390.61811112985015,431.6472191400826,8,0.0,-2498.21022475,89.2445
CP-SCALE-AU-L002__gW0680_gE1200_s0150,71,9,390.61811112985015,431.6472191400826,12,0.0,-1839.32870525,88.9076
CP-SCALE-AU-L002__gW0680_gE1200_s0150,71,9,390.61811112985015,431.6472191400826,16,41.720311,-1714.24317975,88.7573
CP-SCALE-AU-L002__gW0680_gE1200_s0150,71,9,390.61811112985015,431.6472191400826,24,101.145557,-1531.6657315,89.503
CP-SCALE-AU-L002__gW0680_gE1200_s0150,71,9,390.61811112985015,431.6472191400826,30,101.145557,-1135.656695,89.3575
CP-SCALE-AU-L002__gW0680_gE1200_s0150,71,14,592.3355950042605,632.3549429923296,-10,0.0,0.0,89.8258
CP-SCALE-AU-L002__gW0680_gE1200_s0150,71,14,592.3355950042605,632.3549429923296,-5,0.0,0.0,89.8258
CP-SCALE-AU-L002__gW0680_gE1200_s0150,71,14,592.3355950042605,632.3549429923296,0,0.0,0.0,89.8258
CP-SCALE-AU-L002__gW0680_gE1200_s0150,71,14,592.3355950042605,632.3549429923296,1,0.0,0.0,89.8258
CP-SCALE-AU-L002__gW0680_gE1200_s0150,71,14,592.3355950042605,632.3549429923296,5,0.0,-2969.45473675,96.8085
CP-SCALE-AU-L002__gW0680_gE1200_s0150,71,14,592.3355950042605,632.3549429923296,8,0.0,-2457.8097315,96.7536
CP-SCALE-AU-L002__gW0680_gE1200_s0150,71,14,592.3355950042605,632.3549429923296,12,0.0,-2261.1971765,96.8001
CP-SCALE-AU-L002__gW0680_gE1200_s0150,71,14,592.3355950042605,632.3549429923296,16,0.0,-2179.02896925,96.826
CP-SCALE-AU-L002__gW0680_gE1200_s0150,71,14,592.3355950042605,632.3549429923296,24,10.120139,-1836.4889075,97.0158
CP-SCALE-AU-L002__gW0680_gE1200_s0150,71,14,592.3355950042605,632.3549429923296,30,23.142101,-1733.00209275,96.9978
CP-SCALE-AU-L002__gW0680_gE1200_s0150,71,15,632.3611166998744,673.3866577334702,-10,0.0,-247.7585975,96.9978
CP-SCALE-AU-L002__gW0680_gE1200_s0150,71,15,632.3611166998744,673.3866577334702,-5,0.0,-75.9465775,97.047
CP-SCALE-AU-L002__gW0680_gE1200_s0150,71,15,632.3611166998744,673.3866577334702,0,0.0,0.0,97.0916
CP-SCALE-AU-L002__gW0680_gE1200_s0150,71,15,632.3611166998744,673.3866577334702,1,0.0,0.0,97.0916
CP-SCALE-AU-L002__gW0680_gE1200_s0150,71,15,632.3611166998744,673.3866577334702,5,0.0,-1075.21031,95.8279
CP-SCALE-AU-L002__gW0680_gE1200_s0150,71,15,632.3611166998744,673.3866577334702,8,0.0,-642.9104665,96.0771
CP-SCALE-AU-L002__gW0680_gE1200_s0150,71,15,632.3611166998744,673.3866577334702,12,0.0,-91.3243455,96.2876
CP-SCALE-AU-L002__gW0680_gE1200_s0150,71,15,632.3611166998744,673.3866577334702,16,0.0,7.934805,96.3891
CP-SCALE-AU-L002__gW0680_gE1200_s0150,71,15,632.3611166998744,673.3866577334702,24,0.0,303.339099,96.6015
CP-SCALE-AU-L002__gW0680_gE1200_s0150,71,15,632.3611166998744,673.3866577334702,30,0.0,469.58150925,96.5311
CP-SCALE-AU-L002__gW0680_gE1200_s0150,71,17,711.5349215343595,750.6751143299043,-10,-15.743936,-77.78390325,96.6427
CP-SCALE-AU-L002__gW0680_gE1200_s0150,71,17,711.5349215343595,750.6751143299043,-5,-15.743936,-64.6604775,96.642
CP-SCALE-AU-L002__gW0680_gE1200_s0150,71,17,711.5349215343595,750.6751143299043,0,0.0,0.0,96.6617
CP-SCALE-AU-L002__gW0680_gE1200_s0150,71,17,711.5349215343595,750.6751143299043,1,0.0,0.0,96.6617
CP-SCALE-AU-L002__gW0680_gE1200_s0150,71,17,711.5349215343595,750.6751143299043,5,4.078103,-2443.0094155,96.9912
CP-SCALE-AU-L002__gW0680_gE1200_s0150,71,17,711.5349215343595,750.6751143299043,8,4.078103,-1960.07882175,97.0539
CP-SCALE-AU-L002__gW0680_gE1200_s0150,71,17,711.5349215343595,750.6751143299043,12,173.648843,-1473.11445775,97.1898
CP-SCALE-AU-L002__gW0680_gE1200_s0150,71,17,711.5349215343595,750.6751143299043,16,173.648843,-1291.80594675,97.1863
CP-SCALE-AU-L002__gW0680_gE1200_s0150,71,17,711.5349215343595,750.6751143299043,24,173.648843,-637.849558,97.16
CP-SCALE-AU-L002__gW0680_gE1200_s0150,71,17,711.5349215343595,750.6751143299043,30,173.648843,-514.178603,97.1351
CP-SCALE-AU-L002__gW0680_gE1200_s0150,73,0,32.87506562098861,71.00163196027279,-10,-925.945078,-925.945078,0.0
CP-SCALE-AU-L002__gW0680_gE1200_s0150,73,0,32.87506562098861,71.00163196027279,-5,-101.22333,-101.22333,0.0
CP-SCALE-AU-L002__gW0680_gE1200_s0150,73,0,32.87506562098861,71.00163196027279,0,0.0,0.0,0.0
CP-SCALE-AU-L002__gW0680_gE1200_s0150,73,0,32.87506562098861,71.00163196027279,1,0.0,0.0,0.0
CP-SCALE-AU-L002__gW0680_gE1200_s0150,73,0,32.87506562098861,71.00163196027279,5,33.949818,-2159.0081405,88.7916
CP-SCALE-AU-L002__gW0680_gE1200_s0150,73,0,32.87506562098861,71.00163196027279,8,163.497653,-1687.05551325,88.8982
CP-SCALE-AU-L002__gW0680_gE1200_s0150,73,0,32.87506562098861,71.00163196027279,12,518.048829,-1366.364967,89.217
CP-SCALE-AU-L002__gW0680_gE1200_s0150,73,0,32.87506562098861,71.00163196027279,16,985.843772,-780.8489955,90.0109
CP-SCALE-AU-L002__gW0680_gE1200_s0150,73,0,32.87506562098861,71.00163196027279,24,1343.798429,-115.45139975,89.9429
CP-SCALE-AU-L002__gW0680_gE1200_s0150,73,0,32.87506562098861,71.00163196027279,30,1738.775874,270.62386425,89.6061
CP-SCALE-AU-L002__gW0680_gE1200_s0150,73,1,71.00866143777966,114.0344451032579,-10,-184.89562,-211.51647275,89.6805
CP-SCALE-AU-L002__gW0680_gE1200_s0150,73,1,71.00866143777966,114.0344451032579,-5,-92.137651,-128.93947375,89.6334
CP-SCALE-AU-L002__gW0680_gE1200_s0150,73,1,71.00866143777966,114.0344451032579,0,0.0,0.0,89.7002
CP-SCALE-AU-L002__gW0680_gE1200_s0150,73,1,71.00866143777966,114.0344451032579,1,0.0,0.0,89.7002
CP-SCALE-AU-L002__gW0680_gE1200_s0150,73,1,71.00866143777966,114.0344451032579,5,72.594325,-1700.53674625,91.1748
CP-SCALE-AU-L002__gW0680_gE1200_s0150,73,1,71.00866143777966,114.0344451032579,8,72.594325,-1187.53102275,91.4461
CP-SCALE-AU-L002__gW0680_gE1200_s0150,73,1,71.00866143777966,114.0344451032579,12,102.893434,-773.62650175,91.4445
CP-SCALE-AU-L002__gW0680_gE1200_s0150,73,1,71.00866143777966,114.0344451032579,16,102.893434,-714.82800075,91.4893
CP-SCALE-AU-L002__gW0680_gE1200_s0150,73,1,71.00866143777966,114.0344451032579,24,115.370395,-494.248371,91.795
CP-SCALE-AU-L002__gW0680_gE1200_s0150,73,1,71.00866143777966,114.0344451032579,30,122.549239,-359.35415175,92.1961
CP-SCALE-AU-L002__gW0680_gE1200_s0150,73,9,393.9545212946832,434.9882529191673,-10,-126.987455,-31.74686375,94.3959
CP-SCALE-AU-L002__gW0680_gE1200_s0150,73,9,393.9545212946832,434.9882529191673,-5,-99.095323,-24.77383075,94.3972
CP-SCALE-AU-L002__gW0680_gE1200_s0150,73,9,393.9545212946832,434.9882529191673,0,0.0,0.0,94.4269
CP-SCALE-AU-L002__gW0680_gE1200_s0150,73,9,393.9545212946832,434.9882529191673,1,0.0,0.0,94.4269
CP-SCALE-AU-L002__gW0680_gE1200_s0150,73,9,393.9545212946832,434.9882529191673,5,0.0,-3265.93083625,97.1885
CP-SCALE-AU-L002__gW0680_gE1200_s0150,73,9,393.9545212946832,434.9882529191673,8,0.0,-2822.197508,97.2341
CP-SCALE-AU-L002__gW0680_gE1200_s0150,73,9,393.9545212946832,434.9882529191673,12,106.588728,-2376.09085475,97.3199
CP-SCALE-AU-L002__gW0680_gE1200_s0150,73,9,393.9545212946832,434.9882529191673,16,106.588728,-2012.5609535,97.4678
CP-SCALE-AU-L002__gW0680_gE1200_s0150,73,9,393.9545212946832,434.9882529191673,24,106.588728,-1607.753948,97.4526
CP-SCALE-AU-L002__gW0680_gE1200_s0150,73,9,393.9545212946832,434.9882529191673,30,106.588728,-1541.30342975,97.4118
CP-SCALE-AU-L002__gW0680_gE1200_s0150,73,12,513.1837219968438,551.3147125355899,-10,0.0,0.0,0.0
CP-SCALE-AU-L002__gW0680_gE1200_s0150,73,12,513.1837219968438,551.3147125355899,-5,0.0,0.0,0.0
CP-SCALE-AU-L002__gW0680_gE1200_s0150,73,12,513.1837219968438,551.3147125355899,0,0.0,0.0,0.0
CP-SCALE-AU-L002__gW0680_gE1200_s0150,73,12,513.1837219968438,551.3147125355899,1,0.0,0.0,0.0
CP-SCALE-AU-L002__gW0680_gE1200_s0150,73,12,513.1837219968438,551.3147125355899,5,0.0,-2855.3887415,89.6339
CP-SCALE-AU-L002__gW0680_gE1200_s0150,73,12,513.1837219968438,551.3147125355899,8,3.794796,-2583.3247675,89.7743
CP-SCALE-AU-L002__gW0680_gE1200_s0150,73,12,513.1837219968438,551.3147125355899,12,3.794796,-2377.25836125,89.8998
CP-SCALE-AU-L002__gW0680_gE1200_s0150,73,12,513.1837219968438,551.3147125355899,16,3.794796,-2247.12007825,89.8998
CP-SCALE-AU-L002__gW0680_gE1200_s0150,73,12,513.1837219968438,551.3147125355899,24,3.794796,-2076.6198145,89.6484
CP-SCALE-AU-L002__gW0680_gE1200_s0150,73,12,513.1837219968438,551.3147125355899,30,3.794796,-1751.82253525,89.4751
CP-SCALE-AU-L002__gW0680_gE1200_s0150,73,15,630.5542032308877,675.5913722775877,-10,0.0,0.0,0.0
CP-SCALE-AU-L002__gW0680_gE1200_s0150,73,15,630.5542032308877,675.5913722775877,-5,0.0,0.0,0.0
CP-SCALE-AU-L002__gW0680_gE1200_s0150,73,15,630.5542032308877,675.5913722775877,0,0.0,0.0,0.0
CP-SCALE-AU-L002__gW0680_gE1200_s0150,73,15,630.5542032308877,675.5913722775877,1,0.0,0.0,0.0
CP-SCALE-AU-L002__gW0680_gE1200_s0150,73,15,630.5542032308877,675.5913722775877,5,0.0,-2362.1220915,88.4311
CP-SCALE-AU-L002__gW0680_gE1200_s0150,73,15,630.5542032308877,675.5913722775877,8,9.76826,-2192.40143825,88.7169
CP-SCALE-AU-L002__gW0680_gE1200_s0150,73,15,630.5542032308877,675.5913722775877,12,9.76826,-2072.603887,88.8514
CP-SCALE-AU-L002__gW0680_gE1200_s0150,73,15,630.5542032308877,675.5913722775877,16,9.76826,-1887.30015,88.8514
CP-SCALE-AU-L002__gW0680_gE1200_s0150,73,15,630.5542032308877,675.5913722775877,24,9.76826,-1598.153583,89.5147
CP-SCALE-AU-L002__gW0680_gE1200_s0150,73,15,630.5542032308877,675.5913722775877,30,9.76826,-1553.67071625,89.5763
CP-SCALE-AU-L002__gW0680_gE1200_s0150,73,17,713.6656472869217,750.8064771108329,-10,0.0,0.0,0.0
CP-SCALE-AU-L002__gW0680_gE1200_s0150,73,17,713.6656472869217,750.8064771108329,-5,0.0,0.0,0.0
CP-SCALE-AU-L002__gW0680_gE1200_s0150,73,17,713.6656472869217,750.8064771108329,0,0.0,0.0,0.0
CP-SCALE-AU-L002__gW0680_gE1200_s0150,73,17,713.6656472869217,750.8064771108329,1,0.0,0.0,0.0
CP-SCALE-AU-L002__gW0680_gE1200_s0150,73,17,713.6656472869217,750.8064771108329,5,0.0,-3136.603587,90.3637
CP-SCALE-AU-L002__gW0680_gE1200_s0150,73,17,713.6656472869217,750.8064771108329,8,0.0,-2586.50474225,90.1666
CP-SCALE-AU-L002__gW0680_gE1200_s0150,73,17,713.6656472869217,750.8064771108329,12,0.0,-2256.827872,90.075
CP-SCALE-AU-L002__gW0680_gE1200_s0150,73,17,713.6656472869217,750.8064771108329,16,0.0,-2121.17133375,90.1666
CP-SCALE-AU-L002__gW0680_gE1200_s0150,73,17,713.6656472869217,750.8064771108329,24,324.1847,-1829.749451,90.2797
CP-SCALE-AU-L002__gW0680_gE1200_s0150,73,17,713.6656472869217,750.8064771108329,30,324.1847,-1819.640855,90.3404
CP-SCALE-AU-L002__gW0680_gE1200_s0150,73,18,750.8128262460232,791.8417798951268,-10,0.0,-113.616647,90.2493
CP-SCALE-AU-L002__gW0680_gE1200_s0150,73,18,750.8128262460232,791.8417798951268,-5,0.0,-111.59327125,90.1911
CP-SCALE-AU-L002__gW0680_gE1200_s0150,73,18,750.8128262460232,791.8417798951268,0,0.0,0.0,90.3484
CP-SCALE-AU-L002__gW0680_gE1200_s0150,73,18,750.8128262460232,791.8417798951268,1,0.0,0.0,90.3484
CP-SCALE-AU-L002__gW0680_gE1200_s0150,73,18,750.8128262460232,791.8417798951268,5,165.59408,-817.54422,89.519
CP-SCALE-AU-L002__gW0680_gE1200_s0150,73,18,750.8128262460232,791.8417798951268,8,300.077072,-472.83509925,89.5862
CP-SCALE-AU-L002__gW0680_gE1200_s0150,73,18,750.8128262460232,791.8417798951268,12,300.077072,-270.020547,89.7393
CP-SCALE-AU-L002__gW0680_gE1200_s0150,73,18,750.8128262460232,791.8417798951268,16,300.077072,-14.78992325,89.6255
CP-SCALE-AU-L002__gW0680_gE1200_s0150,73,18,750.8128262460232,791.8417798951268,24,300.077072,267.654374,90.1652
CP-SCALE-AU-L002__gW0680_gE1200_s0150,73,18,750.8128262460232,791.8417798951268,30,300.077072,402.24934875,90.3819
CP-SCALE-AU-L002__gW0680_gE1200_s0150,73,19,791.84852437675,832.8709049411118,-10,0.0,-202.840496,90.3819
CP-SCALE-AU-L002__gW0680_gE1200_s0150,73,19,791.84852437675,832.8709049411118,-5,0.0,-9.602248,90.6849
CP-SCALE-AU-L002__gW0680_gE1200_s0150,73,19,791.84852437675,832.8709049411118,0,0.0,0.0,90.565
CP-SCALE-AU-L002__gW0680_gE1200_s0150,73,19,791.84852437675,832.8709049411118,1,0.0,0.0,90.565
CP-SCALE-AU-L002__gW0680_gE1200_s0150,73,19,791.84852437675,832.8709049411118,5,0.0,-1816.026733,91.1925
CP-SCALE-AU-L002__gW0680_gE1200_s0150,73,19,791.84852437675,832.8709049411118,8,0.0,-1325.8372185,91.2247
CP-SCALE-AU-L002__gW0680_gE1200_s0150,73,19,791.84852437675,832.8709049411118,12,0.0,-719.035559,90.909
CP-SCALE-AU-L002__gW0680_gE1200_s0150,73,19,791.84852437675,832.8709049411118,16,67.072864,-557.73025575,90.7747
CP-SCALE-AU-L002__gW0680_gE1200_s0150,73,19,791.84852437675,832.8709049411118,24,98.788856,-382.18395225,91.1268
CP-SCALE-AU-L002__gW0680_gE1200_s0150,73,19,791.84852437675,832.8709049411118,30,98.788856,-228.503233,91.0476
CP-SCALE-AU-L002__gW0680_gE1200_s0150,73,20,833.101279720664,900.0054337531328,-10,-35.716044,-216.963847,91.05
CP-SCALE-AU-L002__gW0680_gE1200_s0150,73,20,833.101279720664,900.0054337531328,-5,-35.716044,-155.89623525,90.7154
CP-SCALE-AU-L002__gW0680_gE1200_s0150,73,20,833.101279720664,900.0054337531328,0,0.0,0.0,90.7306
CP-SCALE-AU-L002__gW0680_gE1200_s0150,73,20,833.101279720664,900.0054337531328,1,0.0,0.0,90.7306
CP-SCALE-AU-L002__gW0680_gE1200_s0150,73,20,833.101279720664,900.0054337531328,5,0.0,-1932.44998225,90.0248
CP-SCALE-AU-L002__gW0680_gE1200_s0150,73,20,833.101279720664,900.0054337531328,8,0.0,-1516.76864675,90.0055
CP-SCALE-AU-L002__gW0680_gE1200_s0150,73,20,833.101279720664,900.0054337531328,12,0.0,-1226.72444625,89.8291
CP-SCALE-AU-L002__gW0680_gE1200_s0150,73,20,833.101279720664,900.0054337531328,16,0.0,-765.846707,90.0
CP-SCALE-AU-L002__gW0680_gE1200_s0150,73,20,833.101279720664,900.0054337531328,24,56.191548,-473.836784,90.4383
CP-SCALE-AU-L002__gW0680_gE1200_s0150,73,20,833.101279720664,900.0054337531328,30,86.663945,-272.166881,90.4514
CP-SCALE-AU-L002__gW0680_gE1200_s0150,79,0,33.8196358717978,70.92435428127646,-10,-646.991438,-646.991438,0.0
CP-SCALE-AU-L002__gW0680_gE1200_s0150,79,0,33.8196358717978,70.92435428127646,-5,0.0,0.0,0.0
CP-SCALE-AU-L002__gW0680_gE1200_s0150,79,0,33.8196358717978,70.92435428127646,0,0.0,0.0,0.0
CP-SCALE-AU-L002__gW0680_gE1200_s0150,79,0,33.8196358717978,70.92435428127646,1,0.0,0.0,0.0
CP-SCALE-AU-L002__gW0680_gE1200_s0150,79,0,33.8196358717978,70.92435428127646,5,249.064194,-2082.971796,87.1004
CP-SCALE-AU-L002__gW0680_gE1200_s0150,79,0,33.8196358717978,70.92435428127646,8,549.057624,-1527.961349,87.2866
CP-SCALE-AU-L002__gW0680_gE1200_s0150,79,0,33.8196358717978,70.92435428127646,12,634.3916,-1006.9428655,88.426
CP-SCALE-AU-L002__gW0680_gE1200_s0150,79,0,33.8196358717978,70.92435428127646,16,641.923508,-842.36319375,88.2862
CP-SCALE-AU-L002__gW0680_gE1200_s0150,79,0,33.8196358717978,70.92435428127646,24,671.02592,-766.368148,88.6016
CP-SCALE-AU-L002__gW0680_gE1200_s0150,79,0,33.8196358717978,70.92435428127646,30,671.02592,-355.43784875,88.7355
CP-SCALE-AU-L002__gW0680_gE1200_s0150,79,1,70.92915052175522,111.95095532760024,-10,-398.771983,-399.24938575,88.6985
CP-SCALE-AU-L002__gW0680_gE1200_s0150,79,1,70.92915052175522,111.95095532760024,-5,-146.056378,-178.252908,88.9316
CP-SCALE-AU-L002__gW0680_gE1200_s0150,79,1,70.92915052175522,111.95095532760024,0,0.0,0.0,89.6663
CP-SCALE-AU-L002__gW0680_gE1200_s0150,79,1,70.92915052175522,111.95095532760024,1,0.0,0.0,89.6663
CP-SCALE-AU-L002__gW0680_gE1200_s0150,79,1,70.92915052175522,111.95095532760024,5,84.282848,-1514.084572,91.4507
CP-SCALE-AU-L002__gW0680_gE1200_s0150,79,1,70.92915052175522,111.95095532760024,8,352.72367,-937.37519675,91.2355
CP-SCALE-AU-L002__gW0680_gE1200_s0150,79,1,70.92915052175522,111.95095532760024,12,352.72367,-709.14358925,91.0872
CP-SCALE-AU-L002__gW0680_gE1200_s0150,79,1,70.92915052175522,111.95095532760024,16,416.845253,-302.23377325,91.4216
CP-SCALE-AU-L002__gW0680_gE1200_s0150,79,1,70.92915052175522,111.95095532760024,24,416.845253,176.29481425,91.8102
CP-SCALE-AU-L002__gW0680_gE1200_s0150,79,1,70.92915052175522,111.95095532760024,30,416.845253,291.2384325,91.9555
CP-SCALE-AU-L002__gW0680_gE1200_s0150,79,2,111.95569657534361,152.97973604500294,-10,-121.084016,-262.89028625,91.9767
CP-SCALE-AU-L002__gW0680_gE1200_s0150,79,2,111.95569657534361,152.97973604500294,-5,-38.413869,-66.10910175,91.8141
CP-SCALE-AU-L002__gW0680_gE1200_s0150,79,2,111.95569657534361,152.97973604500294,0,0.0,0.0,92.081
CP-SCALE-AU-L002__gW0680_gE1200_s0150,79,2,111.95569657534361,152.97973604500294,1,0.0,0.0,92.081
CP-SCALE-AU-L002__gW0680_gE1200_s0150,79,2,111.95569657534361,152.97973604500294,5,0.0,-1722.13516375,93.1492
CP-SCALE-AU-L002__gW0680_gE1200_s0150,79,2,111.95569657534361,152.97973604500294,8,0.0,-1220.42949925,93.6853
CP-SCALE-AU-L002__gW0680_gE1200_s0150,79,2,111.95569657534361,152.97973604500294,12,81.815373,-937.755293,93.4659
CP-SCALE-AU-L002__gW0680_gE1200_s0150,79,2,111.95569657534361,152.97973604500294,16,152.314761,-495.940929,94.1371
CP-SCALE-AU-L002__gW0680_gE1200_s0150,79,2,111.95569657534361,152.97973604500294,24,322.623709,-261.38945075,94.1881
CP-SCALE-AU-L002__gW0680_gE1200_s0150,79,2,111.95569657534361,152.97973604500294,30,421.406216,-42.6887365,94.3002
CP-SCALE-AU-L002__gW0680_gE1200_s0150,79,6,271.3680096119642,312.3920748271048,-10,0.0,0.0,94.7024
CP-SCALE-AU-L002__gW0680_gE1200_s0150,79,6,271.3680096119642,312.3920748271048,-5,0.0,0.0,94.7024
CP-SCALE-AU-L002__gW0680_gE1200_s0150,79,6,271.3680096119642,312.3920748271048,0,0.0,0.0,94.7024
CP-SCALE-AU-L002__gW0680_gE1200_s0150,79,6,271.3680096119642,312.3920748271048,1,0.0,0.0,94.7024
CP-SCALE-AU-L002__gW0680_gE1200_s0150,79,6,271.3680096119642,312.3920748271048,5,0.0,-2636.43242375,98.5699
CP-SCALE-AU-L002__gW0680_gE1200_s0150,79,6,271.3680096119642,312.3920748271048,8,0.0,-2426.63358075,98.527
CP-SCALE-AU-L002__gW0680_gE1200_s0150,79,6,271.3680096119642,312.3920748271048,12,0.0,-2070.705042,98.5676
CP-SCALE-AU-L002__gW0680_gE1200_s0150,79,6,271.3680096119642,312.3920748271048,16,51.712608,-1948.92052225,98.5665
CP-SCALE-AU-L002__gW0680_gE1200_s0150,79,6,271.3680096119642,312.3920748271048,24,51.712608,-1767.28195875,98.6088
CP-SCALE-AU-L002__gW0680_gE1200_s0150,79,6,271.3680096119642,312.3920748271048,30,51.712608,-1675.964339,98.6094
CP-SCALE-AU-L002__gW0680_gE1200_s0150,79,8,350.5201645940542,390.5371266156435,-10,0.0,-13.2513725,98.6725
CP-SCALE-AU-L002__gW0680_gE1200_s0150,79,8,350.5201645940542,390.5371266156435,-5,0.0,-13.2513725,98.6725
CP-SCALE-AU-L002__gW0680_gE1200_s0150,79,8,350.5201645940542,390.5371266156435,0,0.0,0.0,98.5691
CP-SCALE-AU-L002__gW0680_gE1200_s0150,79,8,350.5201645940542,390.5371266156435,1,0.0,0.0,98.5691
CP-SCALE-AU-L002__gW0680_gE1200_s0150,79,8,350.5201645940542,390.5371266156435,5,0.0,-2059.51979675,98.7624
CP-SCALE-AU-L002__gW0680_gE1200_s0150,79,8,350.5201645940542,390.5371266156435,8,0.0,-1561.5712865,98.7565
CP-SCALE-AU-L002__gW0680_gE1200_s0150,79,8,350.5201645940542,390.5371266156435,12,0.0,-1046.0574825,98.8386
CP-SCALE-AU-L002__gW0680_gE1200_s0150,79,8,350.5201645940542,390.5371266156435,16,1.71624,-962.07418725,98.8579
CP-SCALE-AU-L002__gW0680_gE1200_s0150,79,8,350.5201645940542,390.5371266156435,24,1.71624,-832.91381625,98.9572
CP-SCALE-AU-L002__gW0680_gE1200_s0150,79,8,350.5201645940542,390.5371266156435,30,16.315452,-622.162959,98.875
CP-SCALE-AU-L002__gW0680_gE1200_s0150,79,9,390.54347190260887,431.56456757336855,-10,0.0,-103.50878425,98.875
CP-SCALE-AU-L002__gW0680_gE1200_s0150,79,9,390.54347190260887,431.56456757336855,-5,0.0,-58.38919775,98.8759
CP-SCALE-AU-L002__gW0680_gE1200_s0150,79,9,390.54347190260887,431.56456757336855,0,0.0,0.0,98.8793
CP-SCALE-AU-L002__gW0680_gE1200_s0150,79,9,390.54347190260887,431.56456757336855,1,0.0,0.0,98.8793
CP-SCALE-AU-L002__gW0680_gE1200_s0150,79,9,390.54347190260887,431.56456757336855,5,12.151676,-768.253272,98.4705
CP-SCALE-AU-L002__gW0680_gE1200_s0150,79,9,390.54347190260887,431.56456757336855,8,19.29444,-364.427099,98.4277
CP-SCALE-AU-L002__gW0680_gE1200_s0150,79,9,390.54347190260887,431.56456757336855,12,19.29444,26.71958,98.4513
CP-SCALE-AU-L002__gW0680_gE1200_s0150,79,9,390.54347190260887,431.56456757336855,16,47.822349,140.983572,98.4939
CP-SCALE-AU-L002__gW0680_gE1200_s0150,79,9,390.54347190260887,431.56456757336855,24,162.888312,941.889519,98.566
CP-SCALE-AU-L002__gW0680_gE1200_s0150,79,9,390.54347190260887,431.56456757336855,30,162.888312,1175.44621025,98.5074
CP-SCALE-AU-L002__gW0680_gE1200_s0150,79,14,590.1803907603025,632.2930633574724,-10,0.0,-39.91614575,98.4004
CP-SCALE-AU-L002__gW0680_gE1200_s0150,79,14,590.1803907603025,632.2930633574724,-5,0.0,-14.80037075,98.4011
CP-SCALE-AU-L002__gW0680_gE1200_s0150,79,14,590.1803907603025,632.2930633574724,0,0.0,0.0,98.4017
CP-SCALE-AU-L002__gW0680_gE1200_s0150,79,14,590.1803907603025,632.2930633574724,1,0.0,0.0,98.4017
CP-SCALE-AU-L002__gW0680_gE1200_s0150,79,14,590.1803907603025,632.2930633574724,5,0.0,-2936.10258325,98.4705
CP-SCALE-AU-L002__gW0680_gE1200_s0150,79,14,590.1803907603025,632.2930633574724,8,0.0,-2483.6746665,98.3958
CP-SCALE-AU-L002__gW0680_gE1200_s0150,79,14,590.1803907603025,632.2930633574724,12,0.0,-1950.40391575,98.4168
CP-SCALE-AU-L002__gW0680_gE1200_s0150,79,14,590.1803907603025,632.2930633574724,16,0.0,-1720.3111585,98.4152
CP-SCALE-AU-L002__gW0680_gE1200_s0150,79,14,590.1803907603025,632.2930633574724,24,65.408079,-1526.34940925,98.3326
CP-SCALE-AU-L002__gW0680_gE1200_s0150,79,14,590.1803907603025,632.2930633574724,30,65.408079,-1488.0644335,98.3712
CP-SCALE-AU-L002__gW0680_gE1200_s0150,79,15,632.2986972853541,712.3612567186356,-10,0.0,-97.44454375,98.3725
CP-SCALE-AU-L002__gW0680_gE1200_s0150,79,15,632.2986972853541,712.3612567186356,-5,0.0,-97.44454375,98.3725
CP-SCALE-AU-L002__gW0680_gE1200_s0150,79,15,632.2986972853541,712.3612567186356,0,0.0,0.0,98.3942
CP-SCALE-AU-L002__gW0680_gE1200_s0150,79,15,632.2986972853541,712.3612567186356,1,0.0,0.0,98.3942
CP-SCALE-AU-L002__gW0680_gE1200_s0150,79,15,632.2986972853541,712.3612567186356,5,0.0,-1737.53788725,99.1122
CP-SCALE-AU-L002__gW0680_gE1200_s0150,79,15,632.2986972853541,712.3612567186356,8,0.0,-1315.69313225,99.1535
CP-SCALE-AU-L002__gW0680_gE1200_s0150,79,15,632.2986972853541,712.3612567186356,12,0.0,-864.40547025,99.1113
CP-SCALE-AU-L002__gW0680_gE1200_s0150,79,15,632.2986972853541,712.3612567186356,16,0.0,-602.93516875,99.0907
CP-SCALE-AU-L002__gW0680_gE1200_s0150,79,15,632.2986972853541,712.3612567186356,24,0.0,-341.0999555,99.1312
CP-SCALE-AU-L002__gW0680_gE1200_s0150,79,15,632.2986972853541,712.3612567186356,30,0.0,-124.583684,99.1341
CP-SCALE-AU-L002__gW0680_gE1200_s0150,79,17,750.5120617486537,792.5412705689669,-10,0.0,-1.87447275,98.998
CP-SCALE-AU-L002__gW0680_gE1200_s0150,79,17,750.5120617486537,792.5412705689669,-5,0.0,0.0,99.058
CP-SCALE-AU-L002__gW0680_gE1200_s0150,79,17,750.5120617486537,792.5412705689669,0,0.0,0.0,99.058
CP-SCALE-AU-L002__gW0680_gE1200_s0150,79,17,750.5120617486537,792.5412705689669,1,0.0,0.0,99.058
CP-SCALE-AU-L002__gW0680_gE1200_s0150,79,17,750.5120617486537,792.5412705689669,5,0.0,-2973.474552,98.3831
CP-SCALE-AU-L002__gW0680_gE1200_s0150,79,17,750.5120617486537,792.5412705689669,8,0.0,-2449.2588045,98.2942
CP-SCALE-AU-L002__gW0680_gE1200_s0150,79,17,750.5120617486537,792.5412705689669,12,0.0,-1592.63491725,98.2737
CP-SCALE-AU-L002__gW0680_gE1200_s0150,79,17,750.5120617486537,792.5412705689669,16,0.0,-1428.71633375,98.3005
CP-SCALE-AU-L002__gW0680_gE1200_s0150,79,17,750.5120617486537,792.5412705689669,24,0.0,-1128.56592475,98.2967
CP-SCALE-AU-L002__gW0680_gE1200_s0150,79,17,750.5120617486537,792.5412705689669,30,0.0,-903.27340075,98.3193
CP-SCALE-AU-L002__gW0680_gE1200_s0150,79,18,792.5466139428318,832.575334019959,-10,0.0,-205.3810585,98.3224
CP-SCALE-AU-L002__gW0680_gE1200_s0150,79,18,792.5466139428318,832.575334019959,-5,0.0,-76.94546225,98.3282
CP-SCALE-AU-L002__gW0680_gE1200_s0150,79,18,792.5466139428318,832.575334019959,0,0.0,0.0,98.3696
CP-SCALE-AU-L002__gW0680_gE1200_s0150,79,18,792.5466139428318,832.575334019959,1,0.0,0.0,98.3696
CP-SCALE-AU-L002__gW0680_gE1200_s0150,79,18,792.5466139428318,832.575334019959,5,0.0,-1907.24030225,98.2406
CP-SCALE-AU-L002__gW0680_gE1200_s0150,79,18,792.5466139428318,832.575334019959,8,0.0,-1543.21688375,98.2971
CP-SCALE-AU-L002__gW0680_gE1200_s0150,79,18,792.5466139428318,832.575334019959,12,0.0,-1267.75064725,98.2566
CP-SCALE-AU-L002__gW0680_gE1200_s0150,79,18,792.5466139428318,832.575334019959,16,0.0,-1125.06781925,98.236
CP-SCALE-AU-L002__gW0680_gE1200_s0150,79,18,792.5466139428318,832.575334019959,24,0.0,-781.9546845,98.1346
CP-SCALE-AU-L002__gW0680_gE1200_s0150,79,18,792.5466139428318,832.575334019959,30,0.0,-570.5094755,98.1537
CP-SCALE-AU-L002__gW0680_gE1200_s0150,79,19,832.6123619899154,900.0051810629666,-10,0.0,-115.468323,98.1537
CP-SCALE-AU-L002__gW0680_gE1200_s0150,79,19,832.6123619899154,900.0051810629666,-5,0.0,-84.21037625,98.1552
CP-SCALE-AU-L002__gW0680_gE1200_s0150,79,19,832.6123619899154,900.0051810629666,0,0.0,0.0,98.1571
CP-SCALE-AU-L002__gW0680_gE1200_s0150,79,19,832.6123619899154,900.0051810629666,1,0.0,0.0,98.1571
CP-SCALE-AU-L002__gW0680_gE1200_s0150,79,19,832.6123619899154,900.0051810629666,5,0.0,-573.3255445,98.0729
CP-SCALE-AU-L002__gW0680_gE1200_s0150,79,19,832.6123619899154,900.0051810629666,8,0.0,-49.7063695,98.1539
CP-SCALE-AU-L002__gW0680_gE1200_s0150,79,19,832.6123619899154,900.0051810629666,12,0.0,142.0106555,98.0489
CP-SCALE-AU-L002__gW0680_gE1200_s0150,79,19,832.6123619899154,900.0051810629666,16,0.0,380.72881075,98.04
CP-SCALE-AU-L002__gW0680_gE1200_s0150,79,19,832.6123619899154,900.0051810629666,24,0.0,531.3953185,98.1343
CP-SCALE-AU-L002__gW0680_gE1200_s0150,79,19,832.6123619899154,900.0051810629666,30,0.0,616.06705125,98.0932
CP-SCALE-AU-L002__gW0680_gE1200_s0150,83,0,31.85692797601223,70.00602696463466,-10,-747.445419,-747.445419,0.0
CP-SCALE-AU-L002__gW0680_gE1200_s0150,83,0,31.85692797601223,70.00602696463466,-5,-210.021393,-210.021393,0.0
CP-SCALE-AU-L002__gW0680_gE1200_s0150,83,0,31.85692797601223,70.00602696463466,0,0.0,0.0,0.0
CP-SCALE-AU-L002__gW0680_gE1200_s0150,83,0,31.85692797601223,70.00602696463466,1,0.0,0.0,0.0
CP-SCALE-AU-L002__gW0680_gE1200_s0150,83,0,31.85692797601223,70.00602696463466,5,53.101569,-1947.29002925,90.8788
CP-SCALE-AU-L002__gW0680_gE1200_s0150,83,0,31.85692797601223,70.00602696463466,8,53.101569,-1425.3544565,90.7982
CP-SCALE-AU-L002__gW0680_gE1200_s0150,83,0,31.85692797601223,70.00602696463466,12,316.013038,-859.236786,91.7525
CP-SCALE-AU-L002__gW0680_gE1200_s0150,83,0,31.85692797601223,70.00602696463466,16,523.920614,-167.35854175,91.9159
CP-SCALE-AU-L002__gW0680_gE1200_s0150,83,0,31.85692797601223,70.00602696463466,24,717.343842,388.44641225,92.0905
CP-SCALE-AU-L002__gW0680_gE1200_s0150,83,0,31.85692797601223,70.00602696463466,30,1167.248483,635.338319,92.0499
CP-SCALE-AU-L002__gW0680_gE1200_s0150,83,3,150.7382375895977,192.77576776966453,-10,0.0,-117.51154675,93.0612
CP-SCALE-AU-L002__gW0680_gE1200_s0150,83,3,150.7382375895977,192.77576776966453,-5,0.0,-15.539287,93.0902
CP-SCALE-AU-L002__gW0680_gE1200_s0150,83,3,150.7382375895977,192.77576776966453,0,0.0,0.0,93.0867
CP-SCALE-AU-L002__gW0680_gE1200_s0150,83,3,150.7382375895977,192.77576776966453,1,0.0,0.0,93.0867
CP-SCALE-AU-L002__gW0680_gE1200_s0150,83,3,150.7382375895977,192.77576776966453,5,0.0,-2299.7375885,98.1712
CP-SCALE-AU-L002__gW0680_gE1200_s0150,83,3,150.7382375895977,192.77576776966453,8,0.0,-1536.52216425,98.3115
CP-SCALE-AU-L002__gW0680_gE1200_s0150,83,3,150.7382375895977,192.77576776966453,12,0.0,-1075.257106,98.4437
CP-SCALE-AU-L002__gW0680_gE1200_s0150,83,3,150.7382375895977,192.77576776966453,16,0.0,-813.20941875,98.4057
CP-SCALE-AU-L002__gW0680_gE1200_s0150,83,3,150.7382375895977,192.77576776966453,24,77.856674,-407.553751,98.4749
CP-SCALE-AU-L002__gW0680_gE1200_s0150,83,3,150.7382375895977,192.77576776966453,30,77.856674,-284.24558225,98.4581
CP-SCALE-AU-L002__gW0680_gE1200_s0150,83,6,274.0629643499851,310.17905350402,-10,-149.562107,-92.839015,98.758
CP-SCALE-AU-L002__gW0680_gE1200_s0150,83,6,274.0629643499851,310.17905350402,-5,-149.562107,-49.56692775,98.7594
CP-SCALE-AU-L002__gW0680_gE1200_s0150,83,6,274.0629643499851,310.17905350402,0,0.0,0.0,98.7809
CP-SCALE-AU-L002__gW0680_gE1200_s0150,83,6,274.0629643499851,310.17905350402,1,0.0,0.0,98.7809
CP-SCALE-AU-L002__gW0680_gE1200_s0150,83,6,274.0629643499851,310.17905350402,5,36.900648,-2370.27939225,98.1503
CP-SCALE-AU-L002__gW0680_gE1200_s0150,83,6,274.0629643499851,310.17905350402,8,78.043289,-2033.0839015,98.0454
CP-SCALE-AU-L002__gW0680_gE1200_s0150,83,6,274.0629643499851,310.17905350402,12,78.043289,-1772.71783925,98.0306
CP-SCALE-AU-L002__gW0680_gE1200_s0150,83,6,274.0629643499851,310.17905350402,16,265.281844,-1614.0406345,97.9864
CP-SCALE-AU-L002__gW0680_gE1200_s0150,83,6,274.0629643499851,310.17905350402,24,312.891798,-1420.1342745,98.0282
CP-SCALE-AU-L002__gW0680_gE1200_s0150,83,6,274.0629643499851,310.17905350402,30,312.891798,-1097.50690825,98.0063
CP-SCALE-AU-L002__gW0680_gE1200_s0150,83,8,352.3615264594555,390.49041460454464,-10,-165.649425,-103.789341,98.0264
CP-SCALE-AU-L002__gW0680_gE1200_s0150,83,8,352.3615264594555,390.49041460454464,-5,-78.057458,-33.070367,98.0469
CP-SCALE-AU-L002__gW0680_gE1200_s0150,83,8,352.3615264594555,390.49041460454464,0,0.0,0.0,98.0477
CP-SCALE-AU-L002__gW0680_gE1200_s0150,83,8,352.3615264594555,390.49041460454464,1,0.0,0.0,98.0477
CP-SCALE-AU-L002__gW0680_gE1200_s0150,83,8,352.3615264594555,390.49041460454464,5,86.224725,-1709.04215325,98.0992
CP-SCALE-AU-L002__gW0680_gE1200_s0150,83,8,352.3615264594555,390.49041460454464,8,86.224725,-1306.481007,98.1169
CP-SCALE-AU-L002__gW0680_gE1200_s0150,83,8,352.3615264594555,390.49041460454464,12,86.224725,-865.79666625,98.1173
CP-SCALE-AU-L002__gW0680_gE1200_s0150,83,8,352.3615264594555,390.49041460454464,16,92.836308,-459.41149775,98.1147
CP-SCALE-AU-L002__gW0680_gE1200_s0150,83,8,352.3615264594555,390.49041460454464,24,92.836308,-126.48895525,98.1996
CP-SCALE-AU-L002__gW0680_gE1200_s0150,83,8,352.3615264594555,390.49041460454464,30,113.272705,11.5952905,98.0958
CP-SCALE-AU-L002__gW0680_gE1200_s0150,83,10,429.6421848498285,472.6683326251805,-10,-56.391072,-18.1282675,98.2772
CP-SCALE-AU-L002__gW0680_gE1200_s0150,83,10,429.6421848498285,472.6683326251805,-5,-56.391072,-14.097768,98.2789
CP-SCALE-AU-L002__gW0680_gE1200_s0150,83,10,429.6421848498285,472.6683326251805,0,0.0,0.0,98.2591
CP-SCALE-AU-L002__gW0680_gE1200_s0150,83,10,429.6421848498285,472.6683326251805,1,0.0,0.0,98.2591
CP-SCALE-AU-L002__gW0680_gE1200_s0150,83,10,429.6421848498285,472.6683326251805,5,0.0,-2588.33312925,98.223
CP-SCALE-AU-L002__gW0680_gE1200_s0150,83,10,429.6421848498285,472.6683326251805,8,0.0,-2081.80806,98.2442
CP-SCALE-AU-L002__gW0680_gE1200_s0150,83,10,429.6421848498285,472.6683326251805,12,0.0,-1618.074766,98.2816
CP-SCALE-AU-L002__gW0680_gE1200_s0150,83,10,429.6421848498285,472.6683326251805,16,0.0,-1277.2054685,98.1595
CP-SCALE-AU-L002__gW0680_gE1200_s0150,83,10,429.6421848498285,472.6683326251805,24,0.0,-741.87261375,98.1627
CP-SCALE-AU-L002__gW0680_gE1200_s0150,83,10,429.6421848498285,472.6683326251805,30,0.0,-482.64134175,98.2083
CP-SCALE-AU-L002__gW0680_gE1200_s0150,83,11,472.6737741827965,512.6918698400259,-10,-100.422327,-253.51186925,98.2121
CP-SCALE-AU-L002__gW0680_gE1200_s0150,83,11,472.6737741827965,512.6918698400259,-5,-90.524471,-87.80854125,98.2125
CP-SCALE-AU-L002__gW0680_gE1200_s0150,83,11,472.6737741827965,512.6918698400259,0,0.0,0.0,98.1925
CP-SCALE-AU-L002__gW0680_gE1200_s0150,83,11,472.6737741827965,512.6918698400259,1,0.0,0.0,98.1925
CP-SCALE-AU-L002__gW0680_gE1200_s0150,83,11,472.6737741827965,512.6918698400259,5,59.643699,-1980.205345,98.0986
CP-SCALE-AU-L002__gW0680_gE1200_s0150,83,11,472.6737741827965,512.6918698400259,8,59.643699,-1589.29813525,98.1976
CP-SCALE-AU-L002__gW0680_gE1200_s0150,83,11,472.6737741827965,512.6918698400259,12,59.643699,-1287.16548125,98.1113
CP-SCALE-AU-L002__gW0680_gE1200_s0150,83,11,472.6737741827965,512.6918698400259,16,59.643699,-1029.22551975,98.1323
CP-SCALE-AU-L002__gW0680_gE1200_s0150,83,11,472.6737741827965,512.6918698400259,24,59.643699,-848.99404275,98.1338
CP-SCALE-AU-L002__gW0680_gE1200_s0150,83,11,472.6737741827965,512.6918698400259,30,63.438495,-661.02162,98.2216
CP-SCALE-AU-L002__gW0680_gE1200_s0150,83,14,592.1380226314068,631.3324599303305,-10,-84.491869,-72.605604,98.0848
CP-SCALE-AU-L002__gW0680_gE1200_s0150,83,14,592.1380226314068,631.3324599303305,-5,-84.491869,-24.531949,98.105
CP-SCALE-AU-L002__gW0680_gE1200_s0150,83,14,592.1380226314068,631.3324599303305,0,0.0,0.0,98.1061
CP-SCALE-AU-L002__gW0680_gE1200_s0150,83,14,592.1380226314068,631.3324599303305,1,0.0,0.0,98.1061
CP-SCALE-AU-L002__gW0680_gE1200_s0150,83,14,592.1380226314068,631.3324599303305,5,0.0,-2932.692141,98.2487
CP-SCALE-AU-L002__gW0680_gE1200_s0150,83,14,592.1380226314068,631.3324599303305,8,0.0,-2222.293187,98.2815
CP-SCALE-AU-L002__gW0680_gE1200_s0150,83,14,592.1380226314068,631.3324599303305,12,0.0,-1892.262049,98.3375
CP-SCALE-AU-L002__gW0680_gE1200_s0150,83,14,592.1380226314068,631.3324599303305,16,0.0,-1549.37735,98.315
CP-SCALE-AU-L002__gW0680_gE1200_s0150,83,14,592.1380226314068,631.3324599303305,24,0.0,-1337.6848885,98.3143
CP-SCALE-AU-L002__gW0680_gE1200_s0150,83,14,592.1380226314068,631.3324599303305,30,0.0,-1174.0143725,98.3738
CP-SCALE-AU-L002__gW0680_gE1200_s0150,83,17,712.6956978440285,751.8533724583685,-10,0.0,0.0,98.5368
CP-SCALE-AU-L002__gW0680_gE1200_s0150,83,17,712.6956978440285,751.8533724583685,-5,0.0,0.0,98.5368
CP-SCALE-AU-L002__gW0680_gE1200_s0150,83,17,712.6956978440285,751.8533724583685,0,0.0,0.0,98.5368
CP-SCALE-AU-L002__gW0680_gE1200_s0150,83,17,712.6956978440285,751.8533724583685,1,0.0,0.0,98.5368
CP-SCALE-AU-L002__gW0680_gE1200_s0150,83,17,712.6956978440285,751.8533724583685,5,0.0,-2154.34042375,97.9964
CP-SCALE-AU-L002__gW0680_gE1200_s0150,83,17,712.6956978440285,751.8533724583685,8,0.0,-1698.65755525,97.9302
CP-SCALE-AU-L002__gW0680_gE1200_s0150,83,17,712.6956978440285,751.8533724583685,12,0.0,-1475.581739,97.8522
CP-SCALE-AU-L002__gW0680_gE1200_s0150,83,17,712.6956978440285,751.8533724583685,16,0.0,-1129.03560825,97.8543
CP-SCALE-AU-L002__gW0680_gE1200_s0150,83,17,712.6956978440285,751.8533724583685,24,0.0,-910.3796615,97.8308
CP-SCALE-AU-L002__gW0680_gE1200_s0150,83,17,712.6956978440285,751.8533724583685,30,0.0,-741.794971,97.8295
CP-SCALE-AU-L002__gW0680_gE1200_s0150,83,18,751.8586149476469,792.881350941956,-10,0.0,-68.5760805,97.8295
CP-SCALE-AU-L002__gW0680_gE1200_s0150,83,18,751.8586149476469,792.881350941956,-5,0.0,-25.2513305,97.8295
CP-SCALE-AU-L002__gW0680_gE1200_s0150,83,18,751.8586149476469,792.881350941956,0,0.0,0.0,97.8295
CP-SCALE-AU-L002__gW0680_gE1200_s0150,83,18,751.8586149476469,792.881350941956,1,0.0,0.0,97.8295
CP-SCALE-AU-L002__gW0680_gE1200_s0150,83,18,751.8586149476469,792.881350941956,5,0.0,-1624.0485695,98.439
CP-SCALE-AU-L002__gW0680_gE1200_s0150,83,18,751.8586149476469,792.881350941956,8,0.0,-1052.842055,98.4877
CP-SCALE-AU-L002__gW0680_gE1200_s0150,83,18,751.8586149476469,792.881350941956,12,0.0,-633.1397575,98.547
CP-SCALE-AU-L002__gW0680_gE1200_s0150,83,18,751.8586149476469,792.881350941956,16,0.0,-355.221416,98.5316
CP-SCALE-AU-L002__gW0680_gE1200_s0150,83,18,751.8586149476469,792.881350941956,24,0.0,-7.46640475,98.5728
CP-SCALE-AU-L002__gW0680_gE1200_s0150,83,18,751.8586149476469,792.881350941956,30,0.0,94.99269875,98.5942
CP-SCALE-AU-L002__gW0680_gE1200_s0150,83,19,792.887794945389,832.9029294326901,-10,0.0,-42.00629675,98.5942
CP-SCALE-AU-L002__gW0680_gE1200_s0150,83,19,792.887794945389,832.9029294326901,-5,0.0,-42.00629675,98.5942
CP-SCALE-AU-L002__gW0680_gE1200_s0150,83,19,792.887794945389,832.9029294326901,0,0.0,0.0,98.5143
CP-SCALE-AU-L002__gW0680_gE1200_s0150,83,19,792.887794945389,832.9029294326901,1,0.0,0.0,98.5143
CP-SCALE-AU-L002__gW0680_gE1200_s0150,83,19,792.887794945389,832.9029294326901,5,0.0,-823.05896475,98.5257
CP-SCALE-AU-L002__gW0680_gE1200_s0150,83,19,792.887794945389,832.9029294326901,8,0.0,-528.4163395,98.4633
CP-SCALE-AU-L002__gW0680_gE1200_s0150,83,19,792.887794945389,832.9029294326901,12,0.0,-346.48841275,98.4609
CP-SCALE-AU-L002__gW0680_gE1200_s0150,83,19,792.887794945389,832.9029294326901,16,0.0,-84.56751375,98.2981
CP-SCALE-AU-L002__gW0680_gE1200_s0150,83,19,792.887794945389,832.9029294326901,24,0.0,196.62939275,98.3186
CP-SCALE-AU-L002__gW0680_gE1200_s0150,83,19,792.887794945389,832.9029294326901,30,0.0,312.610113,98.2397
CP-SCALE-AU-L002__gW1200_gE0340_s0150,67,0,33.21651015430689,72.33918661996722,-10,-1134.425292,-1134.425292,0.0
CP-SCALE-AU-L002__gW1200_gE0340_s0150,67,0,33.21651015430689,72.33918661996722,-5,-778.435992,-778.435992,0.0
CP-SCALE-AU-L002__gW1200_gE0340_s0150,67,0,33.21651015430689,72.33918661996722,0,0.0,0.0,0.0
CP-SCALE-AU-L002__gW1200_gE0340_s0150,67,0,33.21651015430689,72.33918661996722,1,0.0,0.0,0.0
CP-SCALE-AU-L002__gW1200_gE0340_s0150,67,0,33.21651015430689,72.33918661996722,5,118.948158,-2284.81545625,89.7293
CP-SCALE-AU-L002__gW1200_gE0340_s0150,67,0,33.21651015430689,72.33918661996722,8,253.143603,-1685.04631875,89.825
CP-SCALE-AU-L002__gW1200_gE0340_s0150,67,0,33.21651015430689,72.33918661996722,12,713.244065,-714.377714,89.7382
CP-SCALE-AU-L002__gW1200_gE0340_s0150,67,0,33.21651015430689,72.33918661996722,16,1149.80617,-331.6509305,89.8927
CP-SCALE-AU-L002__gW1200_gE0340_s0150,67,0,33.21651015430689,72.33918661996722,24,1610.46297,353.85918475,90.1064
CP-SCALE-AU-L002__gW1200_gE0340_s0150,67,0,33.21651015430689,72.33918661996722,30,1746.767933,627.77420775,90.3617
CP-SCALE-AU-L002__gW1200_gE0340_s0150,67,2,115.49286375939846,156.51413092389703,-10,-465.736118,-450.08977375,90.9491
CP-SCALE-AU-L002__gW1200_gE0340_s0150,67,2,115.49286375939846,156.51413092389703,-5,-175.732224,-242.30548175,90.8851
CP-SCALE-AU-L002__gW1200_gE0340_s0150,67,2,115.49286375939846,156.51413092389703,0,0.0,0.0,90.9886
CP-SCALE-AU-L002__gW1200_gE0340_s0150,67,2,115.49286375939846,156.51413092389703,1,0.0,0.0,90.9886
CP-SCALE-AU-L002__gW1200_gE0340_s0150,67,2,115.49286375939846,156.51413092389703,5,48.37308,-2872.828644,97.1478
CP-SCALE-AU-L002__gW1200_gE0340_s0150,67,2,115.49286375939846,156.51413092389703,8,48.37308,-2328.31134525,97.1538
CP-SCALE-AU-L002__gW1200_gE0340_s0150,67,2,115.49286375939846,156.51413092389703,12,48.37308,-1783.88846225,97.24
CP-SCALE-AU-L002__gW1200_gE0340_s0150,67,2,115.49286375939846,156.51413092389703,16,151.900052,-1477.0624765,97.3169
CP-SCALE-AU-L002__gW1200_gE0340_s0150,67,2,115.49286375939846,156.51413092389703,24,223.071797,-1149.6108525,97.3451
CP-SCALE-AU-L002__gW1200_gE0340_s0150,67,2,115.49286375939846,156.51413092389703,30,396.866652,-895.24303225,97.2733
CP-SCALE-AU-L002__gW1200_gE0340_s0150,67,5,236.73018660396338,272.858967538923,-10,-24.62436,-39.82879475,97.4609
CP-SCALE-AU-L002__gW1200_gE0340_s0150,67,5,236.73018660396338,272.858967538923,-5,-11.604607,-7.07089875,97.4622
CP-SCALE-AU-L002__gW1200_gE0340_s0150,67,5,236.73018660396338,272.858967538923,0,0.0,0.0,97.4661
CP-SCALE-AU-L002__gW1200_gE0340_s0150,67,5,236.73018660396338,272.858967538923,1,0.0,0.0,97.4661
CP-SCALE-AU-L002__gW1200_gE0340_s0150,67,5,236.73018660396338,272.858967538923,5,0.0,-2850.04506925,97.6818
CP-SCALE-AU-L002__gW1200_gE0340_s0150,67,5,236.73018660396338,272.858967538923,8,0.0,-1977.24892975,97.6146
CP-SCALE-AU-L002__gW1200_gE0340_s0150,67,5,236.73018660396338,272.858967538923,12,0.0,-1577.77418525,97.5568
CP-SCALE-AU-L002__gW1200_gE0340_s0150,67,5,236.73018660396338,272.858967538923,16,0.0,-1278.45024325,97.5576
CP-SCALE-AU-L002__gW1200_gE0340_s0150,67,5,236.73018660396338,272.858967538923,24,0.0,-1126.819188,97.4711
CP-SCALE-AU-L002__gW1200_gE0340_s0150,67,5,236.73018660396338,272.858967538923,30,149.032207,-821.76067125,97.4211
CP-SCALE-AU-L002__gW1200_gE0340_s0150,67,6,272.8640538416803,313.88523576408625,-10,-155.303477,-440.41770975,97.3509
CP-SCALE-AU-L002__gW1200_gE0340_s0150,67,6,272.8640538416803,313.88523576408625,-5,0.0,-204.41854175,97.4254
CP-SCALE-AU-L002__gW1200_gE0340_s0150,67,6,272.8640538416803,313.88523576408625,0,0.0,0.0,97.4936
CP-SCALE-AU-L002__gW1200_gE0340_s0150,67,6,272.8640538416803,313.88523576408625,1,0.0,0.0,97.4936
CP-SCALE-AU-L002__gW1200_gE0340_s0150,67,6,272.8640538416803,313.88523576408625,5,0.0,-2034.9204185,97.8213
CP-SCALE-AU-L002__gW1200_gE0340_s0150,67,6,272.8640538416803,313.88523576408625,8,0.0,-1236.0292995,97.7552
CP-SCALE-AU-L002__gW1200_gE0340_s0150,67,6,272.8640538416803,313.88523576408625,12,0.0,-564.67119575,97.8414
CP-SCALE-AU-L002__gW1200_gE0340_s0150,67,6,272.8640538416803,313.88523576408625,16,0.0,-12.14106975,97.8268
CP-SCALE-AU-L002__gW1200_gE0340_s0150,67,6,272.8640538416803,313.88523576408625,24,0.0,379.59851575,97.7751
CP-SCALE-AU-L002__gW1200_gE0340_s0150,67,6,272.8640538416803,313.88523576408625,30,0.0,649.053286,97.6834
CP-SCALE-AU-L002__gW1200_gE0340_s0150,67,13,551.5230948068202,592.5471817702055,-10,0.0,0.0,0.0
CP-SCALE-AU-L002__gW1200_gE0340_s0150,67,13,551.5230948068202,592.5471817702055,-5,0.0,0.0,0.0
CP-SCALE-AU-L002__gW1200_gE0340_s0150,67,13,551.5230948068202,592.5471817702055,0,0.0,0.0,0.0
CP-SCALE-AU-L002__gW1200_gE0340_s0150,67,13,551.5230948068202,592.5471817702055,1,0.0,0.0,0.0
CP-SCALE-AU-L002__gW1200_gE0340_s0150,67,13,551.5230948068202,592.5471817702055,5,0.0,-4122.4236845,89.8801
CP-SCALE-AU-L002__gW1200_gE0340_s0150,67,13,551.5230948068202,592.5471817702055,8,0.0,-3447.2959875,89.7394
CP-SCALE-AU-L002__gW1200_gE0340_s0150,67,13,551.5230948068202,592.5471817702055,12,0.0,-3235.446566,89.7394
CP-SCALE-AU-L002__gW1200_gE0340_s0150,67,13,551.5230948068202,592.5471817702055,16,0.0,-2869.44421,89.5708
CP-SCALE-AU-L002__gW1200_gE0340_s0150,67,13,551.5230948068202,592.5471817702055,24,0.0,-2461.8568295,89.8367
CP-SCALE-AU-L002__gW1200_gE0340_s0150,67,13,551.5230948068202,592.5471817702055,30,0.0,-2150.0857325,89.9449
CP-SCALE-AU-L002__gW1200_gE0340_s0150,67,15,630.599544160068,674.6354014053941,-10,0.0,0.0,0.0
CP-SCALE-AU-L002__gW1200_gE0340_s0150,67,15,630.599544160068,674.6354014053941,-5,0.0,0.0,0.0
CP-SCALE-AU-L002__gW1200_gE0340_s0150,67,15,630.599544160068,674.6354014053941,0,0.0,0.0,0.0
CP-SCALE-AU-L002__gW1200_gE0340_s0150,67,15,630.599544160068,674.6354014053941,1,0.0,0.0,0.0
CP-SCALE-AU-L002__gW1200_gE0340_s0150,67,15,630.599544160068,674.6354014053941,5,0.0,-3216.4177505,88.6897
CP-SCALE-AU-L002__gW1200_gE0340_s0150,67,15,630.599544160068,674.6354014053941,8,40.134886,-2485.1165805,88.7835
CP-SCALE-AU-L002__gW1200_gE0340_s0150,67,15,630.599544160068,674.6354014053941,12,40.134886,-2002.309108,88.6368
CP-SCALE-AU-L002__gW1200_gE0340_s0150,67,15,630.599544160068,674.6354014053941,16,40.134886,-1732.99242475,88.8452
CP-SCALE-AU-L002__gW1200_gE0340_s0150,67,15,630.599544160068,674.6354014053941,24,40.134886,-1523.7496205,88.49
CP-SCALE-AU-L002__gW1200_gE0340_s0150,67,15,630.599544160068,674.6354014053941,30,73.855241,-1362.629515,88.6731
CP-SCALE-AU-L002__gW1200_gE0340_s0150,67,18,752.7457422912121,790.8891482762992,-10,0.0,0.0,0.0
CP-SCALE-AU-L002__gW1200_gE0340_s0150,67,18,752.7457422912121,790.8891482762992,-5,0.0,0.0,0.0
CP-SCALE-AU-L002__gW1200_gE0340_s0150,67,18,752.7457422912121,790.8891482762992,0,0.0,0.0,0.0
CP-SCALE-AU-L002__gW1200_gE0340_s0150,67,18,752.7457422912121,790.8891482762992,1,0.0,0.0,0.0
CP-SCALE-AU-L002__gW1200_gE0340_s0150,67,18,752.7457422912121,790.8891482762992,5,0.0,-4122.47072675,89.4494
CP-SCALE-AU-L002__gW1200_gE0340_s0150,67,18,752.7457422912121,790.8891482762992,8,0.0,-3363.6549445,89.3803
CP-SCALE-AU-L002__gW1200_gE0340_s0150,67,18,752.7457422912121,790.8891482762992,12,0.0,0.0,0.0
CP-SCALE-AU-L002__gW1200_gE0340_s0150,67,18,752.7457422912121,790.8891482762992,16,0.0,0.0,0.0
CP-SCALE-AU-L002__gW1200_gE0340_s0150,67,18,752.7457422912121,790.8891482762992,24,0.0,0.0,0.0
CP-SCALE-AU-L002__gW1200_gE0340_s0150,67,18,752.7457422912121,790.8891482762992,30,0.0,0.0,0.0
CP-SCALE-AU-L002__gW1200_gE0340_s0150,67,19,790.8963156491518,831.9201413951814,-10,0.0,0.0,0.0
CP-SCALE-AU-L002__gW1200_gE0340_s0150,67,19,790.8963156491518,831.9201413951814,-5,0.0,0.0,0.0
CP-SCALE-AU-L002__gW1200_gE0340_s0150,67,19,790.8963156491518,831.9201413951814,0,0.0,0.0,0.0
CP-SCALE-AU-L002__gW1200_gE0340_s0150,67,19,790.8963156491518,831.9201413951814,1,0.0,0.0,0.0
CP-SCALE-AU-L002__gW1200_gE0340_s0150,67,19,790.8963156491518,831.9201413951814,5,0.0,-3734.4037655,88.8191
CP-SCALE-AU-L002__gW1200_gE0340_s0150,67,19,790.8963156491518,831.9201413951814,8,0.0,-2996.93724075,88.4615
CP-SCALE-AU-L002__gW1200_gE0340_s0150,67,19,790.8963156491518,831.9201413951814,12,0.0,0.0,0.0
CP-SCALE-AU-L002__gW1200_gE0340_s0150,67,19,790.8963156491518,831.9201413951814,16,0.0,0.0,0.0
CP-SCALE-AU-L002__gW1200_gE0340_s0150,67,19,790.8963156491518,831.9201413951814,24,0.0,0.0,0.0
CP-SCALE-AU-L002__gW1200_gE0340_s0150,67,19,790.8963156491518,831.9201413951814,30,0.0,0.0,0.0
CP-SCALE-AU-L002__gW1200_gE0340_s0150,71,0,31.12768279016018,69.2409115768969,-10,-1444.626643,-1444.626643,0.0
CP-SCALE-AU-L002__gW1200_gE0340_s0150,71,0,31.12768279016018,69.2409115768969,-5,-635.316886,-635.316886,0.0
CP-SCALE-AU-L002__gW1200_gE0340_s0150,71,0,31.12768279016018,69.2409115768969,0,0.0,0.0,0.0
CP-SCALE-AU-L002__gW1200_gE0340_s0150,71,0,31.12768279016018,69.2409115768969,1,0.0,0.0,0.0
CP-SCALE-AU-L002__gW1200_gE0340_s0150,71,0,31.12768279016018,69.2409115768969,5,377.514731,-1330.7192965,89.1816
CP-SCALE-AU-L002__gW1200_gE0340_s0150,71,0,31.12768279016018,69.2409115768969,8,559.95833,-229.31465825,89.5737
CP-SCALE-AU-L002__gW1200_gE0340_s0150,71,0,31.12768279016018,69.2409115768969,12,1043.22415,678.890992,89.5444
CP-SCALE-AU-L002__gW1200_gE0340_s0150,71,0,31.12768279016018,69.2409115768969,16,1223.067147,893.9930355,89.7552
CP-SCALE-AU-L002__gW1200_gE0340_s0150,71,0,31.12768279016018,69.2409115768969,24,2058.866843,1580.8849905,89.7614
CP-SCALE-AU-L002__gW1200_gE0340_s0150,71,0,31.12768279016018,69.2409115768969,30,2719.088337,1911.08234175,89.9775
CP-SCALE-AU-L002__gW1200_gE0340_s0150,71,1,69.25019530206919,111.27357672154903,-10,-732.914419,-670.345535,89.8354
CP-SCALE-AU-L002__gW1200_gE0340_s0150,71,1,69.25019530206919,111.27357672154903,-5,-153.877835,-371.2015715,90.0985
CP-SCALE-AU-L002__gW1200_gE0340_s0150,71,1,69.25019530206919,111.27357672154903,0,0.0,0.0,90.3376
CP-SCALE-AU-L002__gW1200_gE0340_s0150,71,1,69.25019530206919,111.27357672154903,1,0.0,0.0,90.3376
CP-SCALE-AU-L002__gW1200_gE0340_s0150,71,1,69.25019530206919,111.27357672154903,5,136.091265,-1921.8756065,97.6068
CP-SCALE-AU-L002__gW1200_gE0340_s0150,71,1,69.25019530206919,111.27357672154903,8,331.543795,-1089.947165,97.6108
CP-SCALE-AU-L002__gW1200_gE0340_s0150,71,1,69.25019530206919,111.27357672154903,12,568.128732,-675.3787605,97.6137
CP-SCALE-AU-L002__gW1200_gE0340_s0150,71,1,69.25019530206919,111.27357672154903,16,588.844344,-136.74739025,97.5994
CP-SCALE-AU-L002__gW1200_gE0340_s0150,71,1,69.25019530206919,111.27357672154903,24,1160.386594,346.36814225,97.6597
CP-SCALE-AU-L002__gW1200_gE0340_s0150,71,1,69.25019530206919,111.27357672154903,30,1323.864568,553.485738,97.7009
CP-SCALE-AU-L002__gW1200_gE0340_s0150,71,5,231.6786732673645,269.8115059249103,-10,-353.659571,-186.995932,97.4606
CP-SCALE-AU-L002__gW1200_gE0340_s0150,71,5,231.6786732673645,269.8115059249103,-5,-120.919112,-50.9165905,97.4843
CP-SCALE-AU-L002__gW1200_gE0340_s0150,71,5,231.6786732673645,269.8115059249103,0,0.0,0.0,97.4835
CP-SCALE-AU-L002__gW1200_gE0340_s0150,71,5,231.6786732673645,269.8115059249103,1,0.0,0.0,97.4835
CP-SCALE-AU-L002__gW1200_gE0340_s0150,71,5,231.6786732673645,269.8115059249103,5,0.0,-2882.88634175,97.8963
CP-SCALE-AU-L002__gW1200_gE0340_s0150,71,5,231.6786732673645,269.8115059249103,8,9.483131,-2070.76750375,97.9831
CP-SCALE-AU-L002__gW1200_gE0340_s0150,71,5,231.6786732673645,269.8115059249103,12,56.670968,-1726.935596,97.9838
CP-SCALE-AU-L002__gW1200_gE0340_s0150,71,5,231.6786732673645,269.8115059249103,16,60.874543,-1449.25837225,97.968
CP-SCALE-AU-L002__gW1200_gE0340_s0150,71,5,231.6786732673645,269.8115059249103,24,113.440946,-932.73809525,98.0392
CP-SCALE-AU-L002__gW1200_gE0340_s0150,71,5,231.6786732673645,269.8115059249103,30,252.340554,-719.068576,98.0087
CP-SCALE-AU-L002__gW1200_gE0340_s0150,71,9,393.47277917712927,430.6006207242608,-10,-144.96596,-36.794521,98.0882
CP-SCALE-AU-L002__gW1200_gE0340_s0150,71,9,393.47277917712927,430.6006207242608,-5,-143.298715,-35.82467875,98.0853
CP-SCALE-AU-L002__gW1200_gE0340_s0150,71,9,393.47277917712927,430.6006207242608,0,0.0,0.0,98.103
CP-SCALE-AU-L002__gW1200_gE0340_s0150,71,9,393.47277917712927,430.6006207242608,1,0.0,0.0,98.103
CP-SCALE-AU-L002__gW1200_gE0340_s0150,71,9,393.47277917712927,430.6006207242608,5,121.449039,-2692.6287045,99.2762
CP-SCALE-AU-L002__gW1200_gE0340_s0150,71,9,393.47277917712927,430.6006207242608,8,121.449039,-2055.08397075,99.2924
CP-SCALE-AU-L002__gW1200_gE0340_s0150,71,9,393.47277917712927,430.6006207242608,12,121.449039,-1717.32801025,99.3219
CP-SCALE-AU-L002__gW1200_gE0340_s0150,71,9,393.47277917712927,430.6006207242608,16,121.449039,-1315.95700575,99.3214
CP-SCALE-AU-L002__gW1200_gE0340_s0150,71,9,393.47277917712927,430.6006207242608,24,138.778566,-847.4612955,99.2923
CP-SCALE-AU-L002__gW1200_gE0340_s0150,71,9,393.47277917712927,430.6006207242608,30,138.778566,-670.7209145,99.2927
CP-SCALE-AU-L002__gW1200_gE0340_s0150,71,11,471.8239679262042,510.9665523506701,-10,-17.10612,-33.255548,99.3084
CP-SCALE-AU-L002__gW1200_gE0340_s0150,71,11,471.8239679262042,510.9665523506701,-5,-17.10612,-11.68076575,99.3082
CP-SCALE-AU-L002__gW1200_gE0340_s0150,71,11,471.8239679262042,510.9665523506701,0,0.0,0.0,99.3086
CP-SCALE-AU-L002__gW1200_gE0340_s0150,71,11,471.8239679262042,510.9665523506701,1,0.0,0.0,99.3086
CP-SCALE-AU-L002__gW1200_gE0340_s0150,71,11,471.8239679262042,510.9665523506701,5,0.0,-1803.34222475,99.3699
CP-SCALE-AU-L002__gW1200_gE0340_s0150,71,11,471.8239679262042,510.9665523506701,8,0.0,-1397.009408,99.3987
CP-SCALE-AU-L002__gW1200_gE0340_s0150,71,11,471.8239679262042,510.9665523506701,12,0.0,-1274.5846175,99.3848
CP-SCALE-AU-L002__gW1200_gE0340_s0150,71,11,471.8239679262042,510.9665523506701,16,0.0,-1148.7990535,99.3543
CP-SCALE-AU-L002__gW1200_gE0340_s0150,71,11,471.8239679262042,510.9665523506701,24,166.765612,-859.32848975,99.3687
CP-SCALE-AU-L002__gW1200_gE0340_s0150,71,11,471.8239679262042,510.9665523506701,30,166.765612,-734.9238845,99.3689
CP-SCALE-AU-L002__gW1200_gE0340_s0150,71,12,510.9720856435597,551.993030205369,-10,-152.260243,-248.65595025,99.3689
CP-SCALE-AU-L002__gW1200_gE0340_s0150,71,12,510.9720856435597,551.993030205369,-5,-73.0171,-85.104357,99.3543
CP-SCALE-AU-L002__gW1200_gE0340_s0150,71,12,510.9720856435597,551.993030205369,0,0.0,0.0,99.3251
CP-SCALE-AU-L002__gW1200_gE0340_s0150,71,12,510.9720856435597,551.993030205369,1,0.0,0.0,99.3251
CP-SCALE-AU-L002__gW1200_gE0340_s0150,71,12,510.9720856435597,551.993030205369,5,0.0,-1421.9796385,99.1117
CP-SCALE-AU-L002__gW1200_gE0340_s0150,71,12,510.9720856435597,551.993030205369,8,0.0,-733.7591695,99.0483
CP-SCALE-AU-L002__gW1200_gE0340_s0150,71,12,510.9720856435597,551.993030205369,12,0.0,-386.1401865,99.063
CP-SCALE-AU-L002__gW1200_gE0340_s0150,71,12,510.9720856435597,551.993030205369,16,0.0,-109.68812025,99.065
CP-SCALE-AU-L002__gW1200_gE0340_s0150,71,12,510.9720856435597,551.993030205369,24,0.0,126.69355375,98.9895
CP-SCALE-AU-L002__gW1200_gE0340_s0150,71,12,510.9720856435597,551.993030205369,30,120.148713,424.92958425,98.9577
CP-SCALE-AU-L002__gW1200_gE0340_s0150,71,13,551.9983074404299,590.1366326622665,-10,0.0,-357.903016,98.9577
CP-SCALE-AU-L002__gW1200_gE0340_s0150,71,13,551.9983074404299,590.1366326622665,-5,0.0,-266.03604725,98.9586
CP-SCALE-AU-L002__gW1200_gE0340_s0150,71,13,551.9983074404299,590.1366326622665,0,0.0,0.0,98.973
CP-SCALE-AU-L002__gW1200_gE0340_s0150,71,13,551.9983074404299,590.1366326622665,1,0.0,0.0,98.973
CP-SCALE-AU-L002__gW1200_gE0340_s0150,71,13,551.9983074404299,590.1366326622665,5,0.0,-3240.88221375,99.3774
CP-SCALE-AU-L002__gW1200_gE0340_s0150,71,13,551.9983074404299,590.1366326622665,8,0.0,-2620.18756275,99.4217
CP-SCALE-AU-L002__gW1200_gE0340_s0150,71,13,551.9983074404299,590.1366326622665,12,0.0,-1998.2354915,99.4198
CP-SCALE-AU-L002__gW1200_gE0340_s0150,71,13,551.9983074404299,590.1366326622665,16,0.0,-1443.06867,99.3755
CP-SCALE-AU-L002__gW1200_gE0340_s0150,71,13,551.9983074404299,590.1366326622665,24,0.0,-1001.47829425,99.4051
CP-SCALE-AU-L002__gW1200_gE0340_s0150,71,13,551.9983074404299,590.1366326622665,30,0.0,-766.5385225,99.4057
CP-SCALE-AU-L002__gW1200_gE0340_s0150,71,15,632.2975852638483,671.4415525197983,-10,0.0,-40.44743,99.4259
CP-SCALE-AU-L002__gW1200_gE0340_s0150,71,15,632.2975852638483,671.4415525197983,-5,0.0,-20.77531775,99.4261
CP-SCALE-AU-L002__gW1200_gE0340_s0150,71,15,632.2975852638483,671.4415525197983,0,0.0,0.0,99.4264
CP-SCALE-AU-L002__gW1200_gE0340_s0150,71,15,632.2975852638483,671.4415525197983,1,0.0,0.0,99.4264
CP-SCALE-AU-L002__gW1200_gE0340_s0150,71,15,632.2975852638483,671.4415525197983,5,0.0,-1931.56482075,99.2212
CP-SCALE-AU-L002__gW1200_gE0340_s0150,71,15,632.2975852638483,671.4415525197983,8,0.0,-1448.314699,99.2482
CP-SCALE-AU-L002__gW1200_gE0340_s0150,71,15,632.2975852638483,671.4415525197983,12,0.0,-1121.518443,99.2503
CP-SCALE-AU-L002__gW1200_gE0340_s0150,71,15,632.2975852638483,671.4415525197983,16,0.0,-859.940427,99.222
CP-SCALE-AU-L002__gW1200_gE0340_s0150,71,15,632.2975852638483,671.4415525197983,24,0.0,-394.66301375,99.2211
CP-SCALE-AU-L002__gW1200_gE0340_s0150,71,15,632.2975852638483,671.4415525197983,30,0.0,-336.50372175,99.2363
CP-SCALE-AU-L002__gW1200_gE0340_s0150,71,17,709.6028100661933,750.6252735219896,-10,0.0,-61.15253425,99.1336
CP-SCALE-AU-L002__gW1200_gE0340_s0150,71,17,709.6028100661933,750.6252735219896,-5,0.0,-54.6485675,99.1185
CP-SCALE-AU-L002__gW1200_gE0340_s0150,71,17,709.6028100661933,750.6252735219896,0,0.0,0.0,99.1333
CP-SCALE-AU-L002__gW1200_gE0340_s0150,71,17,709.6028100661933,750.6252735219896,1,0.0,0.0,99.1333
CP-SCALE-AU-L002__gW1200_gE0340_s0150,71,17,709.6028100661933,750.6252735219896,5,0.0,-3445.846147,98.8856
CP-SCALE-AU-L002__gW1200_gE0340_s0150,71,17,709.6028100661933,750.6252735219896,8,0.0,-2571.422573,98.8107
CP-SCALE-AU-L002__gW1200_gE0340_s0150,71,17,709.6028100661933,750.6252735219896,12,0.0,-1963.424748,98.8576
CP-SCALE-AU-L002__gW1200_gE0340_s0150,71,17,709.6028100661933,750.6252735219896,16,0.0,-1624.26117225,98.8708
CP-SCALE-AU-L002__gW1200_gE0340_s0150,71,17,709.6028100661933,750.6252735219896,24,0.0,-1256.9555725,98.8857
CP-SCALE-AU-L002__gW1200_gE0340_s0150,71,17,709.6028100661933,750.6252735219896,30,0.0,-1157.28906125,98.9002
CP-SCALE-AU-L002__gW1200_gE0340_s0150,71,18,750.6305987760425,791.6538876704872,-10,0.0,-127.1620255,98.9002
CP-SCALE-AU-L002__gW1200_gE0340_s0150,71,18,750.6305987760425,791.6538876704872,-5,0.0,-74.545968,98.9007
CP-SCALE-AU-L002__gW1200_gE0340_s0150,71,18,750.6305987760425,791.6538876704872,0,0.0,0.0,98.8704
CP-SCALE-AU-L002__gW1200_gE0340_s0150,71,18,750.6305987760425,791.6538876704872,1,0.0,0.0,98.8704
CP-SCALE-AU-L002__gW1200_gE0340_s0150,71,18,750.6305987760425,791.6538876704872,5,0.0,-2024.804941,98.9312
CP-SCALE-AU-L002__gW1200_gE0340_s0150,71,18,750.6305987760425,791.6538876704872,8,0.0,-1511.4960125,99.0078
CP-SCALE-AU-L002__gW1200_gE0340_s0150,71,18,750.6305987760425,791.6538876704872,12,0.0,-926.27568075,99.0078
CP-SCALE-AU-L002__gW1200_gE0340_s0150,71,18,750.6305987760425,791.6538876704872,16,0.0,-778.77765475,99.0843
CP-SCALE-AU-L002__gW1200_gE0340_s0150,71,18,750.6305987760425,791.6538876704872,24,0.0,-515.0553825,99.0858
CP-SCALE-AU-L002__gW1200_gE0340_s0150,71,18,750.6305987760425,791.6538876704872,30,0.0,-461.171381,99.1014
CP-SCALE-AU-L002__gW1200_gE0340_s0150,71,19,791.6592696234584,830.815371055156,-10,0.0,-157.574777,99.0863
CP-SCALE-AU-L002__gW1200_gE0340_s0150,71,19,791.6592696234584,830.815371055156,-5,0.0,-21.29885425,99.0886
CP-SCALE-AU-L002__gW1200_gE0340_s0150,71,19,791.6592696234584,830.815371055156,0,0.0,0.0,99.0738
CP-SCALE-AU-L002__gW1200_gE0340_s0150,71,19,791.6592696234584,830.815371055156,1,0.0,0.0,99.0738
CP-SCALE-AU-L002__gW1200_gE0340_s0150,71,19,791.6592696234584,830.815371055156,5,0.0,-1974.0532275,98.9945
CP-SCALE-AU-L002__gW1200_gE0340_s0150,71,19,791.6592696234584,830.815371055156,8,0.0,-1446.33252875,98.9025
CP-SCALE-AU-L002__gW1200_gE0340_s0150,71,19,791.6592696234584,830.815371055156,12,0.0,-1068.2840165,98.8556
CP-SCALE-AU-L002__gW1200_gE0340_s0150,71,19,791.6592696234584,830.815371055156,16,0.0,-886.68785125,98.9625
CP-SCALE-AU-L002__gW1200_gE0340_s0150,71,19,791.6592696234584,830.815371055156,24,0.0,-602.1107425,98.9319
CP-SCALE-AU-L002__gW1200_gE0340_s0150,71,19,791.6592696234584,830.815371055156,30,0.0,-461.224763,98.9635
CP-SCALE-AU-L002__gW1200_gE0340_s0150,73,0,32.75058865919709,73.77242140471935,-10,-1622.345852,-1622.345852,0.0
CP-SCALE-AU-L002__gW1200_gE0340_s0150,73,0,32.75058865919709,73.77242140471935,-5,-441.697725,-441.697725,0.0
CP-SCALE-AU-L002__gW1200_gE0340_s0150,73,0,32.75058865919709,73.77242140471935,0,0.0,0.0,0.0
CP-SCALE-AU-L002__gW1200_gE0340_s0150,73,0,32.75058865919709,73.77242140471935,1,0.0,0.0,0.0
CP-SCALE-AU-L002__gW1200_gE0340_s0150,73,0,32.75058865919709,73.77242140471935,5,105.712255,-1620.7856075,88.9993
CP-SCALE-AU-L002__gW1200_gE0340_s0150,73,0,32.75058865919709,73.77242140471935,8,156.746308,-966.69142275,89.4664
CP-SCALE-AU-L002__gW1200_gE0340_s0150,73,0,32.75058865919709,73.77242140471935,12,404.765098,-416.61334625,90.0614
CP-SCALE-AU-L002__gW1200_gE0340_s0150,73,0,32.75058865919709,73.77242140471935,16,436.464357,-238.68954925,90.1706
CP-SCALE-AU-L002__gW1200_gE0340_s0150,73,0,32.75058865919709,73.77242140471935,24,724.043091,-27.723989,90.3802
CP-SCALE-AU-L002__gW1200_gE0340_s0150,73,0,32.75058865919709,73.77242140471935,30,1049.480671,329.128297,90.1061
CP-SCALE-AU-L002__gW1200_gE0340_s0150,73,1,73.77741708233953,111.92424730956554,-10,-167.096425,-360.9059885,89.957
CP-SCALE-AU-L002__gW1200_gE0340_s0150,73,1,73.77741708233953,111.92424730956554,-5,-81.904181,-156.20952825,90.0608
CP-SCALE-AU-L002__gW1200_gE0340_s0150,73,1,73.77741708233953,111.92424730956554,0,0.0,0.0,89.8014
CP-SCALE-AU-L002__gW1200_gE0340_s0150,73,1,73.77741708233953,111.92424730956554,1,0.0,0.0,89.8014
CP-SCALE-AU-L002__gW1200_gE0340_s0150,73,1,73.77741708233953,111.92424730956554,5,0.0,-2337.744095,90.1801
CP-SCALE-AU-L002__gW1200_gE0340_s0150,73,1,73.77741708233953,111.92424730956554,8,0.0,-1904.87872,89.8939
CP-SCALE-AU-L002__gW1200_gE0340_s0150,73,1,73.77741708233953,111.92424730956554,12,35.358561,-1457.33389175,90.0247
CP-SCALE-AU-L002__gW1200_gE0340_s0150,73,1,73.77741708233953,111.92424730956554,16,35.358561,-1253.979488,90.4152
CP-SCALE-AU-L002__gW1200_gE0340_s0150,73,1,73.77741708233953,111.92424730956554,24,35.358561,-875.821189,90.6403
CP-SCALE-AU-L002__gW1200_gE0340_s0150,73,1,73.77741708233953,111.92424730956554,30,454.483006,-575.9675935,90.8649
CP-SCALE-AU-L002__gW1200_gE0340_s0150,73,2,111.92940364032984,153.95496973767877,-10,-24.148161,-427.42157625,90.9832
CP-SCALE-AU-L002__gW1200_gE0340_s0150,73,2,111.92940364032984,153.95496973767877,-5,0.0,-206.50659825,90.9309
CP-SCALE-AU-L002__gW1200_gE0340_s0150,73,2,111.92940364032984,153.95496973767877,0,0.0,0.0,90.9409
CP-SCALE-AU-L002__gW1200_gE0340_s0150,73,2,111.92940364032984,153.95496973767877,1,0.0,0.0,90.9409
CP-SCALE-AU-L002__gW1200_gE0340_s0150,73,2,111.92940364032984,153.95496973767877,5,25.643124,-2442.6516945,91.2882
CP-SCALE-AU-L002__gW1200_gE0340_s0150,73,2,111.92940364032984,153.95496973767877,8,25.643124,-1603.604073,91.3601
CP-SCALE-AU-L002__gW1200_gE0340_s0150,73,2,111.92940364032984,153.95496973767877,12,25.643124,-1003.82404025,91.7639
CP-SCALE-AU-L002__gW1200_gE0340_s0150,73,2,111.92940364032984,153.95496973767877,16,25.643124,-572.55019325,91.7873
CP-SCALE-AU-L002__gW1200_gE0340_s0150,73,2,111.92940364032984,153.95496973767877,24,25.643124,-120.0646825,91.6811
CP-SCALE-AU-L002__gW1200_gE0340_s0150,73,2,111.92940364032984,153.95496973767877,30,76.911329,135.108863,91.4861
CP-SCALE-AU-L002__gW1200_gE0340_s0150,73,10,433.1196654289961,471.27154606953263,-10,0.0,0.0,92.5444
CP-SCALE-AU-L002__gW1200_gE0340_s0150,73,10,433.1196654289961,471.27154606953263,-5,0.0,0.0,92.5444
CP-SCALE-AU-L002__gW1200_gE0340_s0150,73,10,433.1196654289961,471.27154606953263,0,0.0,0.0,92.5444
CP-SCALE-AU-L002__gW1200_gE0340_s0150,73,10,433.1196654289961,471.27154606953263,1,0.0,0.0,92.5444
CP-SCALE-AU-L002__gW1200_gE0340_s0150,73,10,433.1196654289961,471.27154606953263,5,0.0,-2948.01656025,91.9983
CP-SCALE-AU-L002__gW1200_gE0340_s0150,73,10,433.1196654289961,471.27154606953263,8,0.0,-2136.8413125,92.2948
CP-SCALE-AU-L002__gW1200_gE0340_s0150,73,10,433.1196654289961,471.27154606953263,12,0.0,-1730.798659,92.0986
CP-SCALE-AU-L002__gW1200_gE0340_s0150,73,10,433.1196654289961,471.27154606953263,16,0.0,-1345.20327175,92.0292
CP-SCALE-AU-L002__gW1200_gE0340_s0150,73,10,433.1196654289961,471.27154606953263,24,0.0,-854.22916075,91.8653
CP-SCALE-AU-L002__gW1200_gE0340_s0150,73,10,433.1196654289961,471.27154606953263,30,0.0,-436.64310475,91.9122
CP-SCALE-AU-L002__gW1200_gE0340_s0150,73,16,673.0596299059689,711.1935512907803,-10,0.0,0.0,0.0
CP-SCALE-AU-L002__gW1200_gE0340_s0150,73,16,673.0596299059689,711.1935512907803,-5,0.0,0.0,0.0
CP-SCALE-AU-L002__gW1200_gE0340_s0150,73,16,673.0596299059689,711.1935512907803,0,0.0,0.0,0.0
CP-SCALE-AU-L002__gW1200_gE0340_s0150,73,16,673.0596299059689,711.1935512907803,1,0.0,0.0,0.0
CP-SCALE-AU-L002__gW1200_gE0340_s0150,73,16,673.0596299059689,711.1935512907803,5,0.0,-4745.13724925,88.2916
CP-SCALE-AU-L002__gW1200_gE0340_s0150,73,16,673.0596299059689,711.1935512907803,8,0.0,-3808.914232,88.0907
CP-SCALE-AU-L002__gW1200_gE0340_s0150,73,16,673.0596299059689,711.1935512907803,12,0.0,0.0,0.0
CP-SCALE-AU-L002__gW1200_gE0340_s0150,73,16,673.0596299059689,711.1935512907803,16,0.0,0.0,0.0
CP-SCALE-AU-L002__gW1200_gE0340_s0150,73,16,673.0596299059689,711.1935512907803,24,0.0,0.0,0.0
CP-SCALE-AU-L002__gW1200_gE0340_s0150,73,16,673.0596299059689,711.1935512907803,30,0.0,0.0,0.0
CP-SCALE-AU-L002__gW1200_gE0340_s0150,73,18,755.2692123390734,792.4196909889579,-10,0.0,0.0,0.0
CP-SCALE-AU-L002__gW1200_gE0340_s0150,73,18,755.2692123390734,792.4196909889579,-5,0.0,0.0,0.0
CP-SCALE-AU-L002__gW1200_gE0340_s0150,73,18,755.2692123390734,792.4196909889579,0,0.0,0.0,0.0
CP-SCALE-AU-L002__gW1200_gE0340_s0150,73,18,755.2692123390734,792.4196909889579,1,0.0,0.0,0.0
CP-SCALE-AU-L002__gW1200_gE0340_s0150,73,18,755.2692123390734,792.4196909889579,5,0.0,-4350.50301925,89.6121
CP-SCALE-AU-L002__gW1200_gE0340_s0150,73,18,755.2692123390734,792.4196909889579,8,0.0,-3794.18208025,89.8757
CP-SCALE-AU-L002__gW1200_gE0340_s0150,73,18,755.2692123390734,792.4196909889579,12,0.0,-3264.26057825,89.8597
CP-SCALE-AU-L002__gW1200_gE0340_s0150,73,18,755.2692123390734,792.4196909889579,16,0.0,-2881.92016675,89.8897
CP-SCALE-AU-L002__gW1200_gE0340_s0150,73,18,755.2692123390734,792.4196909889579,24,0.0,-2347.4409785,89.6408
CP-SCALE-AU-L002__gW1200_gE0340_s0150,73,18,755.2692123390734,792.4196909889579,30,0.0,-2155.44233525,89.8207
CP-SCALE-AU-L002__gW1200_gE0340_s0150,73,20,831.4747410491109,900.0027992017567,-10,0.0,0.0,0.0
CP-SCALE-AU-L002__gW1200_gE0340_s0150,73,20,831.4747410491109,900.0027992017567,-5,0.0,0.0,0.0
CP-SCALE-AU-L002__gW1200_gE0340_s0150,73,20,831.4747410491109,900.0027992017567,0,0.0,0.0,0.0
CP-SCALE-AU-L002__gW1200_gE0340_s0150,73,20,831.4747410491109,900.0027992017567,1,0.0,0.0,0.0
CP-SCALE-AU-L002__gW1200_gE0340_s0150,73,20,831.4747410491109,900.0027992017567,5,0.0,-4805.9811335,88.9432
CP-SCALE-AU-L002__gW1200_gE0340_s0150,73,20,831.4747410491109,900.0027992017567,8,0.0,-4164.25359625,89.0643
CP-SCALE-AU-L002__gW1200_gE0340_s0150,73,20,831.4747410491109,900.0027992017567,12,0.0,-3738.1825625,89.1309
CP-SCALE-AU-L002__gW1200_gE0340_s0150,73,20,831.4747410491109,900.0027992017567,16,0.0,-3393.102907,89.1077
CP-SCALE-AU-L002__gW1200_gE0340_s0150,73,20,831.4747410491109,900.0027992017567,24,26.348285,-3030.1547095,89.2791
CP-SCALE-AU-L002__gW1200_gE0340_s0150,73,20,831.4747410491109,900.0027992017567,30,26.348285,-2686.858702,89.0303
CP-SCALE-AU-L002__gW1200_gE0340_s0150,79,0,32.25056954473257,70.36091927438974,-10,-214.004585,-214.004585,0.0
CP-SCALE-AU-L002__gW1200_gE0340_s0150,79,0,32.25056954473257,70.36091927438974,-5,-130.754578,-130.754578,0.0
CP-SCALE-AU-L002__gW1200_gE0340_s0150,79,0,32.25056954473257,70.36091927438974,0,0.0,0.0,0.0
CP-SCALE-AU-L002__gW1200_gE0340_s0150,79,0,32.25056954473257,70.36091927438974,1,0.0,0.0,0.0
CP-SCALE-AU-L002__gW1200_gE0340_s0150,79,0,32.25056954473257,70.36091927438974,5,837.759077,-1528.67914325,89.4917
CP-SCALE-AU-L002__gW1200_gE0340_s0150,79,0,32.25056954473257,70.36091927438974,8,1161.471692,-480.205571,89.8685
CP-SCALE-AU-L002__gW1200_gE0340_s0150,79,0,32.25056954473257,70.36091927438974,12,1349.930192,25.57068225,90.2039
CP-SCALE-AU-L002__gW1200_gE0340_s0150,79,0,32.25056954473257,70.36091927438974,16,1538.775271,463.53860575,90.37
CP-SCALE-AU-L002__gW1200_gE0340_s0150,79,0,32.25056954473257,70.36091927438974,24,1716.590983,1392.03792775,90.5681
CP-SCALE-AU-L002__gW1200_gE0340_s0150,79,0,32.25056954473257,70.36091927438974,30,2528.420594,1971.73986925,90.826
CP-SCALE-AU-L002__gW1200_gE0340_s0150,79,3,151.61466516554356,191.6309244558215,-10,-90.114256,-166.3911515,92.1778
CP-SCALE-AU-L002__gW1200_gE0340_s0150,79,3,151.61466516554356,191.6309244558215,-5,-80.222136,-76.6063065,92.1778
CP-SCALE-AU-L002__gW1200_gE0340_s0150,79,3,151.61466516554356,191.6309244558215,0,0.0,0.0,92.2539
CP-SCALE-AU-L002__gW1200_gE0340_s0150,79,3,151.61466516554356,191.6309244558215,1,0.0,0.0,92.2539
CP-SCALE-AU-L002__gW1200_gE0340_s0150,79,3,151.61466516554356,191.6309244558215,5,0.0,-3058.71983475,97.6732
CP-SCALE-AU-L002__gW1200_gE0340_s0150,79,3,151.61466516554356,191.6309244558215,8,77.385372,-2335.46579,97.6131
CP-SCALE-AU-L002__gW1200_gE0340_s0150,79,3,151.61466516554356,191.6309244558215,12,285.053135,-1813.2700375,97.6225
CP-SCALE-AU-L002__gW1200_gE0340_s0150,79,3,151.61466516554356,191.6309244558215,16,285.053135,-1371.59336225,97.7094
CP-SCALE-AU-L002__gW1200_gE0340_s0150,79,3,151.61466516554356,191.6309244558215,24,354.256917,-533.17796825,97.7933
CP-SCALE-AU-L002__gW1200_gE0340_s0150,79,3,151.61466516554356,191.6309244558215,30,444.74392,-248.2635335,97.7548
CP-SCALE-AU-L002__gW1200_gE0340_s0150,79,5,231.7727688588202,270.89640521258116,-10,-92.503318,-313.21854,97.7343
CP-SCALE-AU-L002__gW1200_gE0340_s0150,79,5,231.7727688588202,270.89640521258116,-5,-46.961209,-162.44800475,97.7336
CP-SCALE-AU-L002__gW1200_gE0340_s0150,79,5,231.7727688588202,270.89640521258116,0,0.0,0.0,97.7347
CP-SCALE-AU-L002__gW1200_gE0340_s0150,79,5,231.7727688588202,270.89640521258116,1,0.0,0.0,97.7347
CP-SCALE-AU-L002__gW1200_gE0340_s0150,79,5,231.7727688588202,270.89640521258116,5,0.0,-3930.53624725,98.9248
CP-SCALE-AU-L002__gW1200_gE0340_s0150,79,5,231.7727688588202,270.89640521258116,8,50.340049,-2855.92653375,98.9128
CP-SCALE-AU-L002__gW1200_gE0340_s0150,79,5,231.7727688588202,270.89640521258116,12,56.663522,1757.210756,0.0
CP-SCALE-AU-L002__gW1200_gE0340_s0150,79,5,231.7727688588202,270.89640521258116,16,56.663522,1757.210756,0.0
CP-SCALE-AU-L002__gW1200_gE0340_s0150,79,5,231.7727688588202,270.89640521258116,24,56.663522,1757.210756,0.0
CP-SCALE-AU-L002__gW1200_gE0340_s0150,79,5,231.7727688588202,270.89640521258116,30,56.663522,1757.210756,0.0
CP-SCALE-AU-L002__gW1200_gE0340_s0150,79,6,270.9024210758507,312.92960956692696,-10,0.0,0.0,0.0
CP-SCALE-AU-L002__gW1200_gE0340_s0150,79,6,270.9024210758507,312.92960956692696,-5,0.0,0.0,0.0
CP-SCALE-AU-L002__gW1200_gE0340_s0150,79,6,270.9024210758507,312.92960956692696,0,0.0,0.0,0.0
CP-SCALE-AU-L002__gW1200_gE0340_s0150,79,6,270.9024210758507,312.92960956692696,1,0.0,0.0,0.0
CP-SCALE-AU-L002__gW1200_gE0340_s0150,79,6,270.9024210758507,312.92960956692696,5,85.923982,-4045.76593025,83.7451
CP-SCALE-AU-L002__gW1200_gE0340_s0150,79,6,270.9024210758507,312.92960956692696,8,85.923982,-3513.02537275,83.7563
CP-SCALE-AU-L002__gW1200_gE0340_s0150,79,6,270.9024210758507,312.92960956692696,12,85.923982,85.923982,0.0
CP-SCALE-AU-L002__gW1200_gE0340_s0150,79,6,270.9024210758507,312.92960956692696,16,85.923982,85.923982,0.0
CP-SCALE-AU-L002__gW1200_gE0340_s0150,79,6,270.9024210758507,312.92960956692696,24,85.923982,85.923982,0.0
CP-SCALE-AU-L002__gW1200_gE0340_s0150,79,6,270.9024210758507,312.92960956692696,30,85.923982,85.923982,0.0
CP-SCALE-AU-L002__gW1200_gE0340_s0150,79,7,312.9359079748392,353.9568531252444,-10,0.0,0.0,0.0
CP-SCALE-AU-L002__gW1200_gE0340_s0150,79,7,312.9359079748392,353.9568531252444,-5,0.0,0.0,0.0
CP-SCALE-AU-L002__gW1200_gE0340_s0150,79,7,312.9359079748392,353.9568531252444,0,0.0,0.0,0.0
CP-SCALE-AU-L002__gW1200_gE0340_s0150,79,7,312.9359079748392,353.9568531252444,1,0.0,0.0,0.0
CP-SCALE-AU-L002__gW1200_gE0340_s0150,79,7,312.9359079748392,353.9568531252444,5,0.0,-3933.3232775,83.6442
CP-SCALE-AU-L002__gW1200_gE0340_s0150,79,7,312.9359079748392,353.9568531252444,8,367.555075,-3008.27916075,83.7824
CP-SCALE-AU-L002__gW1200_gE0340_s0150,79,7,312.9359079748392,353.9568531252444,12,478.578802,-2414.79701075,83.8787
CP-SCALE-AU-L002__gW1200_gE0340_s0150,79,7,312.9359079748392,353.9568531252444,16,568.52681,-1930.7920035,83.95
CP-SCALE-AU-L002__gW1200_gE0340_s0150,79,7,312.9359079748392,353.9568531252444,24,696.435399,-1229.0418015,84.7159
CP-SCALE-AU-L002__gW1200_gE0340_s0150,79,7,312.9359079748392,353.9568531252444,30,696.435399,-1011.75116125,84.8434
CP-SCALE-AU-L002__gW1200_gE0340_s0150,79,8,353.9620519205928,392.0980984196067,-10,0.0,-104.81926475,84.8506
CP-SCALE-AU-L002__gW1200_gE0340_s0150,79,8,353.9620519205928,392.0980984196067,-5,0.0,-7.36128725,84.7759
CP-SCALE-AU-L002__gW1200_gE0340_s0150,79,8,353.9620519205928,392.0980984196067,0,0.0,0.0,84.7759
CP-SCALE-AU-L002__gW1200_gE0340_s0150,79,8,353.9620519205928,392.0980984196067,1,0.0,0.0,84.7759
CP-SCALE-AU-L002__gW1200_gE0340_s0150,79,8,353.9620519205928,392.0980984196067,5,0.0,-3668.448382,93.3916
CP-SCALE-AU-L002__gW1200_gE0340_s0150,79,8,353.9620519205928,392.0980984196067,8,0.0,-3008.332208,93.5465
CP-SCALE-AU-L002__gW1200_gE0340_s0150,79,8,353.9620519205928,392.0980984196067,12,0.0,-2648.97058325,93.5861
CP-SCALE-AU-L002__gW1200_gE0340_s0150,79,8,353.9620519205928,392.0980984196067,16,0.0,-2321.66654375,93.6154
CP-SCALE-AU-L002__gW1200_gE0340_s0150,79,8,353.9620519205928,392.0980984196067,24,9.06908,-1851.42138775,93.4907
CP-SCALE-AU-L002__gW1200_gE0340_s0150,79,8,353.9620519205928,392.0980984196067,30,9.06908,-1585.022078,93.456
CP-SCALE-AU-L002__gW1200_gE0340_s0150,79,9,392.10347843170166,430.2384600453079,-10,0.0,-780.27637975,93.4572
CP-SCALE-AU-L002__gW1200_gE0340_s0150,79,9,392.10347843170166,430.2384600453079,-5,0.0,-385.086593,93.3445
CP-SCALE-AU-L002__gW1200_gE0340_s0150,79,9,392.10347843170166,430.2384600453079,0,0.0,0.0,93.3395
CP-SCALE-AU-L002__gW1200_gE0340_s0150,79,9,392.10347843170166,430.2384600453079,1,0.0,0.0,93.3395
CP-SCALE-AU-L002__gW1200_gE0340_s0150,79,9,392.10347843170166,430.2384600453079,5,0.0,-2450.70834125,93.1092
CP-SCALE-AU-L002__gW1200_gE0340_s0150,79,9,392.10347843170166,430.2384600453079,8,0.0,-1657.9883405,93.3408
CP-SCALE-AU-L002__gW1200_gE0340_s0150,79,9,392.10347843170166,430.2384600453079,12,0.0,-1114.540513,93.3059
CP-SCALE-AU-L002__gW1200_gE0340_s0150,79,9,392.10347843170166,430.2384600453079,16,0.0,-755.53218475,93.2762
CP-SCALE-AU-L002__gW1200_gE0340_s0150,79,9,392.10347843170166,430.2384600453079,24,58.518775,-565.32252775,93.2351
CP-SCALE-AU-L002__gW1200_gE0340_s0150,79,9,392.10347843170166,430.2384600453079,30,93.416612,-409.518344,93.2974
CP-SCALE-AU-L002__gW1200_gE0340_s0150,79,11,471.2953871488571,510.44049460440874,-10,0.0,0.0,0.0
CP-SCALE-AU-L002__gW1200_gE0340_s0150,79,11,471.2953871488571,510.44049460440874,-5,0.0,0.0,0.0
CP-SCALE-AU-L002__gW1200_gE0340_s0150,79,11,471.2953871488571,510.44049460440874,0,0.0,0.0,0.0
CP-SCALE-AU-L002__gW1200_gE0340_s0150,79,11,471.2953871488571,510.44049460440874,1,0.0,0.0,0.0
CP-SCALE-AU-L002__gW1200_gE0340_s0150,79,11,471.2953871488571,510.44049460440874,5,0.0,-3675.50044675,83.1627
CP-SCALE-AU-L002__gW1200_gE0340_s0150,79,11,471.2953871488571,510.44049460440874,8,0.0,-3062.02499425,83.2562
CP-SCALE-AU-L002__gW1200_gE0340_s0150,79,11,471.2953871488571,510.44049460440874,12,2.430899,-2556.5969275,83.0574
CP-SCALE-AU-L002__gW1200_gE0340_s0150,79,11,471.2953871488571,510.44049460440874,16,2.430899,-2456.34290575,83.0615
CP-SCALE-AU-L002__gW1200_gE0340_s0150,79,11,471.2953871488571,510.44049460440874,24,2.430899,-2130.15203325,83.4424
CP-SCALE-AU-L002__gW1200_gE0340_s0150,79,11,471.2953871488571,510.44049460440874,30,2.430899,-1917.845924,83.3131
CP-SCALE-AU-L002__gW1200_gE0340_s0150,79,14,590.5601905323565,631.5841660909355,-10,0.0,0.0,0.0
CP-SCALE-AU-L002__gW1200_gE0340_s0150,79,14,590.5601905323565,631.5841660909355,-5,0.0,0.0,0.0
CP-SCALE-AU-L002__gW1200_gE0340_s0150,79,14,590.5601905323565,631.5841660909355,0,0.0,0.0,0.0
CP-SCALE-AU-L002__gW1200_gE0340_s0150,79,14,590.5601905323565,631.5841660909355,1,0.0,0.0,0.0
CP-SCALE-AU-L002__gW1200_gE0340_s0150,79,14,590.5601905323565,631.5841660909355,5,0.0,-4338.47045025,86.1807
CP-SCALE-AU-L002__gW1200_gE0340_s0150,79,14,590.5601905323565,631.5841660909355,8,0.0,-3258.8980165,86.0222
CP-SCALE-AU-L002__gW1200_gE0340_s0150,79,14,590.5601905323565,631.5841660909355,12,0.0,-2835.42324375,85.9578
CP-SCALE-AU-L002__gW1200_gE0340_s0150,79,14,590.5601905323565,631.5841660909355,16,0.0,-2296.933834,86.2296
CP-SCALE-AU-L002__gW1200_gE0340_s0150,79,14,590.5601905323565,631.5841660909355,24,0.0,-1854.17877075,86.2231
CP-SCALE-AU-L002__gW1200_gE0340_s0150,79,14,590.5601905323565,631.5841660909355,30,0.0,-1709.76781375,86.4075
CP-SCALE-AU-L002__gW1200_gE0340_s0150,79,15,631.5934466905892,672.6228858307004,-10,0.0,-154.54465225,86.3197
CP-SCALE-AU-L002__gW1200_gE0340_s0150,79,15,631.5934466905892,672.6228858307004,-5,0.0,-58.9596985,86.2629
CP-SCALE-AU-L002__gW1200_gE0340_s0150,79,15,631.5934466905892,672.6228858307004,0,0.0,0.0,86.3967
CP-SCALE-AU-L002__gW1200_gE0340_s0150,79,15,631.5934466905892,672.6228858307004,1,0.0,0.0,86.3967
CP-SCALE-AU-L002__gW1200_gE0340_s0150,79,15,631.5934466905892,672.6228858307004,5,0.0,-2954.8852555,84.2409
CP-SCALE-AU-L002__gW1200_gE0340_s0150,79,15,631.5934466905892,672.6228858307004,8,0.0,-2423.4481995,84.138
CP-SCALE-AU-L002__gW1200_gE0340_s0150,79,15,631.5934466905892,672.6228858307004,12,0.0,-2047.3018745,84.0376
CP-SCALE-AU-L002__gW1200_gE0340_s0150,79,15,631.5934466905892,672.6228858307004,16,0.0,-1170.35922875,84.438
CP-SCALE-AU-L002__gW1200_gE0340_s0150,79,15,631.5934466905892,672.6228858307004,24,0.0,-950.01734875,84.4177
CP-SCALE-AU-L002__gW1200_gE0340_s0150,79,15,631.5934466905892,672.6228858307004,30,0.0,-634.87806325,84.5637
CP-SCALE-AU-L002__gW1200_gE0340_s0150,79,17,712.6786188744009,751.8321750499308,-10,0.0,0.0,0.0
CP-SCALE-AU-L002__gW1200_gE0340_s0150,79,17,712.6786188744009,751.8321750499308,-5,0.0,0.0,0.0
CP-SCALE-AU-L002__gW1200_gE0340_s0150,79,17,712.6786188744009,751.8321750499308,0,0.0,0.0,0.0
CP-SCALE-AU-L002__gW1200_gE0340_s0150,79,17,712.6786188744009,751.8321750499308,1,0.0,0.0,0.0
CP-SCALE-AU-L002__gW1200_gE0340_s0150,79,17,712.6786188744009,751.8321750499308,5,0.0,-3838.99083275,84.6487
CP-SCALE-AU-L002__gW1200_gE0340_s0150,79,17,712.6786188744009,751.8321750499308,8,0.0,-3226.92000925,84.9364
CP-SCALE-AU-L002__gW1200_gE0340_s0150,79,17,712.6786188744009,751.8321750499308,12,0.0,-2911.210987,85.2223
CP-SCALE-AU-L002__gW1200_gE0340_s0150,79,17,712.6786188744009,751.8321750499308,16,0.0,-2551.9039585,85.1506
CP-SCALE-AU-L002__gW1200_gE0340_s0150,79,17,712.6786188744009,751.8321750499308,24,0.0,-1840.3299,84.6965
CP-SCALE-AU-L002__gW1200_gE0340_s0150,79,17,712.6786188744009,751.8321750499308,30,0.0,-1706.13971425,85.0035
CP-SCALE-AU-L002__gW1200_gE0340_s0150,79,19,791.9517784453928,831.0970933139324,-10,0.0,0.0,0.0
CP-SCALE-AU-L002__gW1200_gE0340_s0150,79,19,791.9517784453928,831.0970933139324,-5,0.0,0.0,0.0
CP-SCALE-AU-L002__gW1200_gE0340_s0150,79,19,791.9517784453928,831.0970933139324,0,0.0,0.0,0.0
CP-SCALE-AU-L002__gW1200_gE0340_s0150,79,19,791.9517784453928,831.0970933139324,1,0.0,0.0,0.0
CP-SCALE-AU-L002__gW1200_gE0340_s0150,79,19,791.9517784453928,831.0970933139324,5,0.0,-3322.46078325,83.6522
CP-SCALE-AU-L002__gW1200_gE0340_s0150,79,19,791.9517784453928,831.0970933139324,8,0.0,-2760.6688165,83.5954
CP-SCALE-AU-L002__gW1200_gE0340_s0150,79,19,791.9517784453928,831.0970933139324,12,0.0,-2633.90420025,83.5875
CP-SCALE-AU-L002__gW1200_gE0340_s0150,79,19,791.9517784453928,831.0970933139324,16,0.0,-2324.93541,83.543
CP-SCALE-AU-L002__gW1200_gE0340_s0150,79,19,791.9517784453928,831.0970933139324,24,0.0,-2004.21978575,83.6275
CP-SCALE-AU-L002__gW1200_gE0340_s0150,79,19,791.9517784453928,831.0970933139324,30,0.0,-1903.03528575,83.4866
CP-SCALE-AU-L002__gW1200_gE0340_s0150,83,1,72.03375935927033,110.15498477965593,-10,-194.687508,-383.47967375,22.4677
CP-SCALE-AU-L002__gW1200_gE0340_s0150,83,1,72.03375935927033,110.15498477965593,-5,-35.637272,-270.77309475,24.6729
CP-SCALE-AU-L002__gW1200_gE0340_s0150,83,1,72.03375935927033,110.15498477965593,0,0.0,0.0,27.0086
CP-SCALE-AU-L002__gW1200_gE0340_s0150,83,1,72.03375935927033,110.15498477965593,1,0.0,0.0,27.0086
CP-SCALE-AU-L002__gW1200_gE0340_s0150,83,1,72.03375935927033,110.15498477965593,5,44.538572,-2015.014118,91.5401
CP-SCALE-AU-L002__gW1200_gE0340_s0150,83,1,72.03375935927033,110.15498477965593,8,119.939511,-1364.750046,91.3336
CP-SCALE-AU-L002__gW1200_gE0340_s0150,83,1,72.03375935927033,110.15498477965593,12,1043.545576,1223.80934825,0.0
CP-SCALE-AU-L002__gW1200_gE0340_s0150,83,1,72.03375935927033,110.15498477965593,16,1128.682915,1308.94668725,0.0
CP-SCALE-AU-L002__gW1200_gE0340_s0150,83,1,72.03375935927033,110.15498477965593,24,1146.522508,1326.78628025,0.0
CP-SCALE-AU-L002__gW1200_gE0340_s0150,83,1,72.03375935927033,110.15498477965593,30,1197.39413,1377.65790225,0.0
CP-SCALE-AU-L002__gW1200_gE0340_s0150,83,2,110.16337476670742,150.18403397873044,-10,0.0,0.0,0.0
CP-SCALE-AU-L002__gW1200_gE0340_s0150,83,2,110.16337476670742,150.18403397873044,-5,0.0,0.0,0.0
CP-SCALE-AU-L002__gW1200_gE0340_s0150,83,2,110.16337476670742,150.18403397873044,0,0.0,0.0,0.0
CP-SCALE-AU-L002__gW1200_gE0340_s0150,83,2,110.16337476670742,150.18403397873044,1,0.0,0.0,0.0
CP-SCALE-AU-L002__gW1200_gE0340_s0150,83,2,110.16337476670742,150.18403397873044,5,89.0253,-2488.28540825,89.9103
CP-SCALE-AU-L002__gW1200_gE0340_s0150,83,2,110.16337476670742,150.18403397873044,8,145.318204,-1806.177942,89.9701
CP-SCALE-AU-L002__gW1200_gE0340_s0150,83,2,110.16337476670742,150.18403397873044,12,282.193083,282.193083,0.0
CP-SCALE-AU-L002__gW1200_gE0340_s0150,83,2,110.16337476670742,150.18403397873044,16,282.193083,282.193083,0.0
CP-SCALE-AU-L002__gW1200_gE0340_s0150,83,2,110.16337476670742,150.18403397873044,24,533.211694,533.211694,0.0
CP-SCALE-AU-L002__gW1200_gE0340_s0150,83,2,110.16337476670742,150.18403397873044,30,536.603479,536.603479,0.0
CP-SCALE-AU-L002__gW1200_gE0340_s0150,83,3,150.19013203307986,191.2150679565966,-10,0.0,0.0,0.0
CP-SCALE-AU-L002__gW1200_gE0340_s0150,83,3,150.19013203307986,191.2150679565966,-5,0.0,0.0,0.0
CP-SCALE-AU-L002__gW1200_gE0340_s0150,83,3,150.19013203307986,191.2150679565966,0,0.0,0.0,0.0
CP-SCALE-AU-L002__gW1200_gE0340_s0150,83,3,150.19013203307986,191.2150679565966,1,0.0,0.0,0.0
CP-SCALE-AU-L002__gW1200_gE0340_s0150,83,3,150.19013203307986,191.2150679565966,5,11.393018,-2864.67791275,90.1265
CP-SCALE-AU-L002__gW1200_gE0340_s0150,83,3,150.19013203307986,191.2150679565966,8,163.363829,-2457.453812,90.2427
CP-SCALE-AU-L002__gW1200_gE0340_s0150,83,3,150.19013203307986,191.2150679565966,12,375.373833,375.373833,0.0
CP-SCALE-AU-L002__gW1200_gE0340_s0150,83,3,150.19013203307986,191.2150679565966,16,375.373833,375.373833,0.0
CP-SCALE-AU-L002__gW1200_gE0340_s0150,83,3,150.19013203307986,191.2150679565966,24,378.019104,378.019104,0.0
CP-SCALE-AU-L002__gW1200_gE0340_s0150,83,3,150.19013203307986,191.2150679565966,30,378.019104,378.019104,0.0
CP-SCALE-AU-L002__gW1200_gE0340_s0150,83,4,191.22387255728245,229.35591718554497,-10,0.0,0.0,0.0
CP-SCALE-AU-L002__gW1200_gE0340_s0150,83,4,191.22387255728245,229.35591718554497,-5,0.0,0.0,0.0
CP-SCALE-AU-L002__gW1200_gE0340_s0150,83,4,191.22387255728245,229.35591718554497,0,0.0,0.0,0.0
CP-SCALE-AU-L002__gW1200_gE0340_s0150,83,4,191.22387255728245,229.35591718554497,1,0.0,0.0,0.0
CP-SCALE-AU-L002__gW1200_gE0340_s0150,83,4,191.22387255728245,229.35591718554497,5,154.470028,-2882.5245545,89.8987
CP-SCALE-AU-L002__gW1200_gE0340_s0150,83,4,191.22387255728245,229.35591718554497,8,154.470028,-1992.124874,89.9724
CP-SCALE-AU-L002__gW1200_gE0340_s0150,83,4,191.22387255728245,229.35591718554497,12,154.470028,-1240.1071525,89.7406
CP-SCALE-AU-L002__gW1200_gE0340_s0150,83,4,191.22387255728245,229.35591718554497,16,154.470028,-648.98743625,90.0525
CP-SCALE-AU-L002__gW1200_gE0340_s0150,83,4,191.22387255728245,229.35591718554497,24,427.630521,-261.6178475,89.9429
CP-SCALE-AU-L002__gW1200_gE0340_s0150,83,4,191.22387255728245,229.35591718554497,30,488.031377,-58.1847815,90.0704
CP-SCALE-AU-L002__gW1200_gE0340_s0150,83,6,270.51965656504035,311.5444931052625,-10,-275.198616,-209.1533635,90.4986
CP-SCALE-AU-L002__gW1200_gE0340_s0150,83,6,270.51965656504035,311.5444931052625,-5,-57.1045,-113.74346675,90.6145
CP-SCALE-AU-L002__gW1200_gE0340_s0150,83,6,270.51965656504035,311.5444931052625,0,0.0,0.0,90.804
CP-SCALE-AU-L002__gW1200_gE0340_s0150,83,6,270.51965656504035,311.5444931052625,1,0.0,0.0,90.804
CP-SCALE-AU-L002__gW1200_gE0340_s0150,83,6,270.51965656504035,311.5444931052625,5,0.0,-3667.7408545,89.5866
CP-SCALE-AU-L002__gW1200_gE0340_s0150,83,6,270.51965656504035,311.5444931052625,8,21.063432,-2901.7863715,89.5199
CP-SCALE-AU-L002__gW1200_gE0340_s0150,83,6,270.51965656504035,311.5444931052625,12,154.665921,-2340.827374,89.8589
CP-SCALE-AU-L002__gW1200_gE0340_s0150,83,6,270.51965656504035,311.5444931052625,16,171.482118,-1794.497179,90.1602
CP-SCALE-AU-L002__gW1200_gE0340_s0150,83,6,270.51965656504035,311.5444931052625,24,171.482118,-985.944139,90.3625
CP-SCALE-AU-L002__gW1200_gE0340_s0150,83,6,270.51965656504035,311.5444931052625,30,360.649083,-605.88890925,90.3111
CP-SCALE-AU-L002__gW1200_gE0340_s0150,83,8,351.71229564026,390.886693097651,-10,-276.513844,-261.3426895,91.0861
CP-SCALE-AU-L002__gW1200_gE0340_s0150,83,8,351.71229564026,390.886693097651,-5,-273.254371,-234.40681175,91.0447
CP-SCALE-AU-L002__gW1200_gE0340_s0150,83,8,351.71229564026,390.886693097651,0,0.0,0.0,91.2537
CP-SCALE-AU-L002__gW1200_gE0340_s0150,83,8,351.71229564026,390.886693097651,1,0.0,0.0,91.2537
CP-SCALE-AU-L002__gW1200_gE0340_s0150,83,8,351.71229564026,390.886693097651,5,0.0,-3337.1973365,90.6931
CP-SCALE-AU-L002__gW1200_gE0340_s0150,83,8,351.71229564026,390.886693097651,8,0.0,-2680.078832,90.7705
CP-SCALE-AU-L002__gW1200_gE0340_s0150,83,8,351.71229564026,390.886693097651,12,0.0,-2059.451496,90.7765
CP-SCALE-AU-L002__gW1200_gE0340_s0150,83,8,351.71229564026,390.886693097651,16,0.0,-1666.483971,90.8795
CP-SCALE-AU-L002__gW1200_gE0340_s0150,83,8,351.71229564026,390.886693097651,24,130.686096,-1334.91910875,90.9345
CP-SCALE-AU-L002__gW1200_gE0340_s0150,83,8,351.71229564026,390.886693097651,30,146.620812,-1082.20311675,90.5174
CP-SCALE-AU-L002__gW1200_gE0340_s0150,83,11,470.2172122746706,511.2391228489578,-10,0.0,-106.810623,91.3763
CP-SCALE-AU-L002__gW1200_gE0340_s0150,83,11,470.2172122746706,511.2391228489578,-5,0.0,-48.63396925,91.2507
CP-SCALE-AU-L002__gW1200_gE0340_s0150,83,11,470.2172122746706,511.2391228489578,0,0.0,0.0,91.2914
CP-SCALE-AU-L002__gW1200_gE0340_s0150,83,11,470.2172122746706,511.2391228489578,1,0.0,0.0,91.2914
CP-SCALE-AU-L002__gW1200_gE0340_s0150,83,11,470.2172122746706,511.2391228489578,5,0.0,-2845.39429575,91.1454
CP-SCALE-AU-L002__gW1200_gE0340_s0150,83,11,470.2172122746706,511.2391228489578,8,0.0,-2258.473814,90.9619
CP-SCALE-AU-L002__gW1200_gE0340_s0150,83,11,470.2172122746706,511.2391228489578,12,31.084386,-1809.28566,91.2344
CP-SCALE-AU-L002__gW1200_gE0340_s0150,83,11,470.2172122746706,511.2391228489578,16,31.084386,-1651.142171,91.0825
CP-SCALE-AU-L002__gW1200_gE0340_s0150,83,11,470.2172122746706,511.2391228489578,24,109.7677,-920.03591575,90.4864
CP-SCALE-AU-L002__gW1200_gE0340_s0150,83,11,470.2172122746706,511.2391228489578,30,109.7677,-589.19087125,90.9874
CP-SCALE-AU-L002__gW1200_gE0340_s0150,83,13,552.3960494995117,593.416531201452,-10,0.0,-201.9652345,91.3062
CP-SCALE-AU-L002__gW1200_gE0340_s0150,83,13,552.3960494995117,593.416531201452,-5,0.0,-109.6611155,91.3572
CP-SCALE-AU-L002__gW1200_gE0340_s0150,83,13,552.3960494995117,593.416531201452,0,0.0,0.0,91.4267
CP-SCALE-AU-L002__gW1200_gE0340_s0150,83,13,552.3960494995117,593.416531201452,1,0.0,0.0,91.4267
CP-SCALE-AU-L002__gW1200_gE0340_s0150,83,13,552.3960494995117,593.416531201452,5,0.0,-2716.4711875,93.6822
CP-SCALE-AU-L002__gW1200_gE0340_s0150,83,13,552.3960494995117,593.416531201452,8,160.163184,-2071.4902905,93.8176
CP-SCALE-AU-L002__gW1200_gE0340_s0150,83,13,552.3960494995117,593.416531201452,12,192.954258,-1481.8722635,93.6352
CP-SCALE-AU-L002__gW1200_gE0340_s0150,83,13,552.3960494995117,593.416531201452,16,216.505813,-1265.66810325,93.664
CP-SCALE-AU-L002__gW1200_gE0340_s0150,83,13,552.3960494995117,593.416531201452,24,216.505813,-556.8901765,93.7629
CP-SCALE-AU-L002__gW1200_gE0340_s0150,83,13,552.3960494995117,593.416531201452,30,216.505813,-430.2923145,93.8071
CP-SCALE-AU-L002__gW1200_gE0340_s0150,83,15,630.5599413365126,671.5853368379176,-10,0.0,-75.15343175,93.5241
CP-SCALE-AU-L002__gW1200_gE0340_s0150,83,15,630.5599413365126,671.5853368379176,-5,0.0,-53.64847525,93.6338
CP-SCALE-AU-L002__gW1200_gE0340_s0150,83,15,630.5599413365126,671.5853368379176,0,0.0,0.0,93.6063
CP-SCALE-AU-L002__gW1200_gE0340_s0150,83,15,630.5599413365126,671.5853368379176,1,0.0,0.0,93.6063
CP-SCALE-AU-L002__gW1200_gE0340_s0150,83,15,630.5599413365126,671.5853368379176,5,0.0,-3352.29429,91.9762
CP-SCALE-AU-L002__gW1200_gE0340_s0150,83,15,630.5599413365126,671.5853368379176,8,1.550207,-2506.77755875,91.7304
CP-SCALE-AU-L002__gW1200_gE0340_s0150,83,15,630.5599413365126,671.5853368379176,12,18.319109,-1889.22083075,91.6737
CP-SCALE-AU-L002__gW1200_gE0340_s0150,83,15,630.5599413365126,671.5853368379176,16,18.319109,-1620.74122575,91.6985
CP-SCALE-AU-L002__gW1200_gE0340_s0150,83,15,630.5599413365126,671.5853368379176,24,18.319109,-919.9816815,91.4164
CP-SCALE-AU-L002__gW1200_gE0340_s0150,83,15,630.5599413365126,671.5853368379176,30,18.319109,-749.07171775,91.4875
CP-SCALE-AU-L002__gW1200_gE0340_s0150,83,18,752.8050289861858,792.8300317674875,-10,0.0,0.0,0.0
CP-SCALE-AU-L002__gW1200_gE0340_s0150,83,18,752.8050289861858,792.8300317674875,-5,0.0,0.0,0.0
CP-SCALE-AU-L002__gW1200_gE0340_s0150,83,18,752.8050289861858,792.8300317674875,0,0.0,0.0,0.0
CP-SCALE-AU-L002__gW1200_gE0340_s0150,83,18,752.8050289861858,792.8300317674875,1,0.0,0.0,0.0
CP-SCALE-AU-L002__gW1200_gE0340_s0150,83,18,752.8050289861858,792.8300317674875,5,0.0,-3136.74439925,89.1022
CP-SCALE-AU-L002__gW1200_gE0340_s0150,83,18,752.8050289861858,792.8300317674875,8,0.0,-2559.54638225,88.9094
CP-SCALE-AU-L002__gW1200_gE0340_s0150,83,18,752.8050289861858,792.8300317674875,12,0.0,0.0,0.0
CP-SCALE-AU-L002__gW1200_gE0340_s0150,83,18,752.8050289861858,792.8300317674875,16,0.0,0.0,0.0
CP-SCALE-AU-L002__gW1200_gE0340_s0150,83,18,752.8050289861858,792.8300317674875,24,0.0,0.0,0.0
CP-SCALE-AU-L002__gW1200_gE0340_s0150,83,18,752.8050289861858,792.8300317674875,30,0.0,0.0,0.0
CP-SCALE-AU-L002__gW1200_gE0680_s0150,67,0,31.455685775727034,70.56555199995637,-10,-1329.914013,-1329.914013,0.0
CP-SCALE-AU-L002__gW1200_gE0680_s0150,67,0,31.455685775727034,70.56555199995637,-5,-412.50418,-412.50418,0.0
CP-SCALE-AU-L002__gW1200_gE0680_s0150,67,0,31.455685775727034,70.56555199995637,0,0.0,0.0,0.0
CP-SCALE-AU-L002__gW1200_gE0680_s0150,67,0,31.455685775727034,70.56555199995637,1,0.0,0.0,0.0
CP-SCALE-AU-L002__gW1200_gE0680_s0150,67,0,31.455685775727034,70.56555199995637,5,261.956925,-1095.0280185,88.8481
CP-SCALE-AU-L002__gW1200_gE0680_s0150,67,0,31.455685775727034,70.56555199995637,8,261.956925,-543.79284125,88.6472
CP-SCALE-AU-L002__gW1200_gE0680_s0150,67,0,31.455685775727034,70.56555199995637,12,858.867969,195.00423825,88.8236
CP-SCALE-AU-L002__gW1200_gE0680_s0150,67,0,31.455685775727034,70.56555199995637,16,982.915833,467.179705,88.484
CP-SCALE-AU-L002__gW1200_gE0680_s0150,67,0,31.455685775727034,70.56555199995637,24,1211.460198,923.257222,88.7083
CP-SCALE-AU-L002__gW1200_gE0680_s0150,67,0,31.455685775727034,70.56555199995637,30,1414.619469,1209.1069805,89.6645
CP-SCALE-AU-L002__gW1200_gE0680_s0150,67,5,231.09503397718072,273.11554595828056,-10,-30.486637,-117.766226,92.0367
CP-SCALE-AU-L002__gW1200_gE0680_s0150,67,5,231.09503397718072,273.11554595828056,-5,-0.278603,-3.22493775,91.8815
CP-SCALE-AU-L002__gW1200_gE0680_s0150,67,5,231.09503397718072,273.11554595828056,0,0.0,0.0,91.9091
CP-SCALE-AU-L002__gW1200_gE0680_s0150,67,5,231.09503397718072,273.11554595828056,1,0.0,0.0,91.9091
CP-SCALE-AU-L002__gW1200_gE0680_s0150,67,5,231.09503397718072,273.11554595828056,5,6.510066,-2417.3015805,93.0999
CP-SCALE-AU-L002__gW1200_gE0680_s0150,67,5,231.09503397718072,273.11554595828056,8,6.510066,-2012.19292675,92.9652
CP-SCALE-AU-L002__gW1200_gE0680_s0150,67,5,231.09503397718072,273.11554595828056,12,6.510066,-1491.99013075,92.8805
CP-SCALE-AU-L002__gW1200_gE0680_s0150,67,5,231.09503397718072,273.11554595828056,16,6.510066,-1420.476931,92.9527
CP-SCALE-AU-L002__gW1200_gE0680_s0150,67,5,231.09503397718072,273.11554595828056,24,71.524456,-1182.8878665,93.345
CP-SCALE-AU-L002__gW1200_gE0680_s0150,67,5,231.09503397718072,273.11554595828056,30,168.986917,-1029.022805,93.3983
CP-SCALE-AU-L002__gW1200_gE0680_s0150,67,7,310.23646707832813,350.25357154384255,-10,0.0,-118.7913275,93.4161
CP-SCALE-AU-L002__gW1200_gE0680_s0150,67,7,310.23646707832813,350.25357154384255,-5,0.0,-1.1750635,93.3598
CP-SCALE-AU-L002__gW1200_gE0680_s0150,67,7,310.23646707832813,350.25357154384255,0,0.0,0.0,93.3333
CP-SCALE-AU-L002__gW1200_gE0680_s0150,67,7,310.23646707832813,350.25357154384255,1,0.0,0.0,93.3333
CP-SCALE-AU-L002__gW1200_gE0680_s0150,67,7,310.23646707832813,350.25357154384255,5,0.0,-1776.4244975,93.8167
CP-SCALE-AU-L002__gW1200_gE0680_s0150,67,7,310.23646707832813,350.25357154384255,8,0.0,-1293.2598265,93.8522
CP-SCALE-AU-L002__gW1200_gE0680_s0150,67,7,310.23646707832813,350.25357154384255,12,0.0,-1078.21862925,93.9371
CP-SCALE-AU-L002__gW1200_gE0680_s0150,67,7,310.23646707832813,350.25357154384255,16,0.0,-969.5416495,93.9416
CP-SCALE-AU-L002__gW1200_gE0680_s0150,67,7,310.23646707832813,350.25357154384255,24,0.0,-245.870416,93.6896
CP-SCALE-AU-L002__gW1200_gE0680_s0150,67,7,310.23646707832813,350.25357154384255,30,0.0,-43.2721495,93.597
CP-SCALE-AU-L002__gW1200_gE0680_s0150,67,8,350.25886936858296,392.2864562496543,-10,0.0,-301.28928825,93.597
CP-SCALE-AU-L002__gW1200_gE0680_s0150,67,8,350.25886936858296,392.2864562496543,-5,0.0,-125.823246,93.4458
CP-SCALE-AU-L002__gW1200_gE0680_s0150,67,8,350.25886936858296,392.2864562496543,0,0.0,0.0,93.4295
CP-SCALE-AU-L002__gW1200_gE0680_s0150,67,8,350.25886936858296,392.2864562496543,1,0.0,0.0,93.4295
CP-SCALE-AU-L002__gW1200_gE0680_s0150,67,8,350.25886936858296,392.2864562496543,5,0.0,-2142.222825,93.9476
CP-SCALE-AU-L002__gW1200_gE0680_s0150,67,8,350.25886936858296,392.2864562496543,8,0.0,-1770.177794,94.3881
CP-SCALE-AU-L002__gW1200_gE0680_s0150,67,8,350.25886936858296,392.2864562496543,12,0.0,-1131.76112625,94.1394
CP-SCALE-AU-L002__gW1200_gE0680_s0150,67,8,350.25886936858296,392.2864562496543,16,0.0,-725.07955475,93.9424
CP-SCALE-AU-L002__gW1200_gE0680_s0150,67,8,350.25886936858296,392.2864562496543,24,7.66463,-407.58198775,93.68
CP-SCALE-AU-L002__gW1200_gE0680_s0150,67,8,350.25886936858296,392.2864562496543,30,360.878785,-126.97604,93.6318
CP-SCALE-AU-L002__gW1200_gE0680_s0150,67,9,392.2919893376529,432.30899580568075,-10,0.0,-132.5887835,93.6847
CP-SCALE-AU-L002__gW1200_gE0680_s0150,67,9,392.2919893376529,432.30899580568075,-5,0.0,-115.8517975,93.9063
CP-SCALE-AU-L002__gW1200_gE0680_s0150,67,9,392.2919893376529,432.30899580568075,0,0.0,0.0,94.0014
CP-SCALE-AU-L002__gW1200_gE0680_s0150,67,9,392.2919893376529,432.30899580568075,1,0.0,0.0,94.0014
CP-SCALE-AU-L002__gW1200_gE0680_s0150,67,9,392.2919893376529,432.30899580568075,5,0.0,-2110.2118445,93.5403
CP-SCALE-AU-L002__gW1200_gE0680_s0150,67,9,392.2919893376529,432.30899580568075,8,0.0,-1497.752267,93.6649
CP-SCALE-AU-L002__gW1200_gE0680_s0150,67,9,392.2919893376529,432.30899580568075,12,1050.919767,2442.96924625,0.0
CP-SCALE-AU-L002__gW1200_gE0680_s0150,67,9,392.2919893376529,432.30899580568075,16,1050.919767,2442.96924625,0.0
CP-SCALE-AU-L002__gW1200_gE0680_s0150,67,9,392.2919893376529,432.30899580568075,24,1052.31485,2444.36432925,0.0
CP-SCALE-AU-L002__gW1200_gE0680_s0150,67,9,392.2919893376529,432.30899580568075,30,1052.31485,2444.36432925,0.0
CP-SCALE-AU-L002__gW1200_gE0680_s0150,67,10,432.31543765589595,476.3452347032726,-10,0.0,0.0,0.0
CP-SCALE-AU-L002__gW1200_gE0680_s0150,67,10,432.31543765589595,476.3452347032726,-5,0.0,0.0,0.0
CP-SCALE-AU-L002__gW1200_gE0680_s0150,67,10,432.31543765589595,476.3452347032726,0,0.0,0.0,0.0
CP-SCALE-AU-L002__gW1200_gE0680_s0150,67,10,432.31543765589595,476.3452347032726,1,0.0,0.0,0.0
CP-SCALE-AU-L002__gW1200_gE0680_s0150,67,10,432.31543765589595,476.3452347032726,5,0.0,-2752.05864575,91.63
CP-SCALE-AU-L002__gW1200_gE0680_s0150,67,10,432.31543765589595,476.3452347032726,8,0.0,-2385.09240725,91.6003
CP-SCALE-AU-L002__gW1200_gE0680_s0150,67,10,432.31543765589595,476.3452347032726,12,0.0,0.0,0.0
CP-SCALE-AU-L002__gW1200_gE0680_s0150,67,10,432.31543765589595,476.3452347032726,16,0.0,0.0,0.0
CP-SCALE-AU-L002__gW1200_gE0680_s0150,67,10,432.31543765589595,476.3452347032726,24,0.0,0.0,0.0
CP-SCALE-AU-L002__gW1200_gE0680_s0150,67,10,432.31543765589595,476.3452347032726,30,0.0,0.0,0.0
CP-SCALE-AU-L002__gW1200_gE0680_s0150,67,12,510.3796981796622,552.4930544942617,-10,0.0,0.0,0.0
CP-SCALE-AU-L002__gW1200_gE0680_s0150,67,12,510.3796981796622,552.4930544942617,-5,0.0,0.0,0.0
CP-SCALE-AU-L002__gW1200_gE0680_s0150,67,12,510.3796981796622,552.4930544942617,0,0.0,0.0,0.0
CP-SCALE-AU-L002__gW1200_gE0680_s0150,67,12,510.3796981796622,552.4930544942617,1,0.0,0.0,0.0
CP-SCALE-AU-L002__gW1200_gE0680_s0150,67,12,510.3796981796622,552.4930544942617,5,0.0,-3197.62365,90.9668
CP-SCALE-AU-L002__gW1200_gE0680_s0150,67,12,510.3796981796622,552.4930544942617,8,2.079146,-2757.00844675,90.9842
CP-SCALE-AU-L002__gW1200_gE0680_s0150,67,12,510.3796981796622,552.4930544942617,12,186.271248,186.271248,0.0
CP-SCALE-AU-L002__gW1200_gE0680_s0150,67,12,510.3796981796622,552.4930544942617,16,232.847378,232.847378,0.0
CP-SCALE-AU-L002__gW1200_gE0680_s0150,67,12,510.3796981796622,552.4930544942617,24,240.570682,240.570682,0.0
CP-SCALE-AU-L002__gW1200_gE0680_s0150,67,12,510.3796981796622,552.4930544942617,30,240.570682,240.570682,0.0
CP-SCALE-AU-L002__gW1200_gE0680_s0150,67,13,552.4994987025857,591.6256697513163,-10,0.0,0.0,0.0
CP-SCALE-AU-L002__gW1200_gE0680_s0150,67,13,552.4994987025857,591.6256697513163,-5,0.0,0.0,0.0
CP-SCALE-AU-L002__gW1200_gE0680_s0150,67,13,552.4994987025857,591.6256697513163,0,0.0,0.0,0.0
CP-SCALE-AU-L002__gW1200_gE0680_s0150,67,13,552.4994987025857,591.6256697513163,1,0.0,0.0,0.0
CP-SCALE-AU-L002__gW1200_gE0680_s0150,67,13,552.4994987025857,591.6256697513163,5,0.0,-3259.3205915,88.9045
CP-SCALE-AU-L002__gW1200_gE0680_s0150,67,13,552.4994987025857,591.6256697513163,8,0.0,-2707.5214165,89.2937
CP-SCALE-AU-L002__gW1200_gE0680_s0150,67,13,552.4994987025857,591.6256697513163,12,0.0,-2174.476737,88.9856
CP-SCALE-AU-L002__gW1200_gE0680_s0150,67,13,552.4994987025857,591.6256697513163,16,0.0,-2152.19493975,88.7668
CP-SCALE-AU-L002__gW1200_gE0680_s0150,67,13,552.4994987025857,591.6256697513163,24,0.0,-1950.93952175,88.6478
CP-SCALE-AU-L002__gW1200_gE0680_s0150,67,13,552.4994987025857,591.6256697513163,30,22.825028,-1834.07331825,88.9044
CP-SCALE-AU-L002__gW1200_gE0680_s0150,67,14,591.6310480721295,635.6601645424962,-10,-17.913492,-179.28678525,88.9044
CP-SCALE-AU-L002__gW1200_gE0680_s0150,67,14,591.6310480721295,635.6601645424962,-5,0.0,-14.68766475,88.7858
CP-SCALE-AU-L002__gW1200_gE0680_s0150,67,14,591.6310480721295,635.6601645424962,0,0.0,0.0,88.7858
CP-SCALE-AU-L002__gW1200_gE0680_s0150,67,14,591.6310480721295,635.6601645424962,1,0.0,0.0,88.7858
CP-SCALE-AU-L002__gW1200_gE0680_s0150,67,14,591.6310480721295,635.6601645424962,5,0.0,-1411.9236445,90.2058
CP-SCALE-AU-L002__gW1200_gE0680_s0150,67,14,591.6310480721295,635.6601645424962,8,0.0,-1119.034119,90.0612
CP-SCALE-AU-L002__gW1200_gE0680_s0150,67,14,591.6310480721295,635.6601645424962,12,0.0,1695.525053,0.0
CP-SCALE-AU-L002__gW1200_gE0680_s0150,67,14,591.6310480721295,635.6601645424962,16,0.0,1695.525053,0.0
CP-SCALE-AU-L002__gW1200_gE0680_s0150,67,14,591.6310480721295,635.6601645424962,24,0.0,1695.525053,0.0
CP-SCALE-AU-L002__gW1200_gE0680_s0150,67,14,591.6310480721295,635.6601645424962,30,0.0,1695.525053,0.0
CP-SCALE-AU-L002__gW1200_gE0680_s0150,67,15,635.6665380485356,671.7884035892785,-10,0.0,0.0,0.0
CP-SCALE-AU-L002__gW1200_gE0680_s0150,67,15,635.6665380485356,671.7884035892785,-5,0.0,0.0,0.0
CP-SCALE-AU-L002__gW1200_gE0680_s0150,67,15,635.6665380485356,671.7884035892785,0,0.0,0.0,0.0
CP-SCALE-AU-L002__gW1200_gE0680_s0150,67,15,635.6665380485356,671.7884035892785,1,0.0,0.0,0.0
CP-SCALE-AU-L002__gW1200_gE0680_s0150,67,15,635.6665380485356,671.7884035892785,5,0.0,-3396.46797225,91.0896
CP-SCALE-AU-L002__gW1200_gE0680_s0150,67,15,635.6665380485356,671.7884035892785,8,0.0,-2728.385439,90.5263
CP-SCALE-AU-L002__gW1200_gE0680_s0150,67,15,635.6665380485356,671.7884035892785,12,0.0,0.0,0.0
CP-SCALE-AU-L002__gW1200_gE0680_s0150,67,15,635.6665380485356,671.7884035892785,16,0.0,0.0,0.0
CP-SCALE-AU-L002__gW1200_gE0680_s0150,67,15,635.6665380485356,671.7884035892785,24,0.0,0.0,0.0
CP-SCALE-AU-L002__gW1200_gE0680_s0150,67,15,635.6665380485356,671.7884035892785,30,0.0,0.0,0.0
CP-SCALE-AU-L002__gW1200_gE0680_s0150,71,0,31.566322792321444,70.68550945818424,-10,-785.104109,-785.104109,0.0
CP-SCALE-AU-L002__gW1200_gE0680_s0150,71,0,31.566322792321444,70.68550945818424,-5,-194.631659,-194.631659,0.0
CP-SCALE-AU-L002__gW1200_gE0680_s0150,71,0,31.566322792321444,70.68550945818424,0,0.0,0.0,0.0
CP-SCALE-AU-L002__gW1200_gE0680_s0150,71,0,31.566322792321444,70.68550945818424,1,0.0,0.0,0.0
CP-SCALE-AU-L002__gW1200_gE0680_s0150,71,0,31.566322792321444,70.68550945818424,5,16.642858,-1920.41255375,90.982
CP-SCALE-AU-L002__gW1200_gE0680_s0150,71,0,31.566322792321444,70.68550945818424,8,107.666276,-1257.14890225,90.5341
CP-SCALE-AU-L002__gW1200_gE0680_s0150,71,0,31.566322792321444,70.68550945818424,12,262.578212,-1039.6706875,90.6008
CP-SCALE-AU-L002__gW1200_gE0680_s0150,71,0,31.566322792321444,70.68550945818424,16,307.586115,-823.62152225,90.582
CP-SCALE-AU-L002__gW1200_gE0680_s0150,71,0,31.566322792321444,70.68550945818424,24,472.346668,-377.15551925,91.5122
CP-SCALE-AU-L002__gW1200_gE0680_s0150,71,0,31.566322792321444,70.68550945818424,30,561.318131,-261.69074225,91.4239
CP-SCALE-AU-L002__gW1200_gE0680_s0150,71,1,70.70407291129231,111.72182510048151,-10,-367.811028,-226.73882775,91.4239
CP-SCALE-AU-L002__gW1200_gE0680_s0150,71,1,70.70407291129231,111.72182510048151,-5,-320.473367,-145.03242525,91.0819
CP-SCALE-AU-L002__gW1200_gE0680_s0150,71,1,70.70407291129231,111.72182510048151,0,0.0,0.0,91.2846
CP-SCALE-AU-L002__gW1200_gE0680_s0150,71,1,70.70407291129231,111.72182510048151,1,0.0,0.0,91.2846
CP-SCALE-AU-L002__gW1200_gE0680_s0150,71,1,70.70407291129231,111.72182510048151,5,0.0,-1468.627038,91.5132
CP-SCALE-AU-L002__gW1200_gE0680_s0150,71,1,70.70407291129231,111.72182510048151,8,34.809195,-1171.77990725,92.0074
CP-SCALE-AU-L002__gW1200_gE0680_s0150,71,1,70.70407291129231,111.72182510048151,12,34.809195,-686.76877575,91.8595
CP-SCALE-AU-L002__gW1200_gE0680_s0150,71,1,70.70407291129231,111.72182510048151,16,61.451169,-433.463235,91.8875
CP-SCALE-AU-L002__gW1200_gE0680_s0150,71,1,70.70407291129231,111.72182510048151,24,97.033763,-274.3539885,91.9213
CP-SCALE-AU-L002__gW1200_gE0680_s0150,71,1,70.70407291129231,111.72182510048151,30,156.767539,-184.95253875,91.8976
CP-SCALE-AU-L002__gW1200_gE0680_s0150,71,5,232.11110450327396,271.2558121159673,-10,-298.959172,-150.1615175,93.8965
CP-SCALE-AU-L002__gW1200_gE0680_s0150,71,5,232.11110450327396,271.2558121159673,-5,-179.344344,-58.7646175,93.934
CP-SCALE-AU-L002__gW1200_gE0680_s0150,71,5,232.11110450327396,271.2558121159673,0,0.0,0.0,93.9226
CP-SCALE-AU-L002__gW1200_gE0680_s0150,71,5,232.11110450327396,271.2558121159673,1,0.0,0.0,93.9226
CP-SCALE-AU-L002__gW1200_gE0680_s0150,71,5,232.11110450327396,271.2558121159673,5,8.372739,-2098.38209275,92.2427
CP-SCALE-AU-L002__gW1200_gE0680_s0150,71,5,232.11110450327396,271.2558121159673,8,8.372739,-1814.01284675,92.0431
CP-SCALE-AU-L002__gW1200_gE0680_s0150,71,5,232.11110450327396,271.2558121159673,12,8.372739,-1387.475436,92.0328
CP-SCALE-AU-L002__gW1200_gE0680_s0150,71,5,232.11110450327396,271.2558121159673,16,16.062043,-1150.017525,92.3155
CP-SCALE-AU-L002__gW1200_gE0680_s0150,71,5,232.11110450327396,271.2558121159673,24,16.062043,-827.17981575,92.2367
CP-SCALE-AU-L002__gW1200_gE0680_s0150,71,5,232.11110450327396,271.2558121159673,30,111.068386,-713.50914,92.221
CP-SCALE-AU-L002__gW1200_gE0680_s0150,71,6,271.2609927020967,312.28353882580996,-10,0.0,-66.0124195,92.221
CP-SCALE-AU-L002__gW1200_gE0680_s0150,71,6,271.2609927020967,312.28353882580996,-5,0.0,-9.5394945,92.3332
CP-SCALE-AU-L002__gW1200_gE0680_s0150,71,6,271.2609927020967,312.28353882580996,0,0.0,0.0,92.447
CP-SCALE-AU-L002__gW1200_gE0680_s0150,71,6,271.2609927020967,312.28353882580996,1,0.0,0.0,92.447
CP-SCALE-AU-L002__gW1200_gE0680_s0150,71,6,271.2609927020967,312.28353882580996,5,0.0,-1427.6956155,92.3943
CP-SCALE-AU-L002__gW1200_gE0680_s0150,71,6,271.2609927020967,312.28353882580996,8,0.0,-962.15224425,92.3707
CP-SCALE-AU-L002__gW1200_gE0680_s0150,71,6,271.2609927020967,312.28353882580996,12,0.0,-630.915881,92.8626
CP-SCALE-AU-L002__gW1200_gE0680_s0150,71,6,271.2609927020967,312.28353882580996,16,0.0,-338.05320175,92.9153
CP-SCALE-AU-L002__gW1200_gE0680_s0150,71,6,271.2609927020967,312.28353882580996,24,11.087566,-86.435199,92.8498
CP-SCALE-AU-L002__gW1200_gE0680_s0150,71,6,271.2609927020967,312.28353882580996,30,204.931877,206.09926675,93.072
CP-SCALE-AU-L002__gW1200_gE0680_s0150,71,8,352.42384143173695,393.44511195644736,-10,-31.655966,-93.20206525,93.3417
CP-SCALE-AU-L002__gW1200_gE0680_s0150,71,8,352.42384143173695,393.44511195644736,-5,0.0,-42.0962575,93.3685
CP-SCALE-AU-L002__gW1200_gE0680_s0150,71,8,352.42384143173695,393.44511195644736,0,0.0,0.0,93.1268
CP-SCALE-AU-L002__gW1200_gE0680_s0150,71,8,352.42384143173695,393.44511195644736,1,0.0,0.0,93.1268
CP-SCALE-AU-L002__gW1200_gE0680_s0150,71,8,352.42384143173695,393.44511195644736,5,0.0,-1916.9542805,92.9149
CP-SCALE-AU-L002__gW1200_gE0680_s0150,71,8,352.42384143173695,393.44511195644736,8,0.0,-1356.26362,92.9762
CP-SCALE-AU-L002__gW1200_gE0680_s0150,71,8,352.42384143173695,393.44511195644736,12,0.0,-1066.35726525,92.9328
CP-SCALE-AU-L002__gW1200_gE0680_s0150,71,8,352.42384143173695,393.44511195644736,16,0.0,-728.534496,92.9974
CP-SCALE-AU-L002__gW1200_gE0680_s0150,71,8,352.42384143173695,393.44511195644736,24,0.0,-521.48702925,93.1328
CP-SCALE-AU-L002__gW1200_gE0680_s0150,71,8,352.42384143173695,393.44511195644736,30,0.0,-471.990056,93.1596
CP-SCALE-AU-L002__gW1200_gE0680_s0150,71,10,432.58032551407814,471.71007285267115,-10,0.0,-33.04072775,93.373
CP-SCALE-AU-L002__gW1200_gE0680_s0150,71,10,432.58032551407814,471.71007285267115,-5,0.0,-26.64590475,93.32
CP-SCALE-AU-L002__gW1200_gE0680_s0150,71,10,432.58032551407814,471.71007285267115,0,0.0,0.0,93.454
CP-SCALE-AU-L002__gW1200_gE0680_s0150,71,10,432.58032551407814,471.71007285267115,1,0.0,0.0,93.454
CP-SCALE-AU-L002__gW1200_gE0680_s0150,71,10,432.58032551407814,471.71007285267115,5,0.0,-2352.633923,93.9635
CP-SCALE-AU-L002__gW1200_gE0680_s0150,71,10,432.58032551407814,471.71007285267115,8,0.0,-2075.52589075,94.2054
CP-SCALE-AU-L002__gW1200_gE0680_s0150,71,10,432.58032551407814,471.71007285267115,12,0.0,-1481.10965825,94.4485
CP-SCALE-AU-L002__gW1200_gE0680_s0150,71,10,432.58032551407814,471.71007285267115,16,0.0,-1293.87985475,94.3466
CP-SCALE-AU-L002__gW1200_gE0680_s0150,71,10,432.58032551407814,471.71007285267115,24,0.0,-894.81594575,94.3218
CP-SCALE-AU-L002__gW1200_gE0680_s0150,71,10,432.58032551407814,471.71007285267115,30,0.0,-659.7586645,94.3055
CP-SCALE-AU-L002__gW1200_gE0680_s0150,71,11,471.71517596393824,512.736061040312,-10,0.0,-301.73974675,94.3055
CP-SCALE-AU-L002__gW1200_gE0680_s0150,71,11,471.71517596393824,512.736061040312,-5,0.0,-252.18213825,94.4664
CP-SCALE-AU-L002__gW1200_gE0680_s0150,71,11,471.71517596393824,512.736061040312,0,0.0,0.0,94.5006
CP-SCALE-AU-L002__gW1200_gE0680_s0150,71,11,471.71517596393824,512.736061040312,1,0.0,0.0,94.5006
CP-SCALE-AU-L002__gW1200_gE0680_s0150,71,11,471.71517596393824,512.736061040312,5,0.0,-2050.274263,92.6466
CP-SCALE-AU-L002__gW1200_gE0680_s0150,71,11,471.71517596393824,512.736061040312,8,0.0,-1389.8204835,92.9662
CP-SCALE-AU-L002__gW1200_gE0680_s0150,71,11,471.71517596393824,512.736061040312,12,0.0,-865.2295885,93.4295
CP-SCALE-AU-L002__gW1200_gE0680_s0150,71,11,471.71517596393824,512.736061040312,16,0.0,-587.419127,93.3316
CP-SCALE-AU-L002__gW1200_gE0680_s0150,71,11,471.71517596393824,512.736061040312,24,50.008383,-56.226816,92.8517
CP-SCALE-AU-L002__gW1200_gE0680_s0150,71,11,471.71517596393824,512.736061040312,30,50.008383,75.10854075,92.8428
CP-SCALE-AU-L002__gW1200_gE0680_s0150,71,15,631.1592534258962,671.1801138520241,-10,0.0,0.0,0.0
CP-SCALE-AU-L002__gW1200_gE0680_s0150,71,15,631.1592534258962,671.1801138520241,-5,0.0,0.0,0.0
CP-SCALE-AU-L002__gW1200_gE0680_s0150,71,15,631.1592534258962,671.1801138520241,0,0.0,0.0,0.0
CP-SCALE-AU-L002__gW1200_gE0680_s0150,71,15,631.1592534258962,671.1801138520241,1,0.0,0.0,0.0
CP-SCALE-AU-L002__gW1200_gE0680_s0150,71,15,631.1592534258962,671.1801138520241,5,0.0,-3440.26541,91.7284
CP-SCALE-AU-L002__gW1200_gE0680_s0150,71,15,631.1592534258962,671.1801138520241,8,0.0,-3064.5879485,91.7559
CP-SCALE-AU-L002__gW1200_gE0680_s0150,71,15,631.1592534258962,671.1801138520241,12,0.0,0.0,0.0
CP-SCALE-AU-L002__gW1200_gE0680_s0150,71,15,631.1592534258962,671.1801138520241,16,0.0,0.0,0.0
CP-SCALE-AU-L002__gW1200_gE0680_s0150,71,15,631.1592534258962,671.1801138520241,24,0.0,0.0,0.0
CP-SCALE-AU-L002__gW1200_gE0680_s0150,71,15,631.1592534258962,671.1801138520241,30,0.0,0.0,0.0
CP-SCALE-AU-L002__gW1200_gE0680_s0150,71,17,713.2388546168804,755.2685984037817,-10,0.0,0.0,0.0
CP-SCALE-AU-L002__gW1200_gE0680_s0150,71,17,713.2388546168804,755.2685984037817,-5,0.0,0.0,0.0
CP-SCALE-AU-L002__gW1200_gE0680_s0150,71,17,713.2388546168804,755.2685984037817,0,0.0,0.0,0.0
CP-SCALE-AU-L002__gW1200_gE0680_s0150,71,17,713.2388546168804,755.2685984037817,1,0.0,0.0,0.0
CP-SCALE-AU-L002__gW1200_gE0680_s0150,71,17,713.2388546168804,755.2685984037817,5,0.0,-2984.628383,93.4
CP-SCALE-AU-L002__gW1200_gE0680_s0150,71,17,713.2388546168804,755.2685984037817,8,0.0,-2675.92503475,93.5475
CP-SCALE-AU-L002__gW1200_gE0680_s0150,71,17,713.2388546168804,755.2685984037817,12,0.0,-2284.094479,93.6657
CP-SCALE-AU-L002__gW1200_gE0680_s0150,71,17,713.2388546168804,755.2685984037817,16,0.0,-2099.47913475,93.5275
CP-SCALE-AU-L002__gW1200_gE0680_s0150,71,17,713.2388546168804,755.2685984037817,24,0.0,-1914.93293475,93.2432
CP-SCALE-AU-L002__gW1200_gE0680_s0150,71,17,713.2388546168804,755.2685984037817,30,0.0,-1808.146093,93.2757
CP-SCALE-AU-L002__gW1200_gE0680_s0150,71,20,832.356018576771,900.0028964057565,-10,0.0,0.0,0.0
CP-SCALE-AU-L002__gW1200_gE0680_s0150,71,20,832.356018576771,900.0028964057565,-5,0.0,0.0,0.0
CP-SCALE-AU-L002__gW1200_gE0680_s0150,71,20,832.356018576771,900.0028964057565,0,0.0,0.0,0.0
CP-SCALE-AU-L002__gW1200_gE0680_s0150,71,20,832.356018576771,900.0028964057565,1,0.0,0.0,0.0
CP-SCALE-AU-L002__gW1200_gE0680_s0150,71,20,832.356018576771,900.0028964057565,5,0.0,-3039.554966,90.2642
CP-SCALE-AU-L002__gW1200_gE0680_s0150,71,20,832.356018576771,900.0028964057565,8,0.0,-2693.3423555,90.2086
CP-SCALE-AU-L002__gW1200_gE0680_s0150,71,20,832.356018576771,900.0028964057565,12,0.0,-2513.6186685,90.1502
CP-SCALE-AU-L002__gW1200_gE0680_s0150,71,20,832.356018576771,900.0028964057565,16,0.0,-2402.02703075,90.1529
CP-SCALE-AU-L002__gW1200_gE0680_s0150,71,20,832.356018576771,900.0028964057565,24,0.0,-2177.42522425,90.7607
CP-SCALE-AU-L002__gW1200_gE0680_s0150,71,20,832.356018576771,900.0028964057565,30,0.0,-2031.332661,90.8538
CP-SCALE-AU-L002__gW1200_gE0680_s0150,73,0,31.717206701636314,73.74049104750156,-10,-1466.91842,-1466.91842,0.0
CP-SCALE-AU-L002__gW1200_gE0680_s0150,73,0,31.717206701636314,73.74049104750156,-5,-573.313304,-573.313304,0.0
CP-SCALE-AU-L002__gW1200_gE0680_s0150,73,0,31.717206701636314,73.74049104750156,0,0.0,0.0,0.0
CP-SCALE-AU-L002__gW1200_gE0680_s0150,73,0,31.717206701636314,73.74049104750156,1,0.0,0.0,0.0
CP-SCALE-AU-L002__gW1200_gE0680_s0150,73,0,31.717206701636314,73.74049104750156,5,355.217343,-1781.631329,90.3973
CP-SCALE-AU-L002__gW1200_gE0680_s0150,73,0,31.717206701636314,73.74049104750156,8,399.460264,-1129.988981,91.006
CP-SCALE-AU-L002__gW1200_gE0680_s0150,73,0,31.717206701636314,73.74049104750156,12,922.644233,-551.9388615,91.5656
CP-SCALE-AU-L002__gW1200_gE0680_s0150,73,0,31.717206701636314,73.74049104750156,16,1543.174514,-90.4186715,92.1226
CP-SCALE-AU-L002__gW1200_gE0680_s0150,73,0,31.717206701636314,73.74049104750156,24,2019.454033,507.90626875,92.7658
CP-SCALE-AU-L002__gW1200_gE0680_s0150,73,0,31.717206701636314,73.74049104750156,30,2084.93419,843.45720175,92.7115
CP-SCALE-AU-L002__gW1200_gE0680_s0150,73,1,73.74621895700693,112.86708917841315,-10,-345.252513,-514.27244025,92.6804
CP-SCALE-AU-L002__gW1200_gE0680_s0150,73,1,73.74621895700693,112.86708917841315,-5,-302.169,-363.1925565,92.7591
CP-SCALE-AU-L002__gW1200_gE0680_s0150,73,1,73.74621895700693,112.86708917841315,0,0.0,0.0,92.8896
CP-SCALE-AU-L002__gW1200_gE0680_s0150,73,1,73.74621895700693,112.86708917841315,1,0.0,0.0,92.8896
CP-SCALE-AU-L002__gW1200_gE0680_s0150,73,1,73.74621895700693,112.86708917841315,5,2.532662,-1508.03517425,94.3548
CP-SCALE-AU-L002__gW1200_gE0680_s0150,73,1,73.74621895700693,112.86708917841315,8,2.532662,-843.9314735,94.3353
CP-SCALE-AU-L002__gW1200_gE0680_s0150,73,1,73.74621895700693,112.86708917841315,12,287.944349,-499.92752525,94.4068
CP-SCALE-AU-L002__gW1200_gE0680_s0150,73,1,73.74621895700693,112.86708917841315,16,572.418948,-230.66553875,94.2047
CP-SCALE-AU-L002__gW1200_gE0680_s0150,73,1,73.74621895700693,112.86708917841315,24,806.366222,301.62250725,94.4085
CP-SCALE-AU-L002__gW1200_gE0680_s0150,73,1,73.74621895700693,112.86708917841315,30,806.366222,553.83552625,94.3297
CP-SCALE-AU-L002__gW1200_gE0680_s0150,73,2,112.87270136922598,150.99396784231067,-10,-9.769863,-458.888906,94.3297
CP-SCALE-AU-L002__gW1200_gE0680_s0150,73,2,112.87270136922598,150.99396784231067,-5,0.0,-293.95464675,94.2651
CP-SCALE-AU-L002__gW1200_gE0680_s0150,73,2,112.87270136922598,150.99396784231067,0,0.0,0.0,94.0694
CP-SCALE-AU-L002__gW1200_gE0680_s0150,73,2,112.87270136922598,150.99396784231067,1,0.0,0.0,94.0694
CP-SCALE-AU-L002__gW1200_gE0680_s0150,73,2,112.87270136922598,150.99396784231067,5,0.0,-1375.46387775,93.0973
CP-SCALE-AU-L002__gW1200_gE0680_s0150,73,2,112.87270136922598,150.99396784231067,8,0.0,-800.97244225,93.1914
CP-SCALE-AU-L002__gW1200_gE0680_s0150,73,2,112.87270136922598,150.99396784231067,12,5.662412,-521.23452175,93.4164
CP-SCALE-AU-L002__gW1200_gE0680_s0150,73,2,112.87270136922598,150.99396784231067,16,5.662412,-223.24792575,93.7577
CP-SCALE-AU-L002__gW1200_gE0680_s0150,73,2,112.87270136922598,150.99396784231067,24,12.790169,25.8388685,93.6037
CP-SCALE-AU-L002__gW1200_gE0680_s0150,73,2,112.87270136922598,150.99396784231067,30,12.790169,140.35375525,93.4426
CP-SCALE-AU-L002__gW1200_gE0680_s0150,73,3,151.00017146393657,190.11886337772012,-10,0.0,-67.60787425,93.4393
CP-SCALE-AU-L002__gW1200_gE0680_s0150,73,3,151.00017146393657,190.11886337772012,-5,0.0,-40.52868975,93.4674
CP-SCALE-AU-L002__gW1200_gE0680_s0150,73,3,151.00017146393657,190.11886337772012,0,0.0,0.0,93.383
CP-SCALE-AU-L002__gW1200_gE0680_s0150,73,3,151.00017146393657,190.11886337772012,1,0.0,0.0,93.383
CP-SCALE-AU-L002__gW1200_gE0680_s0150,73,3,151.00017146393657,190.11886337772012,5,0.0,-1834.162258,93.5315
CP-SCALE-AU-L002__gW1200_gE0680_s0150,73,3,151.00017146393657,190.11886337772012,8,0.0,-1523.92003725,93.5691
CP-SCALE-AU-L002__gW1200_gE0680_s0150,73,3,151.00017146393657,190.11886337772012,12,0.0,-1259.3326905,93.292
CP-SCALE-AU-L002__gW1200_gE0680_s0150,73,3,151.00017146393657,190.11886337772012,16,284.405973,-1074.56942225,93.3645
CP-SCALE-AU-L002__gW1200_gE0680_s0150,73,3,151.00017146393657,190.11886337772012,24,302.264532,-624.809434,93.1111
CP-SCALE-AU-L002__gW1200_gE0680_s0150,73,3,151.00017146393657,190.11886337772012,30,302.264532,-442.89596825,93.1068
CP-SCALE-AU-L002__gW1200_gE0680_s0150,73,4,190.1258663199842,232.15206759423018,-10,0.0,-164.861866,93.1068
CP-SCALE-AU-L002__gW1200_gE0680_s0150,73,4,190.1258663199842,232.15206759423018,-5,0.0,-103.911331,93.0966
CP-SCALE-AU-L002__gW1200_gE0680_s0150,73,4,190.1258663199842,232.15206759423018,0,0.0,0.0,93.1823
CP-SCALE-AU-L002__gW1200_gE0680_s0150,73,4,190.1258663199842,232.15206759423018,1,0.0,0.0,93.1823
CP-SCALE-AU-L002__gW1200_gE0680_s0150,73,4,190.1258663199842,232.15206759423018,5,0.0,-1386.1728745,93.6546
CP-SCALE-AU-L002__gW1200_gE0680_s0150,73,4,190.1258663199842,232.15206759423018,8,0.0,-786.100037,93.8159
CP-SCALE-AU-L002__gW1200_gE0680_s0150,73,4,190.1258663199842,232.15206759423018,12,111.389769,-556.012931,93.8144
CP-SCALE-AU-L002__gW1200_gE0680_s0150,73,4,190.1258663199842,232.15206759423018,16,111.389769,-414.28102225,94.0097
CP-SCALE-AU-L002__gW1200_gE0680_s0150,73,4,190.1258663199842,232.15206759423018,24,154.818351,0.8568705,94.1834
CP-SCALE-AU-L002__gW1200_gE0680_s0150,73,4,190.1258663199842,232.15206759423018,30,198.607201,196.5339185,94.3355
CP-SCALE-AU-L002__gW1200_gE0680_s0150,73,5,232.15757125988603,273.1843371540308,-10,0.0,-44.0106845,94.3368
CP-SCALE-AU-L002__gW1200_gE0680_s0150,73,5,232.15757125988603,273.1843371540308,-5,0.0,-27.90437675,94.3638
CP-SCALE-AU-L002__gW1200_gE0680_s0150,73,5,232.15757125988603,273.1843371540308,0,0.0,0.0,94.3678
CP-SCALE-AU-L002__gW1200_gE0680_s0150,73,5,232.15757125988603,273.1843371540308,1,0.0,0.0,94.3678
CP-SCALE-AU-L002__gW1200_gE0680_s0150,73,5,232.15757125988603,273.1843371540308,5,0.0,-1413.2762465,92.7921
CP-SCALE-AU-L002__gW1200_gE0680_s0150,73,5,232.15757125988603,273.1843371540308,8,0.0,-1064.851962,93.1338
CP-SCALE-AU-L002__gW1200_gE0680_s0150,73,5,232.15757125988603,273.1843371540308,12,0.0,-797.9495125,93.1523
CP-SCALE-AU-L002__gW1200_gE0680_s0150,73,5,232.15757125988603,273.1843371540308,16,0.0,-667.32351225,93.0249
CP-SCALE-AU-L002__gW1200_gE0680_s0150,73,5,232.15757125988603,273.1843371540308,24,58.67596,-407.55522825,93.234
CP-SCALE-AU-L002__gW1200_gE0680_s0150,73,5,232.15757125988603,273.1843371540308,30,64.71059,-28.855577,93.4386
CP-SCALE-AU-L002__gW1200_gE0680_s0150,73,6,273.19077537208796,311.32210917025805,-10,-163.251605,-138.4274165,93.4418
CP-SCALE-AU-L002__gW1200_gE0680_s0150,73,6,273.19077537208796,311.32210917025805,-5,-96.529808,-62.79030975,93.5046
CP-SCALE-AU-L002__gW1200_gE0680_s0150,73,6,273.19077537208796,311.32210917025805,0,0.0,0.0,93.5093
CP-SCALE-AU-L002__gW1200_gE0680_s0150,73,6,273.19077537208796,311.32210917025805,1,0.0,0.0,93.5093
CP-SCALE-AU-L002__gW1200_gE0680_s0150,73,6,273.19077537208796,311.32210917025805,5,0.0,-2499.09709825,97.5604
CP-SCALE-AU-L002__gW1200_gE0680_s0150,73,6,273.19077537208796,311.32210917025805,8,0.0,-1940.877452,97.7901
CP-SCALE-AU-L002__gW1200_gE0680_s0150,73,6,273.19077537208796,311.32210917025805,12,13.998099,-1620.31030025,97.8295
CP-SCALE-AU-L002__gW1200_gE0680_s0150,73,6,273.19077537208796,311.32210917025805,16,13.998099,-1339.3788405,97.7635
CP-SCALE-AU-L002__gW1200_gE0680_s0150,73,6,273.19077537208796,311.32210917025805,24,137.927228,-642.08778875,97.7341
CP-SCALE-AU-L002__gW1200_gE0680_s0150,73,6,273.19077537208796,311.32210917025805,30,137.927228,-497.704338,97.6907
CP-SCALE-AU-L002__gW1200_gE0680_s0150,73,8,351.4788817241788,431.5553534887731,-10,-87.74838,-25.12303725,97.6832
CP-SCALE-AU-L002__gW1200_gE0680_s0150,73,8,351.4788817241788,431.5553534887731,-5,0.0,-3.18594225,97.6841
CP-SCALE-AU-L002__gW1200_gE0680_s0150,73,8,351.4788817241788,431.5553534887731,0,0.0,0.0,97.6892
CP-SCALE-AU-L002__gW1200_gE0680_s0150,73,8,351.4788817241788,431.5553534887731,1,0.0,0.0,97.6892
CP-SCALE-AU-L002__gW1200_gE0680_s0150,73,8,351.4788817241788,431.5553534887731,5,195.897473,-2445.2162675,98.9089
CP-SCALE-AU-L002__gW1200_gE0680_s0150,73,8,351.4788817241788,431.5553534887731,8,240.730316,-2158.54009275,98.9103
CP-SCALE-AU-L002__gW1200_gE0680_s0150,73,8,351.4788817241788,431.5553534887731,12,434.203512,-1628.14609575,98.8669
CP-SCALE-AU-L002__gW1200_gE0680_s0150,73,8,351.4788817241788,431.5553534887731,16,447.820802,-1419.73238925,98.9596
CP-SCALE-AU-L002__gW1200_gE0680_s0150,73,8,351.4788817241788,431.5553534887731,24,447.820802,-1119.037714,98.9825
CP-SCALE-AU-L002__gW1200_gE0680_s0150,73,8,351.4788817241788,431.5553534887731,30,483.346294,-908.805092,98.9806
CP-SCALE-AU-L002__gW1200_gE0680_s0150,73,10,471.7155517525971,512.7390009500086,-10,0.0,-44.9787545,99.0571
CP-SCALE-AU-L002__gW1200_gE0680_s0150,73,10,471.7155517525971,512.7390009500086,-5,0.0,-32.5405455,99.0584
CP-SCALE-AU-L002__gW1200_gE0680_s0150,73,10,471.7155517525971,512.7390009500086,0,0.0,0.0,99.0582
CP-SCALE-AU-L002__gW1200_gE0680_s0150,73,10,471.7155517525971,512.7390009500086,1,0.0,0.0,99.0582
CP-SCALE-AU-L002__gW1200_gE0680_s0150,73,10,471.7155517525971,512.7390009500086,5,0.0,-1389.03640075,99.1675
CP-SCALE-AU-L002__gW1200_gE0680_s0150,73,10,471.7155517525971,512.7390009500086,8,0.0,-938.076996,99.1507
CP-SCALE-AU-L002__gW1200_gE0680_s0150,73,10,471.7155517525971,512.7390009500086,12,0.0,-553.1130255,99.0807
CP-SCALE-AU-L002__gW1200_gE0680_s0150,73,10,471.7155517525971,512.7390009500086,16,0.0,-445.06322675,99.0998
CP-SCALE-AU-L002__gW1200_gE0680_s0150,73,10,471.7155517525971,512.7390009500086,24,0.0,-296.5253465,99.1016
CP-SCALE-AU-L002__gW1200_gE0680_s0150,73,10,471.7155517525971,512.7390009500086,30,0.0,-143.808071,99.1017
CP-SCALE-AU-L002__gW1200_gE0680_s0150,73,11,512.7453813590109,554.7753052078187,-10,0.0,-117.474287,99.1017
CP-SCALE-AU-L002__gW1200_gE0680_s0150,73,11,512.7453813590109,554.7753052078187,-5,0.0,-74.8163225,99.1022
CP-SCALE-AU-L002__gW1200_gE0680_s0150,73,11,512.7453813590109,554.7753052078187,0,0.0,0.0,99.0848
CP-SCALE-AU-L002__gW1200_gE0680_s0150,73,11,512.7453813590109,554.7753052078187,1,0.0,0.0,99.0848
CP-SCALE-AU-L002__gW1200_gE0680_s0150,73,11,512.7453813590109,554.7753052078187,5,0.0,-1734.235735,98.9229
CP-SCALE-AU-L002__gW1200_gE0680_s0150,73,11,512.7453813590109,554.7753052078187,8,0.0,-1353.84415575,98.8114
CP-SCALE-AU-L002__gW1200_gE0680_s0150,73,11,512.7453813590109,554.7753052078187,12,0.0,-1108.43324025,98.8669
CP-SCALE-AU-L002__gW1200_gE0680_s0150,73,11,512.7453813590109,554.7753052078187,16,0.0,-992.15784625,98.8685
CP-SCALE-AU-L002__gW1200_gE0680_s0150,73,11,512.7453813590109,554.7753052078187,24,0.0,-805.498096,98.8509
CP-SCALE-AU-L002__gW1200_gE0680_s0150,73,11,512.7453813590109,554.7753052078187,30,0.0,-687.3783995,98.833
CP-SCALE-AU-L002__gW1200_gE0680_s0150,73,12,554.7820482030511,593.976705159992,-10,0.0,-141.8398685,98.8326
CP-SCALE-AU-L002__gW1200_gE0680_s0150,73,12,554.7820482030511,593.976705159992,-5,0.0,-94.490584,98.8516
CP-SCALE-AU-L002__gW1200_gE0680_s0150,73,12,554.7820482030511,593.976705159992,0,0.0,0.0,98.8131
CP-SCALE-AU-L002__gW1200_gE0680_s0150,73,12,554.7820482030511,593.976705159992,1,0.0,0.0,98.8131
CP-SCALE-AU-L002__gW1200_gE0680_s0150,73,12,554.7820482030511,593.976705159992,5,0.0,-2283.0839955,98.8866
CP-SCALE-AU-L002__gW1200_gE0680_s0150,73,12,554.7820482030511,593.976705159992,8,0.0,-1530.3901745,98.9251
CP-SCALE-AU-L002__gW1200_gE0680_s0150,73,12,554.7820482030511,593.976705159992,12,0.0,-1159.75387775,98.9279
CP-SCALE-AU-L002__gW1200_gE0680_s0150,73,12,554.7820482030511,593.976705159992,16,0.0,-1018.37719725,98.9479
CP-SCALE-AU-L002__gW1200_gE0680_s0150,73,12,554.7820482030511,593.976705159992,24,0.0,-552.70758775,98.9325
CP-SCALE-AU-L002__gW1200_gE0680_s0150,73,12,554.7820482030511,593.976705159992,30,0.0,-245.72548025,98.9659
CP-SCALE-AU-L002__gW1200_gE0680_s0150,73,14,635.145046621561,673.2917471937835,-10,0.0,-18.50427,98.9663
CP-SCALE-AU-L002__gW1200_gE0680_s0150,73,14,635.145046621561,673.2917471937835,-5,0.0,-5.55832425,98.965
CP-SCALE-AU-L002__gW1200_gE0680_s0150,73,14,635.145046621561,673.2917471937835,0,0.0,0.0,98.9659
CP-SCALE-AU-L002__gW1200_gE0680_s0150,73,14,635.145046621561,673.2917471937835,1,0.0,0.0,98.9659
CP-SCALE-AU-L002__gW1200_gE0680_s0150,73,14,635.145046621561,673.2917471937835,5,0.0,-1655.683077,98.9516
CP-SCALE-AU-L002__gW1200_gE0680_s0150,73,14,635.145046621561,673.2917471937835,8,0.0,-1373.54938025,98.8983
CP-SCALE-AU-L002__gW1200_gE0680_s0150,73,14,635.145046621561,673.2917471937835,12,0.0,-1193.5591055,98.8803
CP-SCALE-AU-L002__gW1200_gE0680_s0150,73,14,635.145046621561,673.2917471937835,16,0.0,-938.8050715,98.877
CP-SCALE-AU-L002__gW1200_gE0680_s0150,73,14,635.145046621561,673.2917471937835,24,0.0,-526.5751825,98.8581
CP-SCALE-AU-L002__gW1200_gE0680_s0150,73,14,635.145046621561,673.2917471937835,30,0.0,-311.5176935,98.913
CP-SCALE-AU-L002__gW1200_gE0680_s0150,73,15,673.2980717755854,713.3174278326333,-10,0.0,-309.28830975,98.9128
CP-SCALE-AU-L002__gW1200_gE0680_s0150,73,15,673.2980717755854,713.3174278326333,-5,0.0,-68.24811175,98.9126
CP-SCALE-AU-L002__gW1200_gE0680_s0150,73,15,673.2980717755854,713.3174278326333,0,0.0,0.0,98.9291
CP-SCALE-AU-L002__gW1200_gE0680_s0150,73,15,673.2980717755854,713.3174278326333,1,0.0,0.0,98.9291
CP-SCALE-AU-L002__gW1200_gE0680_s0150,73,15,673.2980717755854,713.3174278326333,5,0.0,-2038.509478,99.333
CP-SCALE-AU-L002__gW1200_gE0680_s0150,73,15,673.2980717755854,713.3174278326333,8,0.0,-1589.29406875,99.3504
CP-SCALE-AU-L002__gW1200_gE0680_s0150,73,15,673.2980717755854,713.3174278326333,12,0.0,-1157.64007375,99.2767
CP-SCALE-AU-L002__gW1200_gE0680_s0150,73,15,673.2980717755854,713.3174278326333,16,0.0,-845.396292,99.2604
CP-SCALE-AU-L002__gW1200_gE0680_s0150,73,15,673.2980717755854,713.3174278326333,24,0.0,-543.6134435,99.2417
CP-SCALE-AU-L002__gW1200_gE0680_s0150,73,15,673.2980717755854,713.3174278326333,30,0.0,-377.8935915,99.2444
CP-SCALE-AU-L002__gW1200_gE0680_s0150,73,18,792.4206530489028,834.4477393552661,-10,0.0,0.0,0.0
CP-SCALE-AU-L002__gW1200_gE0680_s0150,73,18,792.4206530489028,834.4477393552661,-5,0.0,0.0,0.0
CP-SCALE-AU-L002__gW1200_gE0680_s0150,73,18,792.4206530489028,834.4477393552661,0,0.0,0.0,0.0
CP-SCALE-AU-L002__gW1200_gE0680_s0150,73,18,792.4206530489028,834.4477393552661,1,0.0,0.0,0.0
CP-SCALE-AU-L002__gW1200_gE0680_s0150,73,18,792.4206530489028,834.4477393552661,5,0.0,-2949.6908085,91.4506
CP-SCALE-AU-L002__gW1200_gE0680_s0150,73,18,792.4206530489028,834.4477393552661,8,0.0,-2824.5652065,91.4529
CP-SCALE-AU-L002__gW1200_gE0680_s0150,73,18,792.4206530489028,834.4477393552661,12,0.0,-2461.7250415,91.7582
CP-SCALE-AU-L002__gW1200_gE0680_s0150,73,18,792.4206530489028,834.4477393552661,16,0.0,-2164.0550875,91.6781
CP-SCALE-AU-L002__gW1200_gE0680_s0150,73,18,792.4206530489028,834.4477393552661,24,9.528953,-1734.14757675,91.8467
CP-SCALE-AU-L002__gW1200_gE0680_s0150,73,18,792.4206530489028,834.4477393552661,30,9.528953,-1684.685908,91.7714
CP-SCALE-AU-L002__gW1200_gE0680_s0150,79,0,31.797007981687784,70.91222475469112,-10,-1057.178708,-1070.937158,0.6054
CP-SCALE-AU-L002__gW1200_gE0680_s0150,79,0,31.797007981687784,70.91222475469112,-5,-583.101371,-583.101371,0.0
CP-SCALE-AU-L002__gW1200_gE0680_s0150,79,0,31.797007981687784,70.91222475469112,0,0.0,0.0,0.0
CP-SCALE-AU-L002__gW1200_gE0680_s0150,79,0,31.797007981687784,70.91222475469112,1,0.0,0.0,0.0
CP-SCALE-AU-L002__gW1200_gE0680_s0150,79,0,31.797007981687784,70.91222475469112,5,28.278775,-2141.865772,89.5798
CP-SCALE-AU-L002__gW1200_gE0680_s0150,79,0,31.797007981687784,70.91222475469112,8,189.67209,-1633.78112575,89.3998
CP-SCALE-AU-L002__gW1200_gE0680_s0150,79,0,31.797007981687784,70.91222475469112,12,189.67209,-1357.393376,89.2847
CP-SCALE-AU-L002__gW1200_gE0680_s0150,79,0,31.797007981687784,70.91222475469112,16,199.913325,-954.8351755,89.2617
CP-SCALE-AU-L002__gW1200_gE0680_s0150,79,0,31.797007981687784,70.91222475469112,24,220.861398,-730.371337,89.2857
CP-SCALE-AU-L002__gW1200_gE0680_s0150,79,0,31.797007981687784,70.91222475469112,30,702.813333,-422.91144825,89.4983
CP-SCALE-AU-L002__gW1200_gE0680_s0150,79,1,70.91801614686847,110.93375461548567,-10,-271.752326,-188.5988375,89.4983
CP-SCALE-AU-L002__gW1200_gE0680_s0150,79,1,70.91801614686847,110.93375461548567,-5,0.0,-79.5872865,89.4838
CP-SCALE-AU-L002__gW1200_gE0680_s0150,79,1,70.91801614686847,110.93375461548567,0,0.0,0.0,89.3465
CP-SCALE-AU-L002__gW1200_gE0680_s0150,79,1,70.91801614686847,110.93375461548567,1,0.0,0.0,89.3465
CP-SCALE-AU-L002__gW1200_gE0680_s0150,79,1,70.91801614686847,110.93375461548567,5,0.0,-1662.318139,91.4841
CP-SCALE-AU-L002__gW1200_gE0680_s0150,79,1,70.91801614686847,110.93375461548567,8,213.425637,-1205.49076425,91.6644
CP-SCALE-AU-L002__gW1200_gE0680_s0150,79,1,70.91801614686847,110.93375461548567,12,433.647912,-687.63953325,91.7313
CP-SCALE-AU-L002__gW1200_gE0680_s0150,79,1,70.91801614686847,110.93375461548567,16,530.769498,-522.767257,91.8024
CP-SCALE-AU-L002__gW1200_gE0680_s0150,79,1,70.91801614686847,110.93375461548567,24,533.952807,-84.435072,92.3832
CP-SCALE-AU-L002__gW1200_gE0680_s0150,79,1,70.91801614686847,110.93375461548567,30,533.952807,70.53927075,92.5132
CP-SCALE-AU-L002__gW1200_gE0680_s0150,79,3,152.08249289542437,191.21187172457576,-10,-56.224563,-192.1118975,92.9581
CP-SCALE-AU-L002__gW1200_gE0680_s0150,79,3,152.08249289542437,191.21187172457576,-5,-9.390231,-44.00334775,92.8552
CP-SCALE-AU-L002__gW1200_gE0680_s0150,79,3,152.08249289542437,191.21187172457576,0,0.0,0.0,92.8289
CP-SCALE-AU-L002__gW1200_gE0680_s0150,79,3,152.08249289542437,191.21187172457576,1,0.0,0.0,92.8289
CP-SCALE-AU-L002__gW1200_gE0680_s0150,79,3,152.08249289542437,191.21187172457576,5,0.0,-2402.23849475,97.8666
CP-SCALE-AU-L002__gW1200_gE0680_s0150,79,3,152.08249289542437,191.21187172457576,8,0.0,-2063.83798275,97.864
CP-SCALE-AU-L002__gW1200_gE0680_s0150,79,3,152.08249289542437,191.21187172457576,12,0.0,-1862.70451125,97.753
CP-SCALE-AU-L002__gW1200_gE0680_s0150,79,3,152.08249289542437,191.21187172457576,16,0.0,-1555.17566175,97.7731
CP-SCALE-AU-L002__gW1200_gE0680_s0150,79,3,152.08249289542437,191.21187172457576,24,62.714119,-1265.1906845,97.7947
CP-SCALE-AU-L002__gW1200_gE0680_s0150,79,3,152.08249289542437,191.21187172457576,30,63.921031,-1133.55420575,97.8157
CP-SCALE-AU-L002__gW1200_gE0680_s0150,79,4,191.2177033238113,230.36354199424386,-10,-34.705592,-192.08768275,97.8157
CP-SCALE-AU-L002__gW1200_gE0680_s0150,79,4,191.2177033238113,230.36354199424386,-5,-34.705592,-108.576002,97.8386
CP-SCALE-AU-L002__gW1200_gE0680_s0150,79,4,191.2177033238113,230.36354199424386,0,0.0,0.0,97.8819
CP-SCALE-AU-L002__gW1200_gE0680_s0150,79,4,191.2177033238113,230.36354199424386,1,0.0,0.0,97.8819
CP-SCALE-AU-L002__gW1200_gE0680_s0150,79,4,191.2177033238113,230.36354199424386,5,0.0,-1623.56905725,98.0228
CP-SCALE-AU-L002__gW1200_gE0680_s0150,79,4,191.2177033238113,230.36354199424386,8,14.803173,-1125.1416485,97.9762
CP-SCALE-AU-L002__gW1200_gE0680_s0150,79,4,191.2177033238113,230.36354199424386,12,60.394635,-665.964914,98.1074
CP-SCALE-AU-L002__gW1200_gE0680_s0150,79,4,191.2177033238113,230.36354199424386,16,60.394635,-373.86038925,98.0093
CP-SCALE-AU-L002__gW1200_gE0680_s0150,79,4,191.2177033238113,230.36354199424386,24,67.141729,-172.14353975,98.0121
CP-SCALE-AU-L002__gW1200_gE0680_s0150,79,4,191.2177033238113,230.36354199424386,30,67.141729,-17.2015895,98.0141
CP-SCALE-AU-L002__gW1200_gE0680_s0150,79,6,271.5223546586931,311.5405795201659,-10,-58.079855,-120.3194085,98.0533
CP-SCALE-AU-L002__gW1200_gE0680_s0150,79,6,271.5223546586931,311.5405795201659,-5,0.0,-61.8924805,98.058
CP-SCALE-AU-L002__gW1200_gE0680_s0150,79,6,271.5223546586931,311.5405795201659,0,0.0,0.0,98.0792
CP-SCALE-AU-L002__gW1200_gE0680_s0150,79,6,271.5223546586931,311.5405795201659,1,0.0,0.0,98.0792
CP-SCALE-AU-L002__gW1200_gE0680_s0150,79,6,271.5223546586931,311.5405795201659,5,19.673227,-2218.3985155,98.1459
CP-SCALE-AU-L002__gW1200_gE0680_s0150,79,6,271.5223546586931,311.5405795201659,8,19.673227,-1854.99224625,98.0858
CP-SCALE-AU-L002__gW1200_gE0680_s0150,79,6,271.5223546586931,311.5405795201659,12,19.673227,-1475.57769125,98.004
CP-SCALE-AU-L002__gW1200_gE0680_s0150,79,6,271.5223546586931,311.5405795201659,16,19.673227,-1426.04565725,98.0052
CP-SCALE-AU-L002__gW1200_gE0680_s0150,79,6,271.5223546586931,311.5405795201659,24,19.673227,-1243.2186265,97.9955
CP-SCALE-AU-L002__gW1200_gE0680_s0150,79,6,271.5223546586931,311.5405795201659,30,19.673227,-1039.148358,97.9947
CP-SCALE-AU-L002__gW1200_gE0680_s0150,79,9,391.8223518356681,432.8439991809428,-10,0.0,-17.24205025,98.1154
CP-SCALE-AU-L002__gW1200_gE0680_s0150,79,9,391.8223518356681,432.8439991809428,-5,0.0,-1.8826765,98.1371
CP-SCALE-AU-L002__gW1200_gE0680_s0150,79,9,391.8223518356681,432.8439991809428,0,0.0,0.0,98.136
CP-SCALE-AU-L002__gW1200_gE0680_s0150,79,9,391.8223518356681,432.8439991809428,1,0.0,0.0,98.136
CP-SCALE-AU-L002__gW1200_gE0680_s0150,79,9,391.8223518356681,432.8439991809428,5,0.0,-1721.6448215,97.7249
CP-SCALE-AU-L002__gW1200_gE0680_s0150,79,9,391.8223518356681,432.8439991809428,8,0.0,-1230.52708425,97.8452
CP-SCALE-AU-L002__gW1200_gE0680_s0150,79,9,391.8223518356681,432.8439991809428,12,0.0,-642.0689215,97.9158
CP-SCALE-AU-L002__gW1200_gE0680_s0150,79,9,391.8223518356681,432.8439991809428,16,0.0,-436.277156,97.9141
CP-SCALE-AU-L002__gW1200_gE0680_s0150,79,9,391.8223518356681,432.8439991809428,24,0.0,-85.98997475,97.8452
CP-SCALE-AU-L002__gW1200_gE0680_s0150,79,9,391.8223518356681,432.8439991809428,30,0.0,61.34682375,97.8386
CP-SCALE-AU-L002__gW1200_gE0680_s0150,79,11,477.0178764909506,510.06638085097075,-10,-71.603304,-159.50162,97.8867
CP-SCALE-AU-L002__gW1200_gE0680_s0150,79,11,477.0178764909506,510.06638085097075,-5,-71.603304,-34.9063225,97.8884
CP-SCALE-AU-L002__gW1200_gE0680_s0150,79,11,477.0178764909506,510.06638085097075,0,0.0,0.0,97.8745
CP-SCALE-AU-L002__gW1200_gE0680_s0150,79,11,477.0178764909506,510.06638085097075,1,0.0,0.0,97.8745
CP-SCALE-AU-L002__gW1200_gE0680_s0150,79,11,477.0178764909506,510.06638085097075,5,10.109718,-1368.4622835,97.8588
CP-SCALE-AU-L002__gW1200_gE0680_s0150,79,11,477.0178764909506,510.06638085097075,8,10.109718,-952.19301275,97.7977
CP-SCALE-AU-L002__gW1200_gE0680_s0150,79,11,477.0178764909506,510.06638085097075,12,10.109718,-710.78168725,97.8247
CP-SCALE-AU-L002__gW1200_gE0680_s0150,79,11,477.0178764909506,510.06638085097075,16,10.109718,-578.555909,97.8926
CP-SCALE-AU-L002__gW1200_gE0680_s0150,79,11,477.0178764909506,510.06638085097075,24,10.109718,-219.519779,97.8309
CP-SCALE-AU-L002__gW1200_gE0680_s0150,79,11,477.0178764909506,510.06638085097075,30,156.953395,-25.8531815,97.8335
CP-SCALE-AU-L002__gW1200_gE0680_s0150,79,14,592.4595897346735,631.600274540484,-10,0.0,0.0,97.7268
CP-SCALE-AU-L002__gW1200_gE0680_s0150,79,14,592.4595897346735,631.600274540484,-5,0.0,0.0,97.7268
CP-SCALE-AU-L002__gW1200_gE0680_s0150,79,14,592.4595897346735,631.600274540484,0,0.0,0.0,97.7268
CP-SCALE-AU-L002__gW1200_gE0680_s0150,79,14,592.4595897346735,631.600274540484,1,0.0,0.0,97.7268
CP-SCALE-AU-L002__gW1200_gE0680_s0150,79,14,592.4595897346735,631.600274540484,5,0.0,-2070.26631175,97.6843
CP-SCALE-AU-L002__gW1200_gE0680_s0150,79,14,592.4595897346735,631.600274540484,8,0.0,-1747.8053555,97.834
CP-SCALE-AU-L002__gW1200_gE0680_s0150,79,14,592.4595897346735,631.600274540484,12,0.0,-1455.7966785,97.7723
CP-SCALE-AU-L002__gW1200_gE0680_s0150,79,14,592.4595897346735,631.600274540484,16,0.0,-1292.71884,97.7534
CP-SCALE-AU-L002__gW1200_gE0680_s0150,79,14,592.4595897346735,631.600274540484,24,0.0,-1120.41311125,97.7069
CP-SCALE-AU-L002__gW1200_gE0680_s0150,79,14,592.4595897346735,631.600274540484,30,0.0,-1002.07915625,97.7719
CP-SCALE-AU-L002__gW1200_gE0680_s0150,79,16,670.7462661601603,713.7804023064673,-10,0.0,-279.59364525,97.8269
CP-SCALE-AU-L002__gW1200_gE0680_s0150,79,16,670.7462661601603,713.7804023064673,-5,0.0,-105.47867525,97.833
CP-SCALE-AU-L002__gW1200_gE0680_s0150,79,16,670.7462661601603,713.7804023064673,0,0.0,0.0,97.7085
CP-SCALE-AU-L002__gW1200_gE0680_s0150,79,16,670.7462661601603,713.7804023064673,1,0.0,0.0,97.7085
CP-SCALE-AU-L002__gW1200_gE0680_s0150,79,16,670.7462661601603,713.7804023064673,5,0.0,-845.918462,97.3151
CP-SCALE-AU-L002__gW1200_gE0680_s0150,79,16,670.7462661601603,713.7804023064673,8,0.0,-357.9725015,97.3902
CP-SCALE-AU-L002__gW1200_gE0680_s0150,79,16,670.7462661601603,713.7804023064673,12,0.0,-55.5917275,97.2894
CP-SCALE-AU-L002__gW1200_gE0680_s0150,79,16,670.7462661601603,713.7804023064673,16,0.46488,11.969403,97.2721
CP-SCALE-AU-L002__gW1200_gE0680_s0150,79,16,670.7462661601603,713.7804023064673,24,0.46488,320.226737,97.4732
CP-SCALE-AU-L002__gW1200_gE0680_s0150,79,16,670.7462661601603,713.7804023064673,30,0.46488,433.7803575,97.4784
CP-SCALE-AU-L002__gW1200_gE0680_s0150,79,17,713.7861426919699,750.9220227897167,-10,0.0,-133.25529875,97.5015
CP-SCALE-AU-L002__gW1200_gE0680_s0150,79,17,713.7861426919699,750.9220227897167,-5,0.0,-14.51098275,97.4569
CP-SCALE-AU-L002__gW1200_gE0680_s0150,79,17,713.7861426919699,750.9220227897167,0,0.0,0.0,97.4553
CP-SCALE-AU-L002__gW1200_gE0680_s0150,79,17,713.7861426919699,750.9220227897167,1,0.0,0.0,97.4553
CP-SCALE-AU-L002__gW1200_gE0680_s0150,79,17,713.7861426919699,750.9220227897167,5,0.0,-1854.68534575,97.8701
CP-SCALE-AU-L002__gW1200_gE0680_s0150,79,17,713.7861426919699,750.9220227897167,8,0.0,-1383.34631275,97.8379
CP-SCALE-AU-L002__gW1200_gE0680_s0150,79,17,713.7861426919699,750.9220227897167,12,14.909115,-904.51756175,97.7926
CP-SCALE-AU-L002__gW1200_gE0680_s0150,79,17,713.7861426919699,750.9220227897167,16,14.909115,-646.38288525,97.8164
CP-SCALE-AU-L002__gW1200_gE0680_s0150,79,17,713.7861426919699,750.9220227897167,24,14.909115,-310.4283205,97.9418
CP-SCALE-AU-L002__gW1200_gE0680_s0150,79,17,713.7861426919699,750.9220227897167,30,14.909115,-105.20460975,97.9267
CP-SCALE-AU-L002__gW1200_gE0680_s0150,83,0,31.870382968336344,71.88373817503452,-10,-397.903983,-397.903983,0.0
CP-SCALE-AU-L002__gW1200_gE0680_s0150,83,0,31.870382968336344,71.88373817503452,-5,-214.974006,-214.974006,0.0
CP-SCALE-AU-L002__gW1200_gE0680_s0150,83,0,31.870382968336344,71.88373817503452,0,0.0,0.0,0.0
CP-SCALE-AU-L002__gW1200_gE0680_s0150,83,0,31.870382968336344,71.88373817503452,1,0.0,0.0,0.0
CP-SCALE-AU-L002__gW1200_gE0680_s0150,83,0,31.870382968336344,71.88373817503452,5,602.033405,-1597.72970525,91.5775
CP-SCALE-AU-L002__gW1200_gE0680_s0150,83,0,31.870382968336344,71.88373817503452,8,602.033405,-986.244166,91.4986
CP-SCALE-AU-L002__gW1200_gE0680_s0150,83,0,31.870382968336344,71.88373817503452,12,919.102853,-486.1579735,91.8853
CP-SCALE-AU-L002__gW1200_gE0680_s0150,83,0,31.870382968336344,71.88373817503452,16,1302.633447,-65.91569975,92.042
CP-SCALE-AU-L002__gW1200_gE0680_s0150,83,0,31.870382968336344,71.88373817503452,24,1429.580776,285.728129,92.1495
CP-SCALE-AU-L002__gW1200_gE0680_s0150,83,0,31.870382968336344,71.88373817503452,30,1891.391767,790.1890645,92.0085
CP-SCALE-AU-L002__gW1200_gE0680_s0150,83,4,189.67817170917988,240.73343118280172,-10,0.0,0.0,0.0
CP-SCALE-AU-L002__gW1200_gE0680_s0150,83,4,189.67817170917988,240.73343118280172,-5,0.0,0.0,0.0
CP-SCALE-AU-L002__gW1200_gE0680_s0150,83,4,189.67817170917988,240.73343118280172,0,0.0,0.0,0.0
CP-SCALE-AU-L002__gW1200_gE0680_s0150,83,4,189.67817170917988,240.73343118280172,1,0.0,0.0,0.0
CP-SCALE-AU-L002__gW1200_gE0680_s0150,83,4,189.67817170917988,240.73343118280172,5,0.0,-3430.84074875,90.8132
CP-SCALE-AU-L002__gW1200_gE0680_s0150,83,4,189.67817170917988,240.73343118280172,8,0.0,-3042.34022225,91.3427
CP-SCALE-AU-L002__gW1200_gE0680_s0150,83,4,189.67817170917988,240.73343118280172,12,0.0,-2561.73938725,91.2024
CP-SCALE-AU-L002__gW1200_gE0680_s0150,83,4,189.67817170917988,240.73343118280172,16,276.498996,-2093.96828175,92.176
CP-SCALE-AU-L002__gW1200_gE0680_s0150,83,4,189.67817170917988,240.73343118280172,24,285.553624,-1613.955674,92.4119
CP-SCALE-AU-L002__gW1200_gE0680_s0150,83,4,189.67817170917988,240.73343118280172,30,485.393793,-1359.76652125,92.2098
CP-SCALE-AU-L002__gW1200_gE0680_s0150,83,8,352.91516162082553,391.04718635231256,-10,0.0,0.0,0.0
CP-SCALE-AU-L002__gW1200_gE0680_s0150,83,8,352.91516162082553,391.04718635231256,-5,0.0,0.0,0.0
CP-SCALE-AU-L002__gW1200_gE0680_s0150,83,8,352.91516162082553,391.04718635231256,0,0.0,0.0,0.0
CP-SCALE-AU-L002__gW1200_gE0680_s0150,83,8,352.91516162082553,391.04718635231256,1,0.0,0.0,0.0
CP-SCALE-AU-L002__gW1200_gE0680_s0150,83,8,352.91516162082553,391.04718635231256,5,0.0,-3546.91385575,91.7307
CP-SCALE-AU-L002__gW1200_gE0680_s0150,83,8,352.91516162082553,391.04718635231256,8,0.0,-3078.76948675,91.8518
CP-SCALE-AU-L002__gW1200_gE0680_s0150,83,8,352.91516162082553,391.04718635231256,12,0.0,-2840.116221,91.9748
CP-SCALE-AU-L002__gW1200_gE0680_s0150,83,8,352.91516162082553,391.04718635231256,16,0.0,-2655.90865175,91.9496
CP-SCALE-AU-L002__gW1200_gE0680_s0150,83,8,352.91516162082553,391.04718635231256,24,0.0,-2416.35983225,92.1921
CP-SCALE-AU-L002__gW1200_gE0680_s0150,83,8,352.91516162082553,391.04718635231256,30,0.0,-2335.996511,92.3097
CP-SCALE-AU-L002__gW1200_gE0680_s0150,83,9,391.05361272394657,432.07257644459605,-10,-18.710388,-110.37745,92.3097
CP-SCALE-AU-L002__gW1200_gE0680_s0150,83,9,391.05361272394657,432.07257644459605,-5,-18.710388,-14.21432975,92.4564
CP-SCALE-AU-L002__gW1200_gE0680_s0150,83,9,391.05361272394657,432.07257644459605,0,0.0,0.0,92.5
CP-SCALE-AU-L002__gW1200_gE0680_s0150,83,9,391.05361272394657,432.07257644459605,1,0.0,0.0,92.5
CP-SCALE-AU-L002__gW1200_gE0680_s0150,83,9,391.05361272394657,432.07257644459605,5,0.0,-1278.9537155,92.0513
CP-SCALE-AU-L002__gW1200_gE0680_s0150,83,9,391.05361272394657,432.07257644459605,8,0.0,-616.60963175,92.0556
CP-SCALE-AU-L002__gW1200_gE0680_s0150,83,9,391.05361272394657,432.07257644459605,12,0.0,-234.72661725,92.3579
CP-SCALE-AU-L002__gW1200_gE0680_s0150,83,9,391.05361272394657,432.07257644459605,16,0.0,24.404394,92.6267
CP-SCALE-AU-L002__gW1200_gE0680_s0150,83,9,391.05361272394657,432.07257644459605,24,0.0,717.89701025,92.3786
CP-SCALE-AU-L002__gW1200_gE0680_s0150,83,9,391.05361272394657,432.07257644459605,30,0.0,870.132221,92.2366
CP-SCALE-AU-L002__gW1200_gE0680_s0150,83,11,470.1241870075464,511.15464260056615,-10,0.0,0.0,0.0
CP-SCALE-AU-L002__gW1200_gE0680_s0150,83,11,470.1241870075464,511.15464260056615,-5,0.0,0.0,0.0
CP-SCALE-AU-L002__gW1200_gE0680_s0150,83,11,470.1241870075464,511.15464260056615,0,0.0,0.0,0.0
CP-SCALE-AU-L002__gW1200_gE0680_s0150,83,11,470.1241870075464,511.15464260056615,1,0.0,0.0,0.0
CP-SCALE-AU-L002__gW1200_gE0680_s0150,83,11,470.1241870075464,511.15464260056615,5,0.0,-3606.03839625,92.0273
CP-SCALE-AU-L002__gW1200_gE0680_s0150,83,11,470.1241870075464,511.15464260056615,8,0.0,-3160.24849675,91.4993
CP-SCALE-AU-L002__gW1200_gE0680_s0150,83,11,470.1241870075464,511.15464260056615,12,0.0,-2682.456375,91.0245
CP-SCALE-AU-L002__gW1200_gE0680_s0150,83,11,470.1241870075464,511.15464260056615,16,6.82739,-2333.134709,91.3186
CP-SCALE-AU-L002__gW1200_gE0680_s0150,83,11,470.1241870075464,511.15464260056615,24,86.427517,-1875.41905625,91.3603
CP-SCALE-AU-L002__gW1200_gE0680_s0150,83,11,470.1241870075464,511.15464260056615,30,86.427517,-1729.56554375,91.0665
CP-SCALE-AU-L002__gW1200_gE0680_s0150,83,14,592.2687808163464,633.2936434932053,-10,0.0,0.0,0.0
CP-SCALE-AU-L002__gW1200_gE0680_s0150,83,14,592.2687808163464,633.2936434932053,-5,0.0,0.0,0.0
CP-SCALE-AU-L002__gW1200_gE0680_s0150,83,14,592.2687808163464,633.2936434932053,0,0.0,0.0,0.0
CP-SCALE-AU-L002__gW1200_gE0680_s0150,83,14,592.2687808163464,633.2936434932053,1,0.0,0.0,0.0
CP-SCALE-AU-L002__gW1200_gE0680_s0150,83,14,592.2687808163464,633.2936434932053,5,0.0,-3298.4077915,92.152
CP-SCALE-AU-L002__gW1200_gE0680_s0150,83,14,592.2687808163464,633.2936434932053,8,0.0,-2772.0757825,91.8926
CP-SCALE-AU-L002__gW1200_gE0680_s0150,83,14,592.2687808163464,633.2936434932053,12,0.0,-2454.324166,91.7146
CP-SCALE-AU-L002__gW1200_gE0680_s0150,83,14,592.2687808163464,633.2936434932053,16,0.0,-2250.23666525,91.7169
CP-SCALE-AU-L002__gW1200_gE0680_s0150,83,14,592.2687808163464,633.2936434932053,24,0.0,-2004.999096,91.8104
CP-SCALE-AU-L002__gW1200_gE0680_s0150,83,14,592.2687808163464,633.2936434932053,30,0.0,-1880.54712225,91.8696
CP-SCALE-AU-L002__gW1200_gE0680_s0150,83,15,633.2998409867287,673.3160235434771,-10,0.0,-267.629217,91.6323
CP-SCALE-AU-L002__gW1200_gE0680_s0150,83,15,633.2998409867287,673.3160235434771,-5,0.0,-190.4235895,91.694
CP-SCALE-AU-L002__gW1200_gE0680_s0150,83,15,633.2998409867287,673.3160235434771,0,0.0,0.0,91.9037
CP-SCALE-AU-L002__gW1200_gE0680_s0150,83,15,633.2998409867287,673.3160235434771,1,0.0,0.0,91.9037
CP-SCALE-AU-L002__gW1200_gE0680_s0150,83,15,633.2998409867287,673.3160235434771,5,0.0,-2318.96458725,93.4199
CP-SCALE-AU-L002__gW1200_gE0680_s0150,83,15,633.2998409867287,673.3160235434771,8,0.0,-1830.03139925,93.7112
CP-SCALE-AU-L002__gW1200_gE0680_s0150,83,15,633.2998409867287,673.3160235434771,12,0.0,1607.8555775,0.0
CP-SCALE-AU-L002__gW1200_gE0680_s0150,83,15,633.2998409867287,673.3160235434771,16,0.0,1607.8555775,0.0
CP-SCALE-AU-L002__gW1200_gE0680_s0150,83,15,633.2998409867287,673.3160235434771,24,0.0,1607.8555775,0.0
CP-SCALE-AU-L002__gW1200_gE0680_s0150,83,15,633.2998409867287,673.3160235434771,30,0.0,1607.8555775,0.0
CP-SCALE-AU-L002__gW1200_gE0680_s0150,83,18,750.5410001426935,793.5699489302933,-10,-99.112394,-24.7780985,1.5968
CP-SCALE-AU-L002__gW1200_gE0680_s0150,83,18,750.5410001426935,793.5699489302933,-5,0.0,0.0,2.189
CP-SCALE-AU-L002__gW1200_gE0680_s0150,83,18,750.5410001426935,793.5699489302933,0,0.0,0.0,2.189
CP-SCALE-AU-L002__gW1200_gE0680_s0150,83,18,750.5410001426935,793.5699489302933,1,0.0,0.0,2.189
CP-SCALE-AU-L002__gW1200_gE0680_s0150,83,18,750.5410001426935,793.5699489302933,5,0.0,-3457.612824,90.4326
CP-SCALE-AU-L002__gW1200_gE0680_s0150,83,18,750.5410001426935,793.5699489302933,8,0.0,-3030.49881225,90.2303
CP-SCALE-AU-L002__gW1200_gE0680_s0150,83,18,750.5410001426935,793.5699489302933,12,0.0,-2472.83831675,90.4893
CP-SCALE-AU-L002__gW1200_gE0680_s0150,83,18,750.5410001426935,793.5699489302933,16,0.0,-2348.49493975,90.4617
CP-SCALE-AU-L002__gW1200_gE0680_s0150,83,18,750.5410001426935,793.5699489302933,24,0.0,-2005.3393385,90.4972
CP-SCALE-AU-L002__gW1200_gE0680_s0150,83,18,750.5410001426935,793.5699489302933,30,0.0,-1862.497504,90.809
