graph_id,mode,seed,value_ticks,contact_seconds,target_seconds,population,wall_seconds,cpu_seconds,status,feasible,input_sha256,native_sha256,source_receipt_sha256,source_sha256,original_result_filename
CP-SCALE-AU-L002__g0340,adaptive,67,1623103611353,1623103.611353,360,4,360.0429638698697,360.00449667000004,ok,True,f45451c354383da570944ddf0fc7898e9cd7056ac0ff54e97a2a2c4b69036697,83f7114e04b2e92a302573bd579541efae62d59114cef080a372f30bf01faf4c,f5dbdfc6fb2d5b1ede46686b0ec749ffba11f7aad66800c6bfb36cfe0c47386a,666dd095cd0b119cccd8e2c9faa881a87825487700906a7ccfe098dde948060e,CP-SCALE-AU-L002__g0340__adaptive__seed67.json
CP-SCALE-AU-L002__g0340,adaptive,71,1623272415399,1623272.415399,360,4,360.0130219385028,359.9459381249999,ok,True,f45451c354383da570944ddf0fc7898e9cd7056ac0ff54e97a2a2c4b69036697,83f7114e04b2e92a302573bd579541efae62d59114cef080a372f30bf01faf4c,f5dbdfc6fb2d5b1ede46686b0ec749ffba11f7aad66800c6bfb36cfe0c47386a,925f7d2b1232778723c93fd9b44f950ca14f02f6dd3c88dc51499bb8b841a502,CP-SCALE-AU-L002__g0340__adaptive__seed71.json
CP-SCALE-AU-L002__g0340,adaptive,73,1621870146933,1621870.146933,360,4,360.0141513943672,359.9819759249999,ok,True,f45451c354383da570944ddf0fc7898e9cd7056ac0ff54e97a2a2c4b69036697,83f7114e04b2e92a302573bd579541efae62d59114cef080a372f30bf01faf4c,f5dbdfc6fb2d5b1ede46686b0ec749ffba11f7aad66800c6bfb36cfe0c47386a,d37a71f9ae7fc2f7a6f4e2ecaaa3aa16f4c5d45653948095104527c7b9f261b8,CP-SCALE-AU-L002__g0340__adaptive__seed73.json
CP-SCALE-AU-L002__g0340,adaptive,79,1623938068653,1623938.068653,360,4,360.0513114593923,360.006407692,ok,True,f45451c354383da570944ddf0fc7898e9cd7056ac0ff54e97a2a2c4b69036697,83f7114e04b2e92a302573bd579541efae62d59114cef080a372f30bf01faf4c,f5dbdfc6fb2d5b1ede46686b0ec749ffba11f7aad66800c6bfb36cfe0c47386a,36aff66d5acc0f425a7d1ea5f0d0b5960087ddadb88f253011fc2fae5592b6cf,CP-SCALE-AU-L002__g0340__adaptive__seed79.json
CP-SCALE-AU-L002__g0340,adaptive,83,1622176998654,1622176.998654,360,4,360.01257548853755,360.00564211300025,ok,True,f45451c354383da570944ddf0fc7898e9cd7056ac0ff54e97a2a2c4b69036697,83f7114e04b2e92a302573bd579541efae62d59114cef080a372f30bf01faf4c,f5dbdfc6fb2d5b1ede46686b0ec749ffba11f7aad66800c6bfb36cfe0c47386a,a7f4ce00523a49b4680905ad51b5c5a7e48f3240b35c3ad0b35ce9e37c1dec04,CP-SCALE-AU-L002__g0340__adaptive__seed83.json
CP-SCALE-AU-L002__g0680,adaptive,67,1246237433972,1246237.433972,360,4,360.0494488887489,359.952542862,ok,True,00df7ab3f84b2c1c98462e6a24a6844edfbe3af85b434c40e44bf86efcce2a7b,83f7114e04b2e92a302573bd579541efae62d59114cef080a372f30bf01faf4c,f5dbdfc6fb2d5b1ede46686b0ec749ffba11f7aad66800c6bfb36cfe0c47386a,76eb5825ff983f520aa0c175a2e6ec820f3fd8ca990d29f52212d26960d4b741,CP-SCALE-AU-L002__g0680__adaptive__seed67.json
CP-SCALE-AU-L002__g0680,adaptive,71,1247537534929,1247537.534929,360,4,360.03103283420205,359.93553417099974,ok,True,00df7ab3f84b2c1c98462e6a24a6844edfbe3af85b434c40e44bf86efcce2a7b,83f7114e04b2e92a302573bd579541efae62d59114cef080a372f30bf01faf4c,f5dbdfc6fb2d5b1ede46686b0ec749ffba11f7aad66800c6bfb36cfe0c47386a,89a8811ce2981025089c8426495098e351d91070ea1ff1b8f1dce6af3a11238b,CP-SCALE-AU-L002__g0680__adaptive__seed71.json
CP-SCALE-AU-L002__g0680,adaptive,73,1246539208142,1246539.208142,360,4,360.011731851846,360.0398028650002,ok,True,00df7ab3f84b2c1c98462e6a24a6844edfbe3af85b434c40e44bf86efcce2a7b,83f7114e04b2e92a302573bd579541efae62d59114cef080a372f30bf01faf4c,f5dbdfc6fb2d5b1ede46686b0ec749ffba11f7aad66800c6bfb36cfe0c47386a,fcf796b5a9a7940ec7b8ed237b2e2b16195da59f86de110410f19b231e370ada,CP-SCALE-AU-L002__g0680__adaptive__seed73.json
CP-SCALE-AU-L002__g0680,adaptive,79,1246414533329,1246414.533329,360,4,360.0105726160109,360.000428414,ok,True,00df7ab3f84b2c1c98462e6a24a6844edfbe3af85b434c40e44bf86efcce2a7b,83f7114e04b2e92a302573bd579541efae62d59114cef080a372f30bf01faf4c,f5dbdfc6fb2d5b1ede46686b0ec749ffba11f7aad66800c6bfb36cfe0c47386a,ffb9fe8fd7abcd63b328c96a53c217def22c40cceb572ed69ba9af867c994d47,CP-SCALE-AU-L002__g0680__adaptive__seed79.json
CP-SCALE-AU-L002__g0680,adaptive,83,1245163102930,1245163.10293,360,4,360.0477632470429,360.001997874,ok,True,00df7ab3f84b2c1c98462e6a24a6844edfbe3af85b434c40e44bf86efcce2a7b,83f7114e04b2e92a302573bd579541efae62d59114cef080a372f30bf01faf4c,f5dbdfc6fb2d5b1ede46686b0ec749ffba11f7aad66800c6bfb36cfe0c47386a,aa8720711098d47a1d79a5ce64f5f239c0420ff74699077a18395a3db626da99,CP-SCALE-AU-L002__g0680__adaptive__seed83.json
CP-SCALE-AU-L002__g1200,adaptive,67,877863335648,877863.335648,360,4,360.01900820061564,360.00028875499993,ok,True,daaf6d54933abd24eb20b16c253177d674328b8555bf6b795088f76ab2e671b0,83f7114e04b2e92a302573bd579541efae62d59114cef080a372f30bf01faf4c,f5dbdfc6fb2d5b1ede46686b0ec749ffba11f7aad66800c6bfb36cfe0c47386a,6adba32388921664b22cbd6001bd1e0a56c2897a0d27f89715505ff6ededad81,CP-SCALE-AU-L002__g1200__adaptive__seed67.json
CP-SCALE-AU-L002__g1200,adaptive,71,878164506640,878164.50664,360,4,360.0114398226142,360.0039438179999,ok,True,daaf6d54933abd24eb20b16c253177d674328b8555bf6b795088f76ab2e671b0,83f7114e04b2e92a302573bd579541efae62d59114cef080a372f30bf01faf4c,f5dbdfc6fb2d5b1ede46686b0ec749ffba11f7aad66800c6bfb36cfe0c47386a,070e7f203edcba95cc0b1b0c3c3410ee0ae832c5b6f62bad0cd98eb419d675c3,CP-SCALE-AU-L002__g1200__adaptive__seed71.json
CP-SCALE-AU-L002__g1200,adaptive,73,878982378419,878982.378419,360,4,360.0170598067343,359.9885395219999,ok,True,daaf6d54933abd24eb20b16c253177d674328b8555bf6b795088f76ab2e671b0,83f7114e04b2e92a302573bd579541efae62d59114cef080a372f30bf01faf4c,f5dbdfc6fb2d5b1ede46686b0ec749ffba11f7aad66800c6bfb36cfe0c47386a,c3308d22743f75d704367e80e3237c46e70981dbb354dd1a1943296af363c6de,CP-SCALE-AU-L002__g1200__adaptive__seed73.json
CP-SCALE-AU-L002__g1200,adaptive,79,879625462418,879625.462418,360,4,360.01181084662676,360.00618600099995,ok,True,daaf6d54933abd24eb20b16c253177d674328b8555bf6b795088f76ab2e671b0,83f7114e04b2e92a302573bd579541efae62d59114cef080a372f30bf01faf4c,f5dbdfc6fb2d5b1ede46686b0ec749ffba11f7aad66800c6bfb36cfe0c47386a,a7cafe08e0d7e475f041f5e1442464a35be2cce0a3302b5f4b2a8d3cf15af042,CP-SCALE-AU-L002__g1200__adaptive__seed79.json
CP-SCALE-AU-L002__g1200,adaptive,83,877433315288,877433.315288,360,4,360.0088291987777,360.00013015900004,ok,True,daaf6d54933abd24eb20b16c253177d674328b8555bf6b795088f76ab2e671b0,83f7114e04b2e92a302573bd579541efae62d59114cef080a372f30bf01faf4c,f5dbdfc6fb2d5b1ede46686b0ec749ffba11f7aad66800c6bfb36cfe0c47386a,fc23ffbc2cc0ccaeb4638ddbcc40367b9ab309619932f6d993b62c0971951c9e,CP-SCALE-AU-L002__g1200__adaptive__seed83.json
CP-SCALE-AU-L002__g1800,adaptive,67,678873634272,678873.634272,360,4,360.01051061600447,360.0147107169996,ok,True,929df9f700cdd73c14aa1aed2a4b8ec88eb4dbaddb0252134dc68e9409a0829b,83f7114e04b2e92a302573bd579541efae62d59114cef080a372f30bf01faf4c,f5dbdfc6fb2d5b1ede46686b0ec749ffba11f7aad66800c6bfb36cfe0c47386a,2503af3dc2a76f9595411c5d542fa4bbdd6d9beca518e87330f0c3dddfdf4889,CP-SCALE-AU-L002__g1800__adaptive__seed67.json
CP-SCALE-AU-L002__g1800,adaptive,71,680472097769,680472.097769,360,4,360.0149411484599,359.93522667699995,ok,True,929df9f700cdd73c14aa1aed2a4b8ec88eb4dbaddb0252134dc68e9409a0829b,83f7114e04b2e92a302573bd579541efae62d59114cef080a372f30bf01faf4c,f5dbdfc6fb2d5b1ede46686b0ec749ffba11f7aad66800c6bfb36cfe0c47386a,f44b9fabc0f2e3dd3d25891298a3353d94142789b9e213cc99d7cc41ded7b5db,CP-SCALE-AU-L002__g1800__adaptive__seed71.json
CP-SCALE-AU-L002__g1800,adaptive,73,677803615525,677803.615525,360,4,360.01134353876114,360.0051959530001,ok,True,929df9f700cdd73c14aa1aed2a4b8ec88eb4dbaddb0252134dc68e9409a0829b,83f7114e04b2e92a302573bd579541efae62d59114cef080a372f30bf01faf4c,f5dbdfc6fb2d5b1ede46686b0ec749ffba11f7aad66800c6bfb36cfe0c47386a,a3203ffd02277b0ec467514cd9e00655c13140801ced48cf91101f43405e2737,CP-SCALE-AU-L002__g1800__adaptive__seed73.json
CP-SCALE-AU-L002__g1800,adaptive,79,680331542934,680331.542934,360,4,360.0107957981527,360.0385583719999,ok,True,929df9f700cdd73c14aa1aed2a4b8ec88eb4dbaddb0252134dc68e9409a0829b,83f7114e04b2e92a302573bd579541efae62d59114cef080a372f30bf01faf4c,f5dbdfc6fb2d5b1ede46686b0ec749ffba11f7aad66800c6bfb36cfe0c47386a,0758039f1a3fb89078bcd4fb15267c55a93aaf30652db27086961b0147957c90,CP-SCALE-AU-L002__g1800__adaptive__seed79.json
CP-SCALE-AU-L002__g1800,adaptive,83,680029062040,680029.06204,360,4,360.00992188975215,359.99691797700007,ok,True,929df9f700cdd73c14aa1aed2a4b8ec88eb4dbaddb0252134dc68e9409a0829b,83f7114e04b2e92a302573bd579541efae62d59114cef080a372f30bf01faf4c,f5dbdfc6fb2d5b1ede46686b0ec749ffba11f7aad66800c6bfb36cfe0c47386a,8fb1c01e70afaac1f669951d0efa35f0acae3b6975487f4493766da907fe1fe6,CP-SCALE-AU-L002__g1800__adaptive__seed83.json
CP-SCALE-AU-L002__gW0340_gE1200_s0150,adaptive,67,1257190190610,1257190.19061,360,4,360.0125559270382,360.0022352720007,ok,True,c19525c20997580aae8cc683586362d193926c2b0a5acb702c039bb37584a967,83f7114e04b2e92a302573bd579541efae62d59114cef080a372f30bf01faf4c,f5dbdfc6fb2d5b1ede46686b0ec749ffba11f7aad66800c6bfb36cfe0c47386a,16d9a56a4d2aec2cd78c513b236ca24e9638029f9c12974114fd95ddd131a855,CP-SCALE-AU-L002__gW0340_gE1200_s0150__adaptive__seed67.json
CP-SCALE-AU-L002__gW0340_gE1200_s0150,adaptive,71,1258611571792,1258611.571792,360,4,360.0116553157568,359.97413969900026,ok,True,c19525c20997580aae8cc683586362d193926c2b0a5acb702c039bb37584a967,83f7114e04b2e92a302573bd579541efae62d59114cef080a372f30bf01faf4c,f5dbdfc6fb2d5b1ede46686b0ec749ffba11f7aad66800c6bfb36cfe0c47386a,8dbcc8309aa5b3d2567da92948ce356967375f3a2f8ee5ad2ea149c383efbf62,CP-SCALE-AU-L002__gW0340_gE1200_s0150__adaptive__seed71.json
CP-SCALE-AU-L002__gW0340_gE1200_s0150,adaptive,73,1259397344636,1259397.344636,360,4,360.01212621852756,360.005777815,ok,True,c19525c20997580aae8cc683586362d193926c2b0a5acb702c039bb37584a967,83f7114e04b2e92a302573bd579541efae62d59114cef080a372f30bf01faf4c,f5dbdfc6fb2d5b1ede46686b0ec749ffba11f7aad66800c6bfb36cfe0c47386a,d1a9e3132307920003795cc01c09e8af3998bd410f24d5dfbf55e1694f03bfdb,CP-SCALE-AU-L002__gW0340_gE1200_s0150__adaptive__seed73.json
CP-SCALE-AU-L002__gW0340_gE1200_s0150,adaptive,79,1259188152491,1259188.152491,360,4,360.01163551211357,360.01481862499986,ok,True,c19525c20997580aae8cc683586362d193926c2b0a5acb702c039bb37584a967,83f7114e04b2e92a302573bd579541efae62d59114cef080a372f30bf01faf4c,f5dbdfc6fb2d5b1ede46686b0ec749ffba11f7aad66800c6bfb36cfe0c47386a,2b4cfedc8b115c1133c659d4e4566857e99a730101825b7c7164e149c86c534c,CP-SCALE-AU-L002__gW0340_gE1200_s0150__adaptive__seed79.json
CP-SCALE-AU-L002__gW0340_gE1200_s0150,adaptive,83,1257174570170,1257174.57017,360,4,360.01208397746086,360.0020048389997,ok,True,c19525c20997580aae8cc683586362d193926c2b0a5acb702c039bb37584a967,83f7114e04b2e92a302573bd579541efae62d59114cef080a372f30bf01faf4c,f5dbdfc6fb2d5b1ede46686b0ec749ffba11f7aad66800c6bfb36cfe0c47386a,e5c20701ed0c14168dc612d62ed3a7716d01638c69cac6284611378a9e2ef5a3,CP-SCALE-AU-L002__gW0340_gE1200_s0150__adaptive__seed83.json
CP-SCALE-AU-L002__gW0680_gE1200_s0150,adaptive,67,1063080948591,1063080.948591,360,4,360.0115722939372,360.0278093720001,ok,True,76b3ce4a426bc2159d59d0c133f7d5e3b01cafc6f3edf2313428f26881023dd4,83f7114e04b2e92a302573bd579541efae62d59114cef080a372f30bf01faf4c,f5dbdfc6fb2d5b1ede46686b0ec749ffba11f7aad66800c6bfb36cfe0c47386a,6f3725410810db4c7aa1add549a1d98ba91d879668d5ec8179d66329628361ec,CP-SCALE-AU-L002__gW0680_gE1200_s0150__adaptive__seed67.json
CP-SCALE-AU-L002__gW0680_gE1200_s0150,adaptive,71,1065002657132,1065002.657132,360,4,360.01305643096566,360.0050990689999,ok,True,76b3ce4a426bc2159d59d0c133f7d5e3b01cafc6f3edf2313428f26881023dd4,83f7114e04b2e92a302573bd579541efae62d59114cef080a372f30bf01faf4c,f5dbdfc6fb2d5b1ede46686b0ec749ffba11f7aad66800c6bfb36cfe0c47386a,cbfb2c6b49b088e4b47e154dccff9ed1b3805cfc1b1bd1339721e228330f08d2,CP-SCALE-AU-L002__gW0680_gE1200_s0150__adaptive__seed71.json
CP-SCALE-AU-L002__gW0680_gE1200_s0150,adaptive,73,1064266340081,1064266.340081,360,4,360.01253939047456,360.0159948109995,ok,True,76b3ce4a426bc2159d59d0c133f7d5e3b01cafc6f3edf2313428f26881023dd4,83f7114e04b2e92a302573bd579541efae62d59114cef080a372f30bf01faf4c,f5dbdfc6fb2d5b1ede46686b0ec749ffba11f7aad66800c6bfb36cfe0c47386a,3ab06531b0b3074844d3b3321ca516fc354fb5e0299e2390eadd568156996ed9,CP-SCALE-AU-L002__gW0680_gE1200_s0150__adaptive__seed73.json
CP-SCALE-AU-L002__gW0680_gE1200_s0150,adaptive,79,1064228237701,1064228.237701,360,4,360.01172668114305,360.01916870399964,ok,True,76b3ce4a426bc2159d59d0c133f7d5e3b01cafc6f3edf2313428f26881023dd4,83f7114e04b2e92a302573bd579541efae62d59114cef080a372f30bf01faf4c,f5dbdfc6fb2d5b1ede46686b0ec749ffba11f7aad66800c6bfb36cfe0c47386a,7231908aa913928384659549025058e1415256a0be281efad8a8d04b6259e83f,CP-SCALE-AU-L002__gW0680_gE1200_s0150__adaptive__seed79.json
CP-SCALE-AU-L002__gW0680_gE1200_s0150,adaptive,83,1063876800437,1063876.800437,360,4,360.0295960120857,359.9881317039999,ok,True,76b3ce4a426bc2159d59d0c133f7d5e3b01cafc6f3edf2313428f26881023dd4,83f7114e04b2e92a302573bd579541efae62d59114cef080a372f30bf01faf4c,f5dbdfc6fb2d5b1ede46686b0ec749ffba11f7aad66800c6bfb36cfe0c47386a,0119b70c742806da6071f205c55ca611ddd0a77809a2b9e2fee9bfe3cb4a9ad7,CP-SCALE-AU-L002__gW0680_gE1200_s0150__adaptive__seed83.json
CP-SCALE-AU-L002__gW1200_gE0340_s0150,adaptive,67,1256883893835,1256883.893835,360,4,360.0143552981317,360.01816061399995,ok,True,68fd21ef61b7cfaa228bcc78aa122ab7ed1946dc1e9330e3ca3d0fbf6ff06af3,83f7114e04b2e92a302573bd579541efae62d59114cef080a372f30bf01faf4c,f5dbdfc6fb2d5b1ede46686b0ec749ffba11f7aad66800c6bfb36cfe0c47386a,a784bf6337c0bd720815e339c74b2b2d93f7581c66edf9b098db8d3e9ba11fd4,CP-SCALE-AU-L002__gW1200_gE0340_s0150__adaptive__seed67.json
CP-SCALE-AU-L002__gW1200_gE0340_s0150,adaptive,71,1257338161969,1257338.161969,360,4,360.01127134263515,360.01659770100014,ok,True,68fd21ef61b7cfaa228bcc78aa122ab7ed1946dc1e9330e3ca3d0fbf6ff06af3,83f7114e04b2e92a302573bd579541efae62d59114cef080a372f30bf01faf4c,f5dbdfc6fb2d5b1ede46686b0ec749ffba11f7aad66800c6bfb36cfe0c47386a,f34662f9c6bb7f484101d6bdf2861751ff5703435521e729c40c101baa998fed,CP-SCALE-AU-L002__gW1200_gE0340_s0150__adaptive__seed71.json
CP-SCALE-AU-L002__gW1200_gE0340_s0150,adaptive,73,1259997307385,1259997.307385,360,4,360.011073961854,359.9931453430004,ok,True,68fd21ef61b7cfaa228bcc78aa122ab7ed1946dc1e9330e3ca3d0fbf6ff06af3,83f7114e04b2e92a302573bd579541efae62d59114cef080a372f30bf01faf4c,f5dbdfc6fb2d5b1ede46686b0ec749ffba11f7aad66800c6bfb36cfe0c47386a,2cbc61aab459426db3714a2e20c66ee8897590ef7170b16b44ec3f320cb4a49c,CP-SCALE-AU-L002__gW1200_gE0340_s0150__adaptive__seed73.json
CP-SCALE-AU-L002__gW1200_gE0340_s0150,adaptive,79,1255892261221,1255892.261221,360,4,360.0162123590708,360.0200685010004,ok,True,68fd21ef61b7cfaa228bcc78aa122ab7ed1946dc1e9330e3ca3d0fbf6ff06af3,83f7114e04b2e92a302573bd579541efae62d59114cef080a372f30bf01faf4c,f5dbdfc6fb2d5b1ede46686b0ec749ffba11f7aad66800c6bfb36cfe0c47386a,e6937ff46f2a8555ee7cd0d48a3da599a2aa9a2be92d89da9fc3e73a6aae6073,CP-SCALE-AU-L002__gW1200_gE0340_s0150__adaptive__seed79.json
CP-SCALE-AU-L002__gW1200_gE0340_s0150,adaptive,83,1257544052201,1257544.052201,360,4,360.01111233234406,360.00380394700005,ok,True,68fd21ef61b7cfaa228bcc78aa122ab7ed1946dc1e9330e3ca3d0fbf6ff06af3,83f7114e04b2e92a302573bd579541efae62d59114cef080a372f30bf01faf4c,f5dbdfc6fb2d5b1ede46686b0ec749ffba11f7aad66800c6bfb36cfe0c47386a,cfe113035fd787f2b8225b5bcfe64d1b81cc9f3b1a79081dbfe1c414556f7061,CP-SCALE-AU-L002__gW1200_gE0340_s0150__adaptive__seed83.json
CP-SCALE-AU-L002__gW1200_gE0680_s0150,adaptive,67,1063975217761,1063975.217761,360,4,360.01025311276317,360.01582181599997,ok,True,97eed4ff2c5b4a84d1d1b8e9645e81fe0d40ff8e9fc4daac45e73da590f4615c,83f7114e04b2e92a302573bd579541efae62d59114cef080a372f30bf01faf4c,f5dbdfc6fb2d5b1ede46686b0ec749ffba11f7aad66800c6bfb36cfe0c47386a,2988e8e986a007a544a94e9c6c3a5bf5a8dc363f8e7f4eab879e9433fda89d59,CP-SCALE-AU-L002__gW1200_gE0680_s0150__adaptive__seed67.json
CP-SCALE-AU-L002__gW1200_gE0680_s0150,adaptive,71,1063083960997,1063083.960997,360,4,360.0114876739681,360.0169699390008,ok,True,97eed4ff2c5b4a84d1d1b8e9645e81fe0d40ff8e9fc4daac45e73da590f4615c,83f7114e04b2e92a302573bd579541efae62d59114cef080a372f30bf01faf4c,f5dbdfc6fb2d5b1ede46686b0ec749ffba11f7aad66800c6bfb36cfe0c47386a,61420571366070c56a40522066008b9e65b83b6ba8642c7577a73239b1e54cc3,CP-SCALE-AU-L002__gW1200_gE0680_s0150__adaptive__seed71.json
CP-SCALE-AU-L002__gW1200_gE0680_s0150,adaptive,73,1062955981503,1062955.981503,360,4,360.01000067964196,359.930176597,ok,True,97eed4ff2c5b4a84d1d1b8e9645e81fe0d40ff8e9fc4daac45e73da590f4615c,83f7114e04b2e92a302573bd579541efae62d59114cef080a372f30bf01faf4c,f5dbdfc6fb2d5b1ede46686b0ec749ffba11f7aad66800c6bfb36cfe0c47386a,b1df9465934548979c4c5466675abe81e52c722feaf4ef0a38040747d87aad57,CP-SCALE-AU-L002__gW1200_gE0680_s0150__adaptive__seed73.json
CP-SCALE-AU-L002__gW1200_gE0680_s0150,adaptive,79,1065650878787,1065650.878787,360,4,360.0135918967426,359.9987563829998,ok,True,97eed4ff2c5b4a84d1d1b8e9645e81fe0d40ff8e9fc4daac45e73da590f4615c,83f7114e04b2e92a302573bd579541efae62d59114cef080a372f30bf01faf4c,f5dbdfc6fb2d5b1ede46686b0ec749ffba11f7aad66800c6bfb36cfe0c47386a,0655b6b8cdda4b7f2b4ad01c15901d9335e029c065aeb3541dbe6ee587368b26,CP-SCALE-AU-L002__gW1200_gE0680_s0150__adaptive__seed79.json
CP-SCALE-AU-L002__gW1200_gE0680_s0150,adaptive,83,1063204247122,1063204.247122,360,4,360.0119981467724,360.00249157200005,ok,True,97eed4ff2c5b4a84d1d1b8e9645e81fe0d40ff8e9fc4daac45e73da590f4615c,83f7114e04b2e92a302573bd579541efae62d59114cef080a372f30bf01faf4c,f5dbdfc6fb2d5b1ede46686b0ec749ffba11f7aad66800c6bfb36cfe0c47386a,fb40014ce2e3a763e46ee935e80a65f2b20d5847ca26c2881804c651ac18f915,CP-SCALE-AU-L002__gW1200_gE0680_s0150__adaptive__seed83.json
CP-SCALE-AU-L002__g0340,bandit,67,1625132108032,1625132.108032,360,4,360.01384753361344,360.0153865430002,ok,True,f45451c354383da570944ddf0fc7898e9cd7056ac0ff54e97a2a2c4b69036697,83f7114e04b2e92a302573bd579541efae62d59114cef080a372f30bf01faf4c,f5dbdfc6fb2d5b1ede46686b0ec749ffba11f7aad66800c6bfb36cfe0c47386a,d363ff574e77189566e23dc8a3d8a024964679e49b4aa0fbcc27d19cce507aaf,CP-SCALE-AU-L002__g0340__bandit__seed67.json
CP-SCALE-AU-L002__g0340,bandit,71,1624881381756,1624881.381756,360,4,360.0132602415979,360.00477326299995,ok,True,f45451c354383da570944ddf0fc7898e9cd7056ac0ff54e97a2a2c4b69036697,83f7114e04b2e92a302573bd579541efae62d59114cef080a372f30bf01faf4c,f5dbdfc6fb2d5b1ede46686b0ec749ffba11f7aad66800c6bfb36cfe0c47386a,752e6c1b97096c449d3786e9f645627ff16d6d62c1446438b359a013d8a9acb4,CP-SCALE-AU-L002__g0340__bandit__seed71.json
CP-SCALE-AU-L002__g0340,bandit,73,1625480055746,1625480.055746,360,4,360.0156757198274,360.0185165190005,ok,True,f45451c354383da570944ddf0fc7898e9cd7056ac0ff54e97a2a2c4b69036697,83f7114e04b2e92a302573bd579541efae62d59114cef080a372f30bf01faf4c,f5dbdfc6fb2d5b1ede46686b0ec749ffba11f7aad66800c6bfb36cfe0c47386a,c63173796fc67944fdd1fa355545bafc29055dae569720b9b186d9cd91c6e427,CP-SCALE-AU-L002__g0340__bandit__seed73.json
CP-SCALE-AU-L002__g0340,bandit,79,1625021897868,1625021.897868,360,4,360.0140996091068,359.971380983,ok,True,f45451c354383da570944ddf0fc7898e9cd7056ac0ff54e97a2a2c4b69036697,83f7114e04b2e92a302573bd579541efae62d59114cef080a372f30bf01faf4c,f5dbdfc6fb2d5b1ede46686b0ec749ffba11f7aad66800c6bfb36cfe0c47386a,296896f114e15083810b03309fe6a3d41f524c4380281cc589f3a0e9fd326fc1,CP-SCALE-AU-L002__g0340__bandit__seed79.json
CP-SCALE-AU-L002__g0340,bandit,83,1624579752740,1624579.75274,360,4,360.0142267309129,360.0149477139994,ok,True,f45451c354383da570944ddf0fc7898e9cd7056ac0ff54e97a2a2c4b69036697,83f7114e04b2e92a302573bd579541efae62d59114cef080a372f30bf01faf4c,f5dbdfc6fb2d5b1ede46686b0ec749ffba11f7aad66800c6bfb36cfe0c47386a,938f030a9b30136986c750d07594b9a0b9cf0a82c2fdb0fa490f69cd2faa10c1,CP-SCALE-AU-L002__g0340__bandit__seed83.json
CP-SCALE-AU-L002__g0680,bandit,67,1249364185718,1249364.185718,360,4,360.0133395306766,359.885913792,ok,True,00df7ab3f84b2c1c98462e6a24a6844edfbe3af85b434c40e44bf86efcce2a7b,83f7114e04b2e92a302573bd579541efae62d59114cef080a372f30bf01faf4c,f5dbdfc6fb2d5b1ede46686b0ec749ffba11f7aad66800c6bfb36cfe0c47386a,80f50810dbf1b10db16b759a276cbf8db5f8cb4e173d7ba1a25456f222562378,CP-SCALE-AU-L002__g0680__bandit__seed67.json
CP-SCALE-AU-L002__g0680,bandit,71,1248729001216,1248729.001216,360,4,360.0136809684336,360.0281797750001,ok,True,00df7ab3f84b2c1c98462e6a24a6844edfbe3af85b434c40e44bf86efcce2a7b,83f7114e04b2e92a302573bd579541efae62d59114cef080a372f30bf01faf4c,f5dbdfc6fb2d5b1ede46686b0ec749ffba11f7aad66800c6bfb36cfe0c47386a,a84c73aeaf47f067e1c79f85fc8cfa8a2ad01cee64c82f5e4cf0258a0cefe77c,CP-SCALE-AU-L002__g0680__bandit__seed71.json
CP-SCALE-AU-L002__g0680,bandit,73,1249485958535,1249485.958535,360,4,360.01096192374825,359.63360465999995,ok,True,00df7ab3f84b2c1c98462e6a24a6844edfbe3af85b434c40e44bf86efcce2a7b,83f7114e04b2e92a302573bd579541efae62d59114cef080a372f30bf01faf4c,f5dbdfc6fb2d5b1ede46686b0ec749ffba11f7aad66800c6bfb36cfe0c47386a,a0e839cdb315430971421594ca25300172b2fb3d4f65bee1cd4b99fc18b8c590,CP-SCALE-AU-L002__g0680__bandit__seed73.json
CP-SCALE-AU-L002__g0680,bandit,79,1248633616221,1248633.616221,360,4,360.01465517655015,359.81510915800027,ok,True,00df7ab3f84b2c1c98462e6a24a6844edfbe3af85b434c40e44bf86efcce2a7b,83f7114e04b2e92a302573bd579541efae62d59114cef080a372f30bf01faf4c,f5dbdfc6fb2d5b1ede46686b0ec749ffba11f7aad66800c6bfb36cfe0c47386a,bd4c132334e90807e12045f97f9e847de59e3999be007f1afad187435f0bad27,CP-SCALE-AU-L002__g0680__bandit__seed79.json
CP-SCALE-AU-L002__g0680,bandit,83,1248178162473,1248178.162473,360,4,360.0123100094497,359.9588050709999,ok,True,00df7ab3f84b2c1c98462e6a24a6844edfbe3af85b434c40e44bf86efcce2a7b,83f7114e04b2e92a302573bd579541efae62d59114cef080a372f30bf01faf4c,f5dbdfc6fb2d5b1ede46686b0ec749ffba11f7aad66800c6bfb36cfe0c47386a,071872a997e59116d824920efd2ee09c8d60c3d9421f9c68e9ede03688378f0e,CP-SCALE-AU-L002__g0680__bandit__seed83.json
CP-SCALE-AU-L002__g1200,bandit,67,883993876179,883993.876179,360,4,360.0108463540673,359.99652560100003,ok,True,daaf6d54933abd24eb20b16c253177d674328b8555bf6b795088f76ab2e671b0,83f7114e04b2e92a302573bd579541efae62d59114cef080a372f30bf01faf4c,f5dbdfc6fb2d5b1ede46686b0ec749ffba11f7aad66800c6bfb36cfe0c47386a,97a7727e2532664cf03ef94142c32f799addf92a57f0e6866621514d2242b5f6,CP-SCALE-AU-L002__g1200__bandit__seed67.json
CP-SCALE-AU-L002__g1200,bandit,71,884826727712,884826.727712,360,4,360.01238525286317,359.97678048299986,ok,True,daaf6d54933abd24eb20b16c253177d674328b8555bf6b795088f76ab2e671b0,83f7114e04b2e92a302573bd579541efae62d59114cef080a372f30bf01faf4c,f5dbdfc6fb2d5b1ede46686b0ec749ffba11f7aad66800c6bfb36cfe0c47386a,d014a2505279398bd182b0947ac11c7b02ed871fdf6d800c44b24e12e5db0d87,CP-SCALE-AU-L002__g1200__bandit__seed71.json
CP-SCALE-AU-L002__g1200,bandit,73,884760129501,884760.129501,360,4,360.01356384158134,360.00500938299956,ok,True,daaf6d54933abd24eb20b16c253177d674328b8555bf6b795088f76ab2e671b0,83f7114e04b2e92a302573bd579541efae62d59114cef080a372f30bf01faf4c,f5dbdfc6fb2d5b1ede46686b0ec749ffba11f7aad66800c6bfb36cfe0c47386a,5be64ba3696a493afd158742e22a623fd844027943781e8c5dface17c5067c4c,CP-SCALE-AU-L002__g1200__bandit__seed73.json
CP-SCALE-AU-L002__g1200,bandit,79,884247332254,884247.332254,360,4,360.01106038317084,359.8215286339996,ok,True,daaf6d54933abd24eb20b16c253177d674328b8555bf6b795088f76ab2e671b0,83f7114e04b2e92a302573bd579541efae62d59114cef080a372f30bf01faf4c,f5dbdfc6fb2d5b1ede46686b0ec749ffba11f7aad66800c6bfb36cfe0c47386a,2a21590d36046483cbe60d3905f59adb57f94f89d8bbe4041ecaebfacdf48d85,CP-SCALE-AU-L002__g1200__bandit__seed79.json
CP-SCALE-AU-L002__g1200,bandit,83,882502403846,882502.403846,360,4,360.01129415258765,360.0190089120001,ok,True,daaf6d54933abd24eb20b16c253177d674328b8555bf6b795088f76ab2e671b0,83f7114e04b2e92a302573bd579541efae62d59114cef080a372f30bf01faf4c,f5dbdfc6fb2d5b1ede46686b0ec749ffba11f7aad66800c6bfb36cfe0c47386a,1790c8b73a03ab7919c275001671ce89c5a5e201bef2bfbe86435771fc866b2b,CP-SCALE-AU-L002__g1200__bandit__seed83.json
CP-SCALE-AU-L002__g1800,bandit,67,683701534417,683701.534417,360,4,360.0126751996577,360.033410386,ok,True,929df9f700cdd73c14aa1aed2a4b8ec88eb4dbaddb0252134dc68e9409a0829b,83f7114e04b2e92a302573bd579541efae62d59114cef080a372f30bf01faf4c,f5dbdfc6fb2d5b1ede46686b0ec749ffba11f7aad66800c6bfb36cfe0c47386a,0843a3b2bf6b95e4aba47eb39876ecb2ed903a8fd41d797d0a2c201da936b862,CP-SCALE-AU-L002__g1800__bandit__seed67.json
CP-SCALE-AU-L002__g1800,bandit,71,682280307040,682280.30704,360,4,360.0100020058453,359.9923075349998,ok,True,929df9f700cdd73c14aa1aed2a4b8ec88eb4dbaddb0252134dc68e9409a0829b,83f7114e04b2e92a302573bd579541efae62d59114cef080a372f30bf01faf4c,f5dbdfc6fb2d5b1ede46686b0ec749ffba11f7aad66800c6bfb36cfe0c47386a,8b603b36af8c544b09bfdee94e128b1211b924775f49d11b57f38bd2a91413ed,CP-SCALE-AU-L002__g1800__bandit__seed71.json
CP-SCALE-AU-L002__g1800,bandit,73,682471408199,682471.408199,360,4,360.0096035376191,359.99583096600054,ok,True,929df9f700cdd73c14aa1aed2a4b8ec88eb4dbaddb0252134dc68e9409a0829b,83f7114e04b2e92a302573bd579541efae62d59114cef080a372f30bf01faf4c,f5dbdfc6fb2d5b1ede46686b0ec749ffba11f7aad66800c6bfb36cfe0c47386a,99854b056abd4ab685932879f4c09d744cb8bd571154bd1ac9b561ad04b89acc,CP-SCALE-AU-L002__g1800__bandit__seed73.json
CP-SCALE-AU-L002__g1800,bandit,79,681999356628,681999.356628,360,4,360.0104344971478,359.9978508100003,ok,True,929df9f700cdd73c14aa1aed2a4b8ec88eb4dbaddb0252134dc68e9409a0829b,83f7114e04b2e92a302573bd579541efae62d59114cef080a372f30bf01faf4c,f5dbdfc6fb2d5b1ede46686b0ec749ffba11f7aad66800c6bfb36cfe0c47386a,708c54e53f78e9166eacfdfab9e8350f9814bc1ba1ef48a12d6205eb66b0e26d,CP-SCALE-AU-L002__g1800__bandit__seed79.json
CP-SCALE-AU-L002__g1800,bandit,83,682483043207,682483.043207,360,4,360.0104585662484,359.989214229,ok,True,929df9f700cdd73c14aa1aed2a4b8ec88eb4dbaddb0252134dc68e9409a0829b,83f7114e04b2e92a302573bd579541efae62d59114cef080a372f30bf01faf4c,f5dbdfc6fb2d5b1ede46686b0ec749ffba11f7aad66800c6bfb36cfe0c47386a,0d95b5f4b8208b6bd491976c3637a2ccd949b61209eaec3bdbd8d18fa1c3c189,CP-SCALE-AU-L002__g1800__bandit__seed83.json
CP-SCALE-AU-L002__gW0340_gE1200_s0150,bandit,67,1260040502169,1260040.502169,360,4,360.014825925231,360.01901224999983,ok,True,c19525c20997580aae8cc683586362d193926c2b0a5acb702c039bb37584a967,83f7114e04b2e92a302573bd579541efae62d59114cef080a372f30bf01faf4c,f5dbdfc6fb2d5b1ede46686b0ec749ffba11f7aad66800c6bfb36cfe0c47386a,5d290044e75617639b3d1ee4ddd0fe2a2e80aa6f104e6060561eb3c786cc23f9,CP-SCALE-AU-L002__gW0340_gE1200_s0150__bandit__seed67.json
CP-SCALE-AU-L002__gW0340_gE1200_s0150,bandit,71,1262131752351,1262131.752351,360,4,360.01182913407683,360.0035176399997,ok,True,c19525c20997580aae8cc683586362d193926c2b0a5acb702c039bb37584a967,83f7114e04b2e92a302573bd579541efae62d59114cef080a372f30bf01faf4c,f5dbdfc6fb2d5b1ede46686b0ec749ffba11f7aad66800c6bfb36cfe0c47386a,6f062e3041902592b8e28b80510c16307d72bbd5d8c85c4f490500652f7175e1,CP-SCALE-AU-L002__gW0340_gE1200_s0150__bandit__seed71.json
CP-SCALE-AU-L002__gW0340_gE1200_s0150,bandit,73,1261622709402,1261622.709402,360,4,360.011953946203,359.9964692129997,ok,True,c19525c20997580aae8cc683586362d193926c2b0a5acb702c039bb37584a967,83f7114e04b2e92a302573bd579541efae62d59114cef080a372f30bf01faf4c,f5dbdfc6fb2d5b1ede46686b0ec749ffba11f7aad66800c6bfb36cfe0c47386a,8b2a6cdd4b140515b015fbcc339e3b2e7f7ef5e8528c4f0e3903b46100be0987,CP-SCALE-AU-L002__gW0340_gE1200_s0150__bandit__seed73.json
CP-SCALE-AU-L002__gW0340_gE1200_s0150,bandit,79,1260610653619,1260610.653619,360,4,360.0226238556206,359.96175980299995,ok,True,c19525c20997580aae8cc683586362d193926c2b0a5acb702c039bb37584a967,83f7114e04b2e92a302573bd579541efae62d59114cef080a372f30bf01faf4c,f5dbdfc6fb2d5b1ede46686b0ec749ffba11f7aad66800c6bfb36cfe0c47386a,0c029436423045e8a6620d8b35c9231ebaabbf21a9ed5535ba23f201bb7d865a,CP-SCALE-AU-L002__gW0340_gE1200_s0150__bandit__seed79.json
CP-SCALE-AU-L002__gW0340_gE1200_s0150,bandit,83,1260808100275,1260808.100275,360,4,360.01092924922705,360.01262847399994,ok,True,c19525c20997580aae8cc683586362d193926c2b0a5acb702c039bb37584a967,83f7114e04b2e92a302573bd579541efae62d59114cef080a372f30bf01faf4c,f5dbdfc6fb2d5b1ede46686b0ec749ffba11f7aad66800c6bfb36cfe0c47386a,312efcd3689d73c187b69da3f0b2b7132d736616f4e0dec7e85f1b7c4f36f645,CP-SCALE-AU-L002__gW0340_gE1200_s0150__bandit__seed83.json
CP-SCALE-AU-L002__gW0680_gE1200_s0150,bandit,67,1067546147404,1067546.147404,360,4,360.01516791805625,359.98183724,ok,True,76b3ce4a426bc2159d59d0c133f7d5e3b01cafc6f3edf2313428f26881023dd4,83f7114e04b2e92a302573bd579541efae62d59114cef080a372f30bf01faf4c,f5dbdfc6fb2d5b1ede46686b0ec749ffba11f7aad66800c6bfb36cfe0c47386a,249561802f71e06164d405aa1a4a0819909b56a568d30c2904971e09c49be4bb,CP-SCALE-AU-L002__gW0680_gE1200_s0150__bandit__seed67.json
CP-SCALE-AU-L002__gW0680_gE1200_s0150,bandit,71,1066307725602,1066307.725602,360,4,360.0116988196969,359.844325394,ok,True,76b3ce4a426bc2159d59d0c133f7d5e3b01cafc6f3edf2313428f26881023dd4,83f7114e04b2e92a302573bd579541efae62d59114cef080a372f30bf01faf4c,f5dbdfc6fb2d5b1ede46686b0ec749ffba11f7aad66800c6bfb36cfe0c47386a,41c212997552ea8b635c9f16dfbd2ed960a337a15c700bc72c8ad6fd916af9e4,CP-SCALE-AU-L002__gW0680_gE1200_s0150__bandit__seed71.json
CP-SCALE-AU-L002__gW0680_gE1200_s0150,bandit,73,1067212066418,1067212.066418,360,4,360.0335296615958,359.93506417700064,ok,True,76b3ce4a426bc2159d59d0c133f7d5e3b01cafc6f3edf2313428f26881023dd4,83f7114e04b2e92a302573bd579541efae62d59114cef080a372f30bf01faf4c,f5dbdfc6fb2d5b1ede46686b0ec749ffba11f7aad66800c6bfb36cfe0c47386a,deea3af9b81e814ecf07fc072f9c703373dea6267a89acafe570fd5f73b861f4,CP-SCALE-AU-L002__gW0680_gE1200_s0150__bandit__seed73.json
CP-SCALE-AU-L002__gW0680_gE1200_s0150,bandit,79,1066916918073,1066916.918073,360,4,360.010803271085,359.92413660499983,ok,True,76b3ce4a426bc2159d59d0c133f7d5e3b01cafc6f3edf2313428f26881023dd4,83f7114e04b2e92a302573bd579541efae62d59114cef080a372f30bf01faf4c,f5dbdfc6fb2d5b1ede46686b0ec749ffba11f7aad66800c6bfb36cfe0c47386a,ab7bf16ca6e631f4f9ea3a3bc28da67713d37db602605d845104f5bc516ce1a5,CP-SCALE-AU-L002__gW0680_gE1200_s0150__bandit__seed79.json
CP-SCALE-AU-L002__gW0680_gE1200_s0150,bandit,83,1068137271824,1068137.271824,360,4,360.01363694295287,359.7368102149999,ok,True,76b3ce4a426bc2159d59d0c133f7d5e3b01cafc6f3edf2313428f26881023dd4,83f7114e04b2e92a302573bd579541efae62d59114cef080a372f30bf01faf4c,f5dbdfc6fb2d5b1ede46686b0ec749ffba11f7aad66800c6bfb36cfe0c47386a,586527a546d0df2b4c7af97f1c160c1c11bef86852a5acf6daac889ce0444c91,CP-SCALE-AU-L002__gW0680_gE1200_s0150__bandit__seed83.json
CP-SCALE-AU-L002__gW1200_gE0340_s0150,bandit,67,1260320557784,1260320.557784,360,4,360.01201755180955,360.00662972200007,ok,True,68fd21ef61b7cfaa228bcc78aa122ab7ed1946dc1e9330e3ca3d0fbf6ff06af3,83f7114e04b2e92a302573bd579541efae62d59114cef080a372f30bf01faf4c,f5dbdfc6fb2d5b1ede46686b0ec749ffba11f7aad66800c6bfb36cfe0c47386a,b9be44f989554901fa1a7b3a7502468f057039d601915d7874acc6d9b0777105,CP-SCALE-AU-L002__gW1200_gE0340_s0150__bandit__seed67.json
CP-SCALE-AU-L002__gW1200_gE0340_s0150,bandit,71,1261718492773,1261718.492773,360,4,360.01146709918976,359.98917499799995,ok,True,68fd21ef61b7cfaa228bcc78aa122ab7ed1946dc1e9330e3ca3d0fbf6ff06af3,83f7114e04b2e92a302573bd579541efae62d59114cef080a372f30bf01faf4c,f5dbdfc6fb2d5b1ede46686b0ec749ffba11f7aad66800c6bfb36cfe0c47386a,f3bd6640ec29b49afbb92ebbca7ababff113174ec0b9a49d2939c1db1ed59463,CP-SCALE-AU-L002__gW1200_gE0340_s0150__bandit__seed71.json
CP-SCALE-AU-L002__gW1200_gE0340_s0150,bandit,73,1263281104481,1263281.104481,360,4,360.0117982663214,359.4418170499998,ok,True,68fd21ef61b7cfaa228bcc78aa122ab7ed1946dc1e9330e3ca3d0fbf6ff06af3,83f7114e04b2e92a302573bd579541efae62d59114cef080a372f30bf01faf4c,f5dbdfc6fb2d5b1ede46686b0ec749ffba11f7aad66800c6bfb36cfe0c47386a,d4ea60282ae03ca7221f30812631c159ef744d8236fd0d3868e9a10aaf516088,CP-SCALE-AU-L002__gW1200_gE0340_s0150__bandit__seed73.json
CP-SCALE-AU-L002__gW1200_gE0340_s0150,bandit,79,1262772734152,1262772.734152,360,4,360.01331716403365,360.0211314510002,ok,True,68fd21ef61b7cfaa228bcc78aa122ab7ed1946dc1e9330e3ca3d0fbf6ff06af3,83f7114e04b2e92a302573bd579541efae62d59114cef080a372f30bf01faf4c,f5dbdfc6fb2d5b1ede46686b0ec749ffba11f7aad66800c6bfb36cfe0c47386a,116d2a43fdbc17e2168ad4b558bea1dd0f69e7974318483bfeae70742fc46ddf,CP-SCALE-AU-L002__gW1200_gE0340_s0150__bandit__seed79.json
CP-SCALE-AU-L002__gW1200_gE0340_s0150,bandit,83,1261570370265,1261570.370265,360,4,360.02061938866973,359.9838958800001,ok,True,68fd21ef61b7cfaa228bcc78aa122ab7ed1946dc1e9330e3ca3d0fbf6ff06af3,83f7114e04b2e92a302573bd579541efae62d59114cef080a372f30bf01faf4c,f5dbdfc6fb2d5b1ede46686b0ec749ffba11f7aad66800c6bfb36cfe0c47386a,e6336f0f33f7e4649356929fd7642a3e841a0b1b874a4f8f5e3b2b580e32210c,CP-SCALE-AU-L002__gW1200_gE0340_s0150__bandit__seed83.json
CP-SCALE-AU-L002__gW1200_gE0680_s0150,bandit,67,1068015636238,1068015.636238,360,4,360.0122874341905,359.995844306,ok,True,97eed4ff2c5b4a84d1d1b8e9645e81fe0d40ff8e9fc4daac45e73da590f4615c,83f7114e04b2e92a302573bd579541efae62d59114cef080a372f30bf01faf4c,f5dbdfc6fb2d5b1ede46686b0ec749ffba11f7aad66800c6bfb36cfe0c47386a,a22dc378f8391f27edfa1b5e3396ff9ddf064f50b0b531b72dba2c830468cc3f,CP-SCALE-AU-L002__gW1200_gE0680_s0150__bandit__seed67.json
CP-SCALE-AU-L002__gW1200_gE0680_s0150,bandit,71,1066936935691,1066936.935691,360,4,360.0119481347501,359.94921866999994,ok,True,97eed4ff2c5b4a84d1d1b8e9645e81fe0d40ff8e9fc4daac45e73da590f4615c,83f7114e04b2e92a302573bd579541efae62d59114cef080a372f30bf01faf4c,f5dbdfc6fb2d5b1ede46686b0ec749ffba11f7aad66800c6bfb36cfe0c47386a,2aba5419081d094aa0d897d14ee249af3cc8cac9a338e5e5861e2a8308948ff5,CP-SCALE-AU-L002__gW1200_gE0680_s0150__bandit__seed71.json
CP-SCALE-AU-L002__gW1200_gE0680_s0150,bandit,73,1067162588721,1067162.588721,360,4,360.0146130807698,359.5621465619997,ok,True,97eed4ff2c5b4a84d1d1b8e9645e81fe0d40ff8e9fc4daac45e73da590f4615c,83f7114e04b2e92a302573bd579541efae62d59114cef080a372f30bf01faf4c,f5dbdfc6fb2d5b1ede46686b0ec749ffba11f7aad66800c6bfb36cfe0c47386a,1fd134a12a0b5e180bb1c41a3eed166645556c6a9fa5f5b8ba18869bdf895f05,CP-SCALE-AU-L002__gW1200_gE0680_s0150__bandit__seed73.json
CP-SCALE-AU-L002__gW1200_gE0680_s0150,bandit,79,1065723517277,1065723.517277,360,4,360.0125036723912,360.0124017859998,ok,True,97eed4ff2c5b4a84d1d1b8e9645e81fe0d40ff8e9fc4daac45e73da590f4615c,83f7114e04b2e92a302573bd579541efae62d59114cef080a372f30bf01faf4c,f5dbdfc6fb2d5b1ede46686b0ec749ffba11f7aad66800c6bfb36cfe0c47386a,3e9c501ea572fd5e3315050b32837c33d9c59fcd12642e5c6fbc706b7d33bac7,CP-SCALE-AU-L002__gW1200_gE0680_s0150__bandit__seed79.json
CP-SCALE-AU-L002__gW1200_gE0680_s0150,bandit,83,1067204063966,1067204.063966,360,4,360.0147301144898,360.006236919,ok,True,97eed4ff2c5b4a84d1d1b8e9645e81fe0d40ff8e9fc4daac45e73da590f4615c,83f7114e04b2e92a302573bd579541efae62d59114cef080a372f30bf01faf4c,f5dbdfc6fb2d5b1ede46686b0ec749ffba11f7aad66800c6bfb36cfe0c47386a,831b8bacb608eb9037ed88f137ec3be5b3412d34036b8fcfb1f04a4aeb7a9817,CP-SCALE-AU-L002__gW1200_gE0680_s0150__bandit__seed83.json
CP-SCALE-AU-L002__g0340,knn,67,1625976813089,1625976.813089,360,4,360.012583527714,359.92997260100015,ok,True,f45451c354383da570944ddf0fc7898e9cd7056ac0ff54e97a2a2c4b69036697,83f7114e04b2e92a302573bd579541efae62d59114cef080a372f30bf01faf4c,f5dbdfc6fb2d5b1ede46686b0ec749ffba11f7aad66800c6bfb36cfe0c47386a,124925077ee59804fd048ffb11efc5f63fc8aeb628a5c5d868664a227278d7f0,CP-SCALE-AU-L002__g0340__knn__seed67.json
CP-SCALE-AU-L002__g0340,knn,71,1625908810118,1625908.810118,360,4,360.0130740739405,360.027122191,ok,True,f45451c354383da570944ddf0fc7898e9cd7056ac0ff54e97a2a2c4b69036697,83f7114e04b2e92a302573bd579541efae62d59114cef080a372f30bf01faf4c,f5dbdfc6fb2d5b1ede46686b0ec749ffba11f7aad66800c6bfb36cfe0c47386a,fb305045e0f31f675380fab68c9143d25ae1b4ee5a20e78b6c7a3e152631b9f4,CP-SCALE-AU-L002__g0340__knn__seed71.json
CP-SCALE-AU-L002__g0340,knn,73,1626917783942,1626917.783942,360,4,360.0133295543492,360.01556033399993,ok,True,f45451c354383da570944ddf0fc7898e9cd7056ac0ff54e97a2a2c4b69036697,83f7114e04b2e92a302573bd579541efae62d59114cef080a372f30bf01faf4c,f5dbdfc6fb2d5b1ede46686b0ec749ffba11f7aad66800c6bfb36cfe0c47386a,3681dda6054a8105120263c92677d5774cb32e7392598559d3abd8b48209d7f9,CP-SCALE-AU-L002__g0340__knn__seed73.json
CP-SCALE-AU-L002__g0340,knn,79,1627334465601,1627334.465601,360,4,360.0127819813788,359.98020829399957,ok,True,f45451c354383da570944ddf0fc7898e9cd7056ac0ff54e97a2a2c4b69036697,83f7114e04b2e92a302573bd579541efae62d59114cef080a372f30bf01faf4c,f5dbdfc6fb2d5b1ede46686b0ec749ffba11f7aad66800c6bfb36cfe0c47386a,b793f1ef9f6a71e5f23bf9ada391876a7d2d0ea15b0f87018171194ed6838c89,CP-SCALE-AU-L002__g0340__knn__seed79.json
CP-SCALE-AU-L002__g0340,knn,83,1626628553489,1626628.553489,360,4,360.0144290216267,360.0163811370003,ok,True,f45451c354383da570944ddf0fc7898e9cd7056ac0ff54e97a2a2c4b69036697,83f7114e04b2e92a302573bd579541efae62d59114cef080a372f30bf01faf4c,f5dbdfc6fb2d5b1ede46686b0ec749ffba11f7aad66800c6bfb36cfe0c47386a,6b93abc2c0eb1f68fb5243304721006876fcf7efe120698ebbe30ca10e25a738,CP-SCALE-AU-L002__g0340__knn__seed83.json
CP-SCALE-AU-L002__g0680,knn,67,1249243583018,1249243.583018,360,4,360.03790370747447,359.96131195799995,ok,True,00df7ab3f84b2c1c98462e6a24a6844edfbe3af85b434c40e44bf86efcce2a7b,83f7114e04b2e92a302573bd579541efae62d59114cef080a372f30bf01faf4c,f5dbdfc6fb2d5b1ede46686b0ec749ffba11f7aad66800c6bfb36cfe0c47386a,c1ebbe17cd93ad26a1925e1144ede2de374fe9e58d38e5d2c11d503a70e3e148,CP-SCALE-AU-L002__g0680__knn__seed67.json
CP-SCALE-AU-L002__g0680,knn,71,1248189933763,1248189.933763,360,4,360.0130536183715,360.0149900339993,ok,True,00df7ab3f84b2c1c98462e6a24a6844edfbe3af85b434c40e44bf86efcce2a7b,83f7114e04b2e92a302573bd579541efae62d59114cef080a372f30bf01faf4c,f5dbdfc6fb2d5b1ede46686b0ec749ffba11f7aad66800c6bfb36cfe0c47386a,04a4dbe5c9de3d9b87e327c7f5fe0da1d011e03cc40b2a5a9635c984f62f045a,CP-SCALE-AU-L002__g0680__knn__seed71.json
CP-SCALE-AU-L002__g0680,knn,73,1249127097038,1249127.097038,360,4,360.011757299304,359.88589261699997,ok,True,00df7ab3f84b2c1c98462e6a24a6844edfbe3af85b434c40e44bf86efcce2a7b,83f7114e04b2e92a302573bd579541efae62d59114cef080a372f30bf01faf4c,f5dbdfc6fb2d5b1ede46686b0ec749ffba11f7aad66800c6bfb36cfe0c47386a,0450b35f998b79463b63fb36a00ab0aae62f0d16e7338dc8f9b7357f67454c5c,CP-SCALE-AU-L002__g0680__knn__seed73.json
CP-SCALE-AU-L002__g0680,knn,79,1249482688998,1249482.688998,360,4,360.02751372754574,360.0088940830001,ok,True,00df7ab3f84b2c1c98462e6a24a6844edfbe3af85b434c40e44bf86efcce2a7b,83f7114e04b2e92a302573bd579541efae62d59114cef080a372f30bf01faf4c,f5dbdfc6fb2d5b1ede46686b0ec749ffba11f7aad66800c6bfb36cfe0c47386a,40c2507f525aa1ea66c2e23513e8907acdc5d629e68dba5108a4d45197ffa32e,CP-SCALE-AU-L002__g0680__knn__seed79.json
CP-SCALE-AU-L002__g0680,knn,83,1249365731080,1249365.73108,360,4,360.01340134069324,360.00099621500067,ok,True,00df7ab3f84b2c1c98462e6a24a6844edfbe3af85b434c40e44bf86efcce2a7b,83f7114e04b2e92a302573bd579541efae62d59114cef080a372f30bf01faf4c,f5dbdfc6fb2d5b1ede46686b0ec749ffba11f7aad66800c6bfb36cfe0c47386a,079764682c0526f89feac8c3b68f3c6e32c1e2930c9293a8cfe107e483cf5f47,CP-SCALE-AU-L002__g0680__knn__seed83.json
CP-SCALE-AU-L002__g1200,knn,67,884543055840,884543.05584,360,4,360.01188100501895,360.01556258100027,ok,True,daaf6d54933abd24eb20b16c253177d674328b8555bf6b795088f76ab2e671b0,83f7114e04b2e92a302573bd579541efae62d59114cef080a372f30bf01faf4c,f5dbdfc6fb2d5b1ede46686b0ec749ffba11f7aad66800c6bfb36cfe0c47386a,502624eb70adf460f029c795bb1a0c6bcfb8e02438a0aadbbb9644a37dda06e2,CP-SCALE-AU-L002__g1200__knn__seed67.json
CP-SCALE-AU-L002__g1200,knn,71,882004276608,882004.276608,360,4,360.0120714455843,359.350405531,ok,True,daaf6d54933abd24eb20b16c253177d674328b8555bf6b795088f76ab2e671b0,83f7114e04b2e92a302573bd579541efae62d59114cef080a372f30bf01faf4c,f5dbdfc6fb2d5b1ede46686b0ec749ffba11f7aad66800c6bfb36cfe0c47386a,b31bd4616f22cd924421e721be369be1ca0a072a832d70f460bb4e2efb836281,CP-SCALE-AU-L002__g1200__knn__seed71.json
CP-SCALE-AU-L002__g1200,knn,73,885837920434,885837.920434,360,4,360.0135161615908,359.9036896040002,ok,True,daaf6d54933abd24eb20b16c253177d674328b8555bf6b795088f76ab2e671b0,83f7114e04b2e92a302573bd579541efae62d59114cef080a372f30bf01faf4c,f5dbdfc6fb2d5b1ede46686b0ec749ffba11f7aad66800c6bfb36cfe0c47386a,15a5e732188be0141254c637a9fdd849f632445f8acfacd0d022e8a5aa068d6e,CP-SCALE-AU-L002__g1200__knn__seed73.json
CP-SCALE-AU-L002__g1200,knn,79,884085044617,884085.044617,360,4,360.01132670789957,359.894507427,ok,True,daaf6d54933abd24eb20b16c253177d674328b8555bf6b795088f76ab2e671b0,83f7114e04b2e92a302573bd579541efae62d59114cef080a372f30bf01faf4c,f5dbdfc6fb2d5b1ede46686b0ec749ffba11f7aad66800c6bfb36cfe0c47386a,bff5bfcabb1392a61546917a5d5f43bafc9dcdc82854e5ea603faf384bc5d426,CP-SCALE-AU-L002__g1200__knn__seed79.json
CP-SCALE-AU-L002__g1200,knn,83,881644617208,881644.617208,360,4,360.01468247920275,360.00335033500005,ok,True,daaf6d54933abd24eb20b16c253177d674328b8555bf6b795088f76ab2e671b0,83f7114e04b2e92a302573bd579541efae62d59114cef080a372f30bf01faf4c,f5dbdfc6fb2d5b1ede46686b0ec749ffba11f7aad66800c6bfb36cfe0c47386a,0ab41eb40c3c578b10b9238f3718cd795174e55b45aee7d54a27a5d0626b0862,CP-SCALE-AU-L002__g1200__knn__seed83.json
CP-SCALE-AU-L002__g1800,knn,67,683442015342,683442.015342,360,4,360.0111760869622,359.9814853519997,ok,True,929df9f700cdd73c14aa1aed2a4b8ec88eb4dbaddb0252134dc68e9409a0829b,83f7114e04b2e92a302573bd579541efae62d59114cef080a372f30bf01faf4c,f5dbdfc6fb2d5b1ede46686b0ec749ffba11f7aad66800c6bfb36cfe0c47386a,f784755029975c92924def4c7a94629b626c38a7495dd4deb4136db2eb3a29a3,CP-SCALE-AU-L002__g1800__knn__seed67.json
CP-SCALE-AU-L002__g1800,knn,71,686357935237,686357.935237,360,4,360.01333163306117,360.0057814009999,ok,True,929df9f700cdd73c14aa1aed2a4b8ec88eb4dbaddb0252134dc68e9409a0829b,83f7114e04b2e92a302573bd579541efae62d59114cef080a372f30bf01faf4c,f5dbdfc6fb2d5b1ede46686b0ec749ffba11f7aad66800c6bfb36cfe0c47386a,8eb5154701553594ec95ef0257a9d05d6b851ffb92781e4ff12b69dc3c19fe92,CP-SCALE-AU-L002__g1800__knn__seed71.json
CP-SCALE-AU-L002__g1800,knn,73,683155448079,683155.448079,360,4,360.00853345543146,360.0345401000002,ok,True,929df9f700cdd73c14aa1aed2a4b8ec88eb4dbaddb0252134dc68e9409a0829b,83f7114e04b2e92a302573bd579541efae62d59114cef080a372f30bf01faf4c,f5dbdfc6fb2d5b1ede46686b0ec749ffba11f7aad66800c6bfb36cfe0c47386a,3a968f1b9b6a497f4bf7c15a183a2c62a79c64499187bb18bb66025947fd1fff,CP-SCALE-AU-L002__g1800__knn__seed73.json
CP-SCALE-AU-L002__g1800,knn,79,682348225758,682348.225758,360,4,360.01214645802975,359.9163571960007,ok,True,929df9f700cdd73c14aa1aed2a4b8ec88eb4dbaddb0252134dc68e9409a0829b,83f7114e04b2e92a302573bd579541efae62d59114cef080a372f30bf01faf4c,f5dbdfc6fb2d5b1ede46686b0ec749ffba11f7aad66800c6bfb36cfe0c47386a,f7ed4301d359afc71e4a2c98eed825aa0fdd27ce34c4ea61008aa69bc3fe5dfb,CP-SCALE-AU-L002__g1800__knn__seed79.json
CP-SCALE-AU-L002__g1800,knn,83,683550339916,683550.339916,360,4,360.0084153339267,359.9982216010003,ok,True,929df9f700cdd73c14aa1aed2a4b8ec88eb4dbaddb0252134dc68e9409a0829b,83f7114e04b2e92a302573bd579541efae62d59114cef080a372f30bf01faf4c,f5dbdfc6fb2d5b1ede46686b0ec749ffba11f7aad66800c6bfb36cfe0c47386a,c44165a3610d06bb37e83f73cc93ed61b76c7d9a154eec90eb7db6b0f1cf44e6,CP-SCALE-AU-L002__g1800__knn__seed83.json
CP-SCALE-AU-L002__gW0340_gE1200_s0150,knn,67,1261765326910,1261765.32691,360,4,360.0135431624949,360.02753050699994,ok,True,c19525c20997580aae8cc683586362d193926c2b0a5acb702c039bb37584a967,83f7114e04b2e92a302573bd579541efae62d59114cef080a372f30bf01faf4c,f5dbdfc6fb2d5b1ede46686b0ec749ffba11f7aad66800c6bfb36cfe0c47386a,9644d572fb6de9bfa98e4f6f4b3b531655eddf7423b5d355c68980e6b43efd91,CP-SCALE-AU-L002__gW0340_gE1200_s0150__knn__seed67.json
CP-SCALE-AU-L002__gW0340_gE1200_s0150,knn,71,1260938675168,1260938.675168,360,4,360.01473105698824,360.00740602199994,ok,True,c19525c20997580aae8cc683586362d193926c2b0a5acb702c039bb37584a967,83f7114e04b2e92a302573bd579541efae62d59114cef080a372f30bf01faf4c,f5dbdfc6fb2d5b1ede46686b0ec749ffba11f7aad66800c6bfb36cfe0c47386a,5ceafe993554ce1cc50fb0a7b3722ca0875c9f974f257287125cb10098cbc844,CP-SCALE-AU-L002__gW0340_gE1200_s0150__knn__seed71.json
CP-SCALE-AU-L002__gW0340_gE1200_s0150,knn,73,1263322789469,1263322.789469,360,4,360.01290878281,359.9951968579999,ok,True,c19525c20997580aae8cc683586362d193926c2b0a5acb702c039bb37584a967,83f7114e04b2e92a302573bd579541efae62d59114cef080a372f30bf01faf4c,f5dbdfc6fb2d5b1ede46686b0ec749ffba11f7aad66800c6bfb36cfe0c47386a,acbaec45b07977479fa8209525470115d9c0c76e385fba46c368e03585927118,CP-SCALE-AU-L002__gW0340_gE1200_s0150__knn__seed73.json
CP-SCALE-AU-L002__gW0340_gE1200_s0150,knn,79,1261331751965,1261331.751965,360,4,360.05325688421726,359.6203945940001,ok,True,c19525c20997580aae8cc683586362d193926c2b0a5acb702c039bb37584a967,83f7114e04b2e92a302573bd579541efae62d59114cef080a372f30bf01faf4c,f5dbdfc6fb2d5b1ede46686b0ec749ffba11f7aad66800c6bfb36cfe0c47386a,fdbc92c17944c2af1b0dfc4249177874e7f54615917e0fd202a51f782d64f7d0,CP-SCALE-AU-L002__gW0340_gE1200_s0150__knn__seed79.json
CP-SCALE-AU-L002__gW0340_gE1200_s0150,knn,83,1260141468647,1260141.468647,360,4,360.0132989510894,359.95556870400014,ok,True,c19525c20997580aae8cc683586362d193926c2b0a5acb702c039bb37584a967,83f7114e04b2e92a302573bd579541efae62d59114cef080a372f30bf01faf4c,f5dbdfc6fb2d5b1ede46686b0ec749ffba11f7aad66800c6bfb36cfe0c47386a,1d95a8614f79fed5978c486fceba98817f9d39ebdb423685679fa3de3974638d,CP-SCALE-AU-L002__gW0340_gE1200_s0150__knn__seed83.json
CP-SCALE-AU-L002__gW0680_gE1200_s0150,knn,67,1067034680349,1067034.680349,360,4,360.0106631554663,360.033036734,ok,True,76b3ce4a426bc2159d59d0c133f7d5e3b01cafc6f3edf2313428f26881023dd4,83f7114e04b2e92a302573bd579541efae62d59114cef080a372f30bf01faf4c,f5dbdfc6fb2d5b1ede46686b0ec749ffba11f7aad66800c6bfb36cfe0c47386a,a17712e01d0c3eb8b05937f65f07024d189127bf63539bfa2029288d527c9240,CP-SCALE-AU-L002__gW0680_gE1200_s0150__knn__seed67.json
CP-SCALE-AU-L002__gW0680_gE1200_s0150,knn,71,1066395000897,1066395.000897,360,4,360.03291819244623,359.4872934539999,ok,True,76b3ce4a426bc2159d59d0c133f7d5e3b01cafc6f3edf2313428f26881023dd4,83f7114e04b2e92a302573bd579541efae62d59114cef080a372f30bf01faf4c,f5dbdfc6fb2d5b1ede46686b0ec749ffba11f7aad66800c6bfb36cfe0c47386a,3a87cfd2cf9689ac8bf35d9f64ed096b80973643b0d31ac07ce0db1124fd7605,CP-SCALE-AU-L002__gW0680_gE1200_s0150__knn__seed71.json
CP-SCALE-AU-L002__gW0680_gE1200_s0150,knn,73,1067970265998,1067970.265998,360,4,360.0137260481715,359.9942178560002,ok,True,76b3ce4a426bc2159d59d0c133f7d5e3b01cafc6f3edf2313428f26881023dd4,83f7114e04b2e92a302573bd579541efae62d59114cef080a372f30bf01faf4c,f5dbdfc6fb2d5b1ede46686b0ec749ffba11f7aad66800c6bfb36cfe0c47386a,1f41b2e0eb3a308558f05c09eb32a67cc3ef50da9938f3acab4859b67168e337,CP-SCALE-AU-L002__gW0680_gE1200_s0150__knn__seed73.json
CP-SCALE-AU-L002__gW0680_gE1200_s0150,knn,79,1067239735657,1067239.735657,360,4,360.01112512499094,360.00239228600003,ok,True,76b3ce4a426bc2159d59d0c133f7d5e3b01cafc6f3edf2313428f26881023dd4,83f7114e04b2e92a302573bd579541efae62d59114cef080a372f30bf01faf4c,f5dbdfc6fb2d5b1ede46686b0ec749ffba11f7aad66800c6bfb36cfe0c47386a,bd9366d4b63e83043f9688406956dfa27b7709d36d1cd9b4293ecbd355ffd397,CP-SCALE-AU-L002__gW0680_gE1200_s0150__knn__seed79.json
CP-SCALE-AU-L002__gW0680_gE1200_s0150,knn,83,1066831425090,1066831.42509,360,4,360.011725500226,360.02625553300004,ok,True,76b3ce4a426bc2159d59d0c133f7d5e3b01cafc6f3edf2313428f26881023dd4,83f7114e04b2e92a302573bd579541efae62d59114cef080a372f30bf01faf4c,f5dbdfc6fb2d5b1ede46686b0ec749ffba11f7aad66800c6bfb36cfe0c47386a,d5599e3f746c9ca494e7e06624a187543c365acd8e7dbbfef36ca0aafdc7d1d5,CP-SCALE-AU-L002__gW0680_gE1200_s0150__knn__seed83.json
CP-SCALE-AU-L002__gW1200_gE0340_s0150,knn,67,1262014416636,1262014.416636,360,4,360.0134243480861,359.97932202500033,ok,True,68fd21ef61b7cfaa228bcc78aa122ab7ed1946dc1e9330e3ca3d0fbf6ff06af3,83f7114e04b2e92a302573bd579541efae62d59114cef080a372f30bf01faf4c,f5dbdfc6fb2d5b1ede46686b0ec749ffba11f7aad66800c6bfb36cfe0c47386a,d919830266c99ff30b4f215138fbb85f61eb2c691c607b64ae00a7ff0afd251f,CP-SCALE-AU-L002__gW1200_gE0340_s0150__knn__seed67.json
CP-SCALE-AU-L002__gW1200_gE0340_s0150,knn,71,1261462026287,1261462.026287,360,4,360.0127944163978,360.0125507060002,ok,True,68fd21ef61b7cfaa228bcc78aa122ab7ed1946dc1e9330e3ca3d0fbf6ff06af3,83f7114e04b2e92a302573bd579541efae62d59114cef080a372f30bf01faf4c,f5dbdfc6fb2d5b1ede46686b0ec749ffba11f7aad66800c6bfb36cfe0c47386a,42d62bebb6550d08be7c0301d511e5425bf34180f635103bced2d22b4d7f2d25,CP-SCALE-AU-L002__gW1200_gE0340_s0150__knn__seed71.json
CP-SCALE-AU-L002__gW1200_gE0340_s0150,knn,73,1264363181659,1264363.181659,360,4,360.01120783761144,359.980551801,ok,True,68fd21ef61b7cfaa228bcc78aa122ab7ed1946dc1e9330e3ca3d0fbf6ff06af3,83f7114e04b2e92a302573bd579541efae62d59114cef080a372f30bf01faf4c,f5dbdfc6fb2d5b1ede46686b0ec749ffba11f7aad66800c6bfb36cfe0c47386a,9bea1bfe246882815e5980d4eed5ba542be4c07ec1601f78e8240f334ab45617,CP-SCALE-AU-L002__gW1200_gE0340_s0150__knn__seed73.json
CP-SCALE-AU-L002__gW1200_gE0340_s0150,knn,79,1263126986686,1263126.986686,360,4,360.01408291980624,359.9985941590003,ok,True,68fd21ef61b7cfaa228bcc78aa122ab7ed1946dc1e9330e3ca3d0fbf6ff06af3,83f7114e04b2e92a302573bd579541efae62d59114cef080a372f30bf01faf4c,f5dbdfc6fb2d5b1ede46686b0ec749ffba11f7aad66800c6bfb36cfe0c47386a,dcb12e505d7d1d2ac25b8907ff6d8e04e0b3aa5a55a6409741c06e598056c086,CP-SCALE-AU-L002__gW1200_gE0340_s0150__knn__seed79.json
CP-SCALE-AU-L002__gW1200_gE0340_s0150,knn,83,1263064667750,1263064.66775,360,4,360.0126793794334,360.01204319199996,ok,True,68fd21ef61b7cfaa228bcc78aa122ab7ed1946dc1e9330e3ca3d0fbf6ff06af3,83f7114e04b2e92a302573bd579541efae62d59114cef080a372f30bf01faf4c,f5dbdfc6fb2d5b1ede46686b0ec749ffba11f7aad66800c6bfb36cfe0c47386a,a70cce2724d0ed52ffb410b291a7aeffed36442768a1f5b44aee141c0e668548,CP-SCALE-AU-L002__gW1200_gE0340_s0150__knn__seed83.json
CP-SCALE-AU-L002__gW1200_gE0680_s0150,knn,67,1067236248680,1067236.24868,360,4,360.0139679275453,359.99026564800033,ok,True,97eed4ff2c5b4a84d1d1b8e9645e81fe0d40ff8e9fc4daac45e73da590f4615c,83f7114e04b2e92a302573bd579541efae62d59114cef080a372f30bf01faf4c,f5dbdfc6fb2d5b1ede46686b0ec749ffba11f7aad66800c6bfb36cfe0c47386a,78fa9ad91bf72875d40de14e8ebd8e1be60643636f4bcd7bb90b27c30b9b1c78,CP-SCALE-AU-L002__gW1200_gE0680_s0150__knn__seed67.json
CP-SCALE-AU-L002__gW1200_gE0680_s0150,knn,71,1066761333794,1066761.333794,360,4,360.0104471221566,359.5487543410004,ok,True,97eed4ff2c5b4a84d1d1b8e9645e81fe0d40ff8e9fc4daac45e73da590f4615c,83f7114e04b2e92a302573bd579541efae62d59114cef080a372f30bf01faf4c,f5dbdfc6fb2d5b1ede46686b0ec749ffba11f7aad66800c6bfb36cfe0c47386a,9df6b3822c2a663e09c1153aec104c01ffbe400838ad3f05f244df96e98d47f1,CP-SCALE-AU-L002__gW1200_gE0680_s0150__knn__seed71.json
CP-SCALE-AU-L002__gW1200_gE0680_s0150,knn,73,1066417617527,1066417.617527,360,4,360.0162982977927,359.78601051999976,ok,True,97eed4ff2c5b4a84d1d1b8e9645e81fe0d40ff8e9fc4daac45e73da590f4615c,83f7114e04b2e92a302573bd579541efae62d59114cef080a372f30bf01faf4c,f5dbdfc6fb2d5b1ede46686b0ec749ffba11f7aad66800c6bfb36cfe0c47386a,6f712a07d30b2e0f40960a7b89aa5f02a52ec9b3acb5d2e4cf4530e48794b5b0,CP-SCALE-AU-L002__gW1200_gE0680_s0150__knn__seed73.json
CP-SCALE-AU-L002__gW1200_gE0680_s0150,knn,79,1066364963623,1066364.963623,360,4,360.0127095878124,359.740903318,ok,True,97eed4ff2c5b4a84d1d1b8e9645e81fe0d40ff8e9fc4daac45e73da590f4615c,83f7114e04b2e92a302573bd579541efae62d59114cef080a372f30bf01faf4c,f5dbdfc6fb2d5b1ede46686b0ec749ffba11f7aad66800c6bfb36cfe0c47386a,8f93d15206b63769ec2820ff018234ba9621a7cab0430e60d75ef03cc1ca690c,CP-SCALE-AU-L002__gW1200_gE0680_s0150__knn__seed79.json
CP-SCALE-AU-L002__gW1200_gE0680_s0150,knn,83,1066361055567,1066361.055567,360,4,360.0123402439058,359.99037794900005,ok,True,97eed4ff2c5b4a84d1d1b8e9645e81fe0d40ff8e9fc4daac45e73da590f4615c,83f7114e04b2e92a302573bd579541efae62d59114cef080a372f30bf01faf4c,f5dbdfc6fb2d5b1ede46686b0ec749ffba11f7aad66800c6bfb36cfe0c47386a,d03b4c172e993b5cd0e4a446f94c228b6a661ba94286fa7ea0bb4e76f8c27006,CP-SCALE-AU-L002__gW1200_gE0680_s0150__knn__seed83.json
CP-SCALE-AU-L002__g0340,linucb,67,1624333129352,1624333.129352,360,4,360.01281836256385,359.9990889419996,ok,True,f45451c354383da570944ddf0fc7898e9cd7056ac0ff54e97a2a2c4b69036697,83f7114e04b2e92a302573bd579541efae62d59114cef080a372f30bf01faf4c,f5dbdfc6fb2d5b1ede46686b0ec749ffba11f7aad66800c6bfb36cfe0c47386a,2fd2c51d6fc7012f3e11f970f939573cd565fc1a1cf43f503a40c7a38fa973e5,CP-SCALE-AU-L002__g0340__linucb__seed67.json
CP-SCALE-AU-L002__g0340,linucb,71,1626064247381,1626064.247381,360,4,360.0159048140049,359.99063897099995,ok,True,f45451c354383da570944ddf0fc7898e9cd7056ac0ff54e97a2a2c4b69036697,83f7114e04b2e92a302573bd579541efae62d59114cef080a372f30bf01faf4c,f5dbdfc6fb2d5b1ede46686b0ec749ffba11f7aad66800c6bfb36cfe0c47386a,e51dc982b0fc08dfa9f3bf80bba0229aedb33605b2878e7a30399be0b9956938,CP-SCALE-AU-L002__g0340__linucb__seed71.json
CP-SCALE-AU-L002__g0340,linucb,73,1625807144846,1625807.144846,360,4,360.0153797455132,359.94637543499994,ok,True,f45451c354383da570944ddf0fc7898e9cd7056ac0ff54e97a2a2c4b69036697,83f7114e04b2e92a302573bd579541efae62d59114cef080a372f30bf01faf4c,f5dbdfc6fb2d5b1ede46686b0ec749ffba11f7aad66800c6bfb36cfe0c47386a,ff011798a6a8e07f4bfb2ebdd35d80e6d962c211f00f93814976659d23298a6e,CP-SCALE-AU-L002__g0340__linucb__seed73.json
CP-SCALE-AU-L002__g0340,linucb,79,1626851944693,1626851.944693,360,4,360.0149846188724,360.02955543600024,ok,True,f45451c354383da570944ddf0fc7898e9cd7056ac0ff54e97a2a2c4b69036697,83f7114e04b2e92a302573bd579541efae62d59114cef080a372f30bf01faf4c,f5dbdfc6fb2d5b1ede46686b0ec749ffba11f7aad66800c6bfb36cfe0c47386a,bac0fc3e509a43394fe2d8f0ee46208226de09db117b25a495a669ad503f5178,CP-SCALE-AU-L002__g0340__linucb__seed79.json
CP-SCALE-AU-L002__g0340,linucb,83,1625998200026,1625998.200026,360,4,360.01557739824057,359.98710153999946,ok,True,f45451c354383da570944ddf0fc7898e9cd7056ac0ff54e97a2a2c4b69036697,83f7114e04b2e92a302573bd579541efae62d59114cef080a372f30bf01faf4c,f5dbdfc6fb2d5b1ede46686b0ec749ffba11f7aad66800c6bfb36cfe0c47386a,e224d456bc4d0da9e403669ce466b4efc68c560fb8d4f29fb48f667427fdbba9,CP-SCALE-AU-L002__g0340__linucb__seed83.json
CP-SCALE-AU-L002__g0680,linucb,67,1249631814114,1249631.814114,360,4,360.01150842383504,359.99541627100007,ok,True,00df7ab3f84b2c1c98462e6a24a6844edfbe3af85b434c40e44bf86efcce2a7b,83f7114e04b2e92a302573bd579541efae62d59114cef080a372f30bf01faf4c,f5dbdfc6fb2d5b1ede46686b0ec749ffba11f7aad66800c6bfb36cfe0c47386a,21471ec50f823a76d59c20d2d2711eb19f6ef025d1fa03a539d1d93824e3cfaf,CP-SCALE-AU-L002__g0680__linucb__seed67.json
CP-SCALE-AU-L002__g0680,linucb,71,1250028799889,1250028.799889,360,4,360.0106231495738,359.9871337450004,ok,True,00df7ab3f84b2c1c98462e6a24a6844edfbe3af85b434c40e44bf86efcce2a7b,83f7114e04b2e92a302573bd579541efae62d59114cef080a372f30bf01faf4c,f5dbdfc6fb2d5b1ede46686b0ec749ffba11f7aad66800c6bfb36cfe0c47386a,6379a0abe5c5cd92b939ccf997b1729551c220f77b1871dfd0bdb0c8802017b9,CP-SCALE-AU-L002__g0680__linucb__seed71.json
CP-SCALE-AU-L002__g0680,linucb,73,1249551747655,1249551.747655,360,4,360.0161705054343,359.9909284330006,ok,True,00df7ab3f84b2c1c98462e6a24a6844edfbe3af85b434c40e44bf86efcce2a7b,83f7114e04b2e92a302573bd579541efae62d59114cef080a372f30bf01faf4c,f5dbdfc6fb2d5b1ede46686b0ec749ffba11f7aad66800c6bfb36cfe0c47386a,3046b40478c0578f19b750db54acda27de8869eca38e647fc2d6e83b7cf4932e,CP-SCALE-AU-L002__g0680__linucb__seed73.json
CP-SCALE-AU-L002__g0680,linucb,79,1249167129979,1249167.129979,360,4,360.01295214518905,360.0054693760003,ok,True,00df7ab3f84b2c1c98462e6a24a6844edfbe3af85b434c40e44bf86efcce2a7b,83f7114e04b2e92a302573bd579541efae62d59114cef080a372f30bf01faf4c,f5dbdfc6fb2d5b1ede46686b0ec749ffba11f7aad66800c6bfb36cfe0c47386a,c16833eb63aa4eb3c6043837e0c74ebf443396a261d66fc5d7a84c87734b76c5,CP-SCALE-AU-L002__g0680__linucb__seed79.json
CP-SCALE-AU-L002__g0680,linucb,83,1249032792944,1249032.792944,360,4,360.0146606080234,359.9228618469997,ok,True,00df7ab3f84b2c1c98462e6a24a6844edfbe3af85b434c40e44bf86efcce2a7b,83f7114e04b2e92a302573bd579541efae62d59114cef080a372f30bf01faf4c,f5dbdfc6fb2d5b1ede46686b0ec749ffba11f7aad66800c6bfb36cfe0c47386a,628d4a3e6c59321b58db0a89dad79e8253b1f7442baf933efc5b4eea242ce216,CP-SCALE-AU-L002__g0680__linucb__seed83.json
CP-SCALE-AU-L002__g1200,linucb,67,883740305416,883740.305416,360,4,360.011598020792,359.96852149000006,ok,True,daaf6d54933abd24eb20b16c253177d674328b8555bf6b795088f76ab2e671b0,83f7114e04b2e92a302573bd579541efae62d59114cef080a372f30bf01faf4c,f5dbdfc6fb2d5b1ede46686b0ec749ffba11f7aad66800c6bfb36cfe0c47386a,43696cc3c418014a886e4e6e39e57d03197b1202eb359209f8e46430a177aad3,CP-SCALE-AU-L002__g1200__linucb__seed67.json
CP-SCALE-AU-L002__g1200,linucb,71,884782262621,884782.262621,360,4,360.0122480839491,360.00363932400023,ok,True,daaf6d54933abd24eb20b16c253177d674328b8555bf6b795088f76ab2e671b0,83f7114e04b2e92a302573bd579541efae62d59114cef080a372f30bf01faf4c,f5dbdfc6fb2d5b1ede46686b0ec749ffba11f7aad66800c6bfb36cfe0c47386a,077ce1f222914dc8c4781daa1fa1b53e6a605a9dd6937ede0f168e9c04dfd619,CP-SCALE-AU-L002__g1200__linucb__seed71.json
CP-SCALE-AU-L002__g1200,linucb,73,884804526229,884804.526229,360,4,360.01215993240476,360.0263024420001,ok,True,daaf6d54933abd24eb20b16c253177d674328b8555bf6b795088f76ab2e671b0,83f7114e04b2e92a302573bd579541efae62d59114cef080a372f30bf01faf4c,f5dbdfc6fb2d5b1ede46686b0ec749ffba11f7aad66800c6bfb36cfe0c47386a,3f8ed80474ae53cbce4ca50924b1938310c316b4d7051f56173c3df40294f206,CP-SCALE-AU-L002__g1200__linucb__seed73.json
CP-SCALE-AU-L002__g1200,linucb,79,883617276701,883617.276701,360,4,360.0118350498378,359.9991866520004,ok,True,daaf6d54933abd24eb20b16c253177d674328b8555bf6b795088f76ab2e671b0,83f7114e04b2e92a302573bd579541efae62d59114cef080a372f30bf01faf4c,f5dbdfc6fb2d5b1ede46686b0ec749ffba11f7aad66800c6bfb36cfe0c47386a,e420f13bc8ab7ee0acc598a655028dc884d15dbd465ffaa15b5e76c4335826ea,CP-SCALE-AU-L002__g1200__linucb__seed79.json
CP-SCALE-AU-L002__g1200,linucb,83,882790887250,882790.88725,360,4,360.01284121721983,359.99929187399994,ok,True,daaf6d54933abd24eb20b16c253177d674328b8555bf6b795088f76ab2e671b0,83f7114e04b2e92a302573bd579541efae62d59114cef080a372f30bf01faf4c,f5dbdfc6fb2d5b1ede46686b0ec749ffba11f7aad66800c6bfb36cfe0c47386a,9af53db56a7fcb8c58cf86b06bc6c76a6b968b9ab194b5a4aae82c4253b4375b,CP-SCALE-AU-L002__g1200__linucb__seed83.json
CP-SCALE-AU-L002__g1800,linucb,67,684134088864,684134.088864,360,4,360.01074808463454,360.0103466600003,ok,True,929df9f700cdd73c14aa1aed2a4b8ec88eb4dbaddb0252134dc68e9409a0829b,83f7114e04b2e92a302573bd579541efae62d59114cef080a372f30bf01faf4c,f5dbdfc6fb2d5b1ede46686b0ec749ffba11f7aad66800c6bfb36cfe0c47386a,dc1b33b175a15bfdf9a5b78cd6d1d483a65b7714e4ca44ff34a561e6746aa857,CP-SCALE-AU-L002__g1800__linucb__seed67.json
CP-SCALE-AU-L002__g1800,linucb,71,683474740076,683474.740076,360,4,360.01144026964903,359.99841869600004,ok,True,929df9f700cdd73c14aa1aed2a4b8ec88eb4dbaddb0252134dc68e9409a0829b,83f7114e04b2e92a302573bd579541efae62d59114cef080a372f30bf01faf4c,f5dbdfc6fb2d5b1ede46686b0ec749ffba11f7aad66800c6bfb36cfe0c47386a,f511d15262ffd793a4a406bb87ebe2d02a5d6c9cf2e82693da4da229b05743db,CP-SCALE-AU-L002__g1800__linucb__seed71.json
CP-SCALE-AU-L002__g1800,linucb,73,681844465746,681844.465746,360,4,360.0479856170714,359.998087256,ok,True,929df9f700cdd73c14aa1aed2a4b8ec88eb4dbaddb0252134dc68e9409a0829b,83f7114e04b2e92a302573bd579541efae62d59114cef080a372f30bf01faf4c,f5dbdfc6fb2d5b1ede46686b0ec749ffba11f7aad66800c6bfb36cfe0c47386a,daa8777c4304086616ac5a3773aa9fe053211caa33a26b52ded6c2e92583bf17,CP-SCALE-AU-L002__g1800__linucb__seed73.json
CP-SCALE-AU-L002__g1800,linucb,79,681902049825,681902.049825,360,4,360.0118125863373,359.834654495,ok,True,929df9f700cdd73c14aa1aed2a4b8ec88eb4dbaddb0252134dc68e9409a0829b,83f7114e04b2e92a302573bd579541efae62d59114cef080a372f30bf01faf4c,f5dbdfc6fb2d5b1ede46686b0ec749ffba11f7aad66800c6bfb36cfe0c47386a,deadee4f9680eac2a46ad227c666ce95a8d016b94ddf2322de006810fc7fa10b,CP-SCALE-AU-L002__g1800__linucb__seed79.json
CP-SCALE-AU-L002__g1800,linucb,83,683894474036,683894.474036,360,4,360.0495965331793,359.6972566210002,ok,True,929df9f700cdd73c14aa1aed2a4b8ec88eb4dbaddb0252134dc68e9409a0829b,83f7114e04b2e92a302573bd579541efae62d59114cef080a372f30bf01faf4c,f5dbdfc6fb2d5b1ede46686b0ec749ffba11f7aad66800c6bfb36cfe0c47386a,7846f169a914b412b9305fb9d207f47711628c9e807c880b43c8c2d5ae48b7d8,CP-SCALE-AU-L002__g1800__linucb__seed83.json
CP-SCALE-AU-L002__gW0340_gE1200_s0150,linucb,67,1261079038922,1261079.038922,360,4,360.0121317990124,360.0132946949998,ok,True,c19525c20997580aae8cc683586362d193926c2b0a5acb702c039bb37584a967,83f7114e04b2e92a302573bd579541efae62d59114cef080a372f30bf01faf4c,f5dbdfc6fb2d5b1ede46686b0ec749ffba11f7aad66800c6bfb36cfe0c47386a,7e41ceb6db14f03d313dbf0a02c765dad97c0b02db5f82eb2313d89df0928da4,CP-SCALE-AU-L002__gW0340_gE1200_s0150__linucb__seed67.json
CP-SCALE-AU-L002__gW0340_gE1200_s0150,linucb,71,1262088965497,1262088.965497,360,4,360.01107054948807,359.977051544,ok,True,c19525c20997580aae8cc683586362d193926c2b0a5acb702c039bb37584a967,83f7114e04b2e92a302573bd579541efae62d59114cef080a372f30bf01faf4c,f5dbdfc6fb2d5b1ede46686b0ec749ffba11f7aad66800c6bfb36cfe0c47386a,953803d0b1828eae6fc2b752b57f444464394c6505455a0df09c86bfbfb82b43,CP-SCALE-AU-L002__gW0340_gE1200_s0150__linucb__seed71.json
CP-SCALE-AU-L002__gW0340_gE1200_s0150,linucb,73,1262337859863,1262337.859863,360,4,360.0112267844379,360.00068009899996,ok,True,c19525c20997580aae8cc683586362d193926c2b0a5acb702c039bb37584a967,83f7114e04b2e92a302573bd579541efae62d59114cef080a372f30bf01faf4c,f5dbdfc6fb2d5b1ede46686b0ec749ffba11f7aad66800c6bfb36cfe0c47386a,44f8be0e12fff13c0bb1b28cf2863457a2488d9d053afac6636690a4ad2a77b4,CP-SCALE-AU-L002__gW0340_gE1200_s0150__linucb__seed73.json
CP-SCALE-AU-L002__gW0340_gE1200_s0150,linucb,79,1261315640330,1261315.64033,360,4,360.0116103924811,360.00415684400014,ok,True,c19525c20997580aae8cc683586362d193926c2b0a5acb702c039bb37584a967,83f7114e04b2e92a302573bd579541efae62d59114cef080a372f30bf01faf4c,f5dbdfc6fb2d5b1ede46686b0ec749ffba11f7aad66800c6bfb36cfe0c47386a,33349f09d8fde52f169bf2e75146b13e60bc758a932ad5a6350c8cf407d7cfb5,CP-SCALE-AU-L002__gW0340_gE1200_s0150__linucb__seed79.json
CP-SCALE-AU-L002__gW0340_gE1200_s0150,linucb,83,1260378794921,1260378.794921,360,4,360.0139053873718,360.00113601400005,ok,True,c19525c20997580aae8cc683586362d193926c2b0a5acb702c039bb37584a967,83f7114e04b2e92a302573bd579541efae62d59114cef080a372f30bf01faf4c,f5dbdfc6fb2d5b1ede46686b0ec749ffba11f7aad66800c6bfb36cfe0c47386a,a32cfcb8757ed5024eaedc195ca309f182e2a0077f5ea6ec0aa4e75e069d4d3d,CP-SCALE-AU-L002__gW0340_gE1200_s0150__linucb__seed83.json
CP-SCALE-AU-L002__gW0680_gE1200_s0150,linucb,67,1066506821864,1066506.821864,360,4,360.0125100277364,359.2519537420003,ok,True,76b3ce4a426bc2159d59d0c133f7d5e3b01cafc6f3edf2313428f26881023dd4,83f7114e04b2e92a302573bd579541efae62d59114cef080a372f30bf01faf4c,f5dbdfc6fb2d5b1ede46686b0ec749ffba11f7aad66800c6bfb36cfe0c47386a,81cb5bdc03d60da7268d2329e4c4bd2b4c6235edb516a6fb30a51e13b4d488f0,CP-SCALE-AU-L002__gW0680_gE1200_s0150__linucb__seed67.json
CP-SCALE-AU-L002__gW0680_gE1200_s0150,linucb,71,1066188359217,1066188.359217,360,4,360.01054676249623,360.0116704920001,ok,True,76b3ce4a426bc2159d59d0c133f7d5e3b01cafc6f3edf2313428f26881023dd4,83f7114e04b2e92a302573bd579541efae62d59114cef080a372f30bf01faf4c,f5dbdfc6fb2d5b1ede46686b0ec749ffba11f7aad66800c6bfb36cfe0c47386a,35d3104cd5277e42a8be3f433ab1673f00c9afad83bae1917e916616e0ed5b84,CP-SCALE-AU-L002__gW0680_gE1200_s0150__linucb__seed71.json
CP-SCALE-AU-L002__gW0680_gE1200_s0150,linucb,73,1069071135469,1069071.135469,360,4,360.01345974579453,359.94180913699984,ok,True,76b3ce4a426bc2159d59d0c133f7d5e3b01cafc6f3edf2313428f26881023dd4,83f7114e04b2e92a302573bd579541efae62d59114cef080a372f30bf01faf4c,f5dbdfc6fb2d5b1ede46686b0ec749ffba11f7aad66800c6bfb36cfe0c47386a,ac572d1ff0c90f165a4131386e5f86f5800e7561ba705cee6ace41bad18eb9c9,CP-SCALE-AU-L002__gW0680_gE1200_s0150__linucb__seed73.json
CP-SCALE-AU-L002__gW0680_gE1200_s0150,linucb,79,1066034183928,1066034.183928,360,4,360.0138563364744,359.9316159509999,ok,True,76b3ce4a426bc2159d59d0c133f7d5e3b01cafc6f3edf2313428f26881023dd4,83f7114e04b2e92a302573bd579541efae62d59114cef080a372f30bf01faf4c,f5dbdfc6fb2d5b1ede46686b0ec749ffba11f7aad66800c6bfb36cfe0c47386a,3c52ece82cb25a73a1e78208ca311e2a3003753d0b2a079e413bb734793bced7,CP-SCALE-AU-L002__gW0680_gE1200_s0150__linucb__seed79.json
CP-SCALE-AU-L002__gW0680_gE1200_s0150,linucb,83,1066771558196,1066771.558196,360,4,360.0135201998055,359.98920209900007,ok,True,76b3ce4a426bc2159d59d0c133f7d5e3b01cafc6f3edf2313428f26881023dd4,83f7114e04b2e92a302573bd579541efae62d59114cef080a372f30bf01faf4c,f5dbdfc6fb2d5b1ede46686b0ec749ffba11f7aad66800c6bfb36cfe0c47386a,a53d3e3d595983e6f872cf2d63bc6ffc029133185993940d9a487040a8464375,CP-SCALE-AU-L002__gW0680_gE1200_s0150__linucb__seed83.json
CP-SCALE-AU-L002__gW1200_gE0340_s0150,linucb,67,1262133771362,1262133.771362,360,4,360.015830617398,359.9936636779994,ok,True,68fd21ef61b7cfaa228bcc78aa122ab7ed1946dc1e9330e3ca3d0fbf6ff06af3,83f7114e04b2e92a302573bd579541efae62d59114cef080a372f30bf01faf4c,f5dbdfc6fb2d5b1ede46686b0ec749ffba11f7aad66800c6bfb36cfe0c47386a,b225a1f62abecf8ccdaaac8426fceb3e5e8c7a3725b8ab8705f32d42167ba476,CP-SCALE-AU-L002__gW1200_gE0340_s0150__linucb__seed67.json
CP-SCALE-AU-L002__gW1200_gE0340_s0150,linucb,71,1262184366289,1262184.366289,360,4,360.0103826634586,359.98949811800003,ok,True,68fd21ef61b7cfaa228bcc78aa122ab7ed1946dc1e9330e3ca3d0fbf6ff06af3,83f7114e04b2e92a302573bd579541efae62d59114cef080a372f30bf01faf4c,f5dbdfc6fb2d5b1ede46686b0ec749ffba11f7aad66800c6bfb36cfe0c47386a,aec7f86bc3f8bace2aa68148c133d2ef5b7419f7195223d581ac57b1566f0430,CP-SCALE-AU-L002__gW1200_gE0340_s0150__linucb__seed71.json
CP-SCALE-AU-L002__gW1200_gE0340_s0150,linucb,73,1263551548349,1263551.548349,360,4,360.0126564130187,359.9878358010001,ok,True,68fd21ef61b7cfaa228bcc78aa122ab7ed1946dc1e9330e3ca3d0fbf6ff06af3,83f7114e04b2e92a302573bd579541efae62d59114cef080a372f30bf01faf4c,f5dbdfc6fb2d5b1ede46686b0ec749ffba11f7aad66800c6bfb36cfe0c47386a,d536de4908c4114ca83f8aa4ceaf6e9347499ce2a744da8a9fd099c6baef762c,CP-SCALE-AU-L002__gW1200_gE0340_s0150__linucb__seed73.json
CP-SCALE-AU-L002__gW1200_gE0340_s0150,linucb,79,1261777497311,1261777.497311,360,4,360.01221149787307,359.98773535400005,ok,True,68fd21ef61b7cfaa228bcc78aa122ab7ed1946dc1e9330e3ca3d0fbf6ff06af3,83f7114e04b2e92a302573bd579541efae62d59114cef080a372f30bf01faf4c,f5dbdfc6fb2d5b1ede46686b0ec749ffba11f7aad66800c6bfb36cfe0c47386a,ec5f371dbf902f77bb8f2f5fe334d1356e17af225fc2bbf20b61e8af1545ed4f,CP-SCALE-AU-L002__gW1200_gE0340_s0150__linucb__seed79.json
CP-SCALE-AU-L002__gW1200_gE0340_s0150,linucb,83,1262434989293,1262434.989293,360,4,360.04802376776934,359.92036229499996,ok,True,68fd21ef61b7cfaa228bcc78aa122ab7ed1946dc1e9330e3ca3d0fbf6ff06af3,83f7114e04b2e92a302573bd579541efae62d59114cef080a372f30bf01faf4c,f5dbdfc6fb2d5b1ede46686b0ec749ffba11f7aad66800c6bfb36cfe0c47386a,70e4b3b8388a5fc465be9afbb72aa720155be84e7577c5048046cdcadd875c29,CP-SCALE-AU-L002__gW1200_gE0340_s0150__linucb__seed83.json
CP-SCALE-AU-L002__gW1200_gE0680_s0150,linucb,67,1068285909825,1068285.909825,360,4,360.01411613076925,359.97026482099955,ok,True,97eed4ff2c5b4a84d1d1b8e9645e81fe0d40ff8e9fc4daac45e73da590f4615c,83f7114e04b2e92a302573bd579541efae62d59114cef080a372f30bf01faf4c,f5dbdfc6fb2d5b1ede46686b0ec749ffba11f7aad66800c6bfb36cfe0c47386a,81931a557be4f1c4c494ca8b896bc2293c39fe11f66eeba99dbfdf170a9d23ec,CP-SCALE-AU-L002__gW1200_gE0680_s0150__linucb__seed67.json
CP-SCALE-AU-L002__gW1200_gE0680_s0150,linucb,71,1066769581135,1066769.581135,360,4,360.0117232874036,359.7922860079998,ok,True,97eed4ff2c5b4a84d1d1b8e9645e81fe0d40ff8e9fc4daac45e73da590f4615c,83f7114e04b2e92a302573bd579541efae62d59114cef080a372f30bf01faf4c,f5dbdfc6fb2d5b1ede46686b0ec749ffba11f7aad66800c6bfb36cfe0c47386a,5d12aab0ddf15abd70842c0d79c05f559da9bc2e74046b8d7d52f18260769337,CP-SCALE-AU-L002__gW1200_gE0680_s0150__linucb__seed71.json
CP-SCALE-AU-L002__gW1200_gE0680_s0150,linucb,73,1066903649599,1066903.649599,360,4,360.0117322951555,359.95431258700046,ok,True,97eed4ff2c5b4a84d1d1b8e9645e81fe0d40ff8e9fc4daac45e73da590f4615c,83f7114e04b2e92a302573bd579541efae62d59114cef080a372f30bf01faf4c,f5dbdfc6fb2d5b1ede46686b0ec749ffba11f7aad66800c6bfb36cfe0c47386a,b15856022bf419338ddf39d1a8fda84db2c7ff0c94dca255fe690330b3246e61,CP-SCALE-AU-L002__gW1200_gE0680_s0150__linucb__seed73.json
CP-SCALE-AU-L002__gW1200_gE0680_s0150,linucb,79,1065945707817,1065945.707817,360,4,360.0128651894629,359.910820649,ok,True,97eed4ff2c5b4a84d1d1b8e9645e81fe0d40ff8e9fc4daac45e73da590f4615c,83f7114e04b2e92a302573bd579541efae62d59114cef080a372f30bf01faf4c,f5dbdfc6fb2d5b1ede46686b0ec749ffba11f7aad66800c6bfb36cfe0c47386a,6fc56ef08954e364969532f13d77fb745eb4f7e3f251c177152dcdb0dd923225,CP-SCALE-AU-L002__gW1200_gE0680_s0150__linucb__seed79.json
CP-SCALE-AU-L002__gW1200_gE0680_s0150,linucb,83,1067304324489,1067304.324489,360,4,360.0125622674823,359.9655825939999,ok,True,97eed4ff2c5b4a84d1d1b8e9645e81fe0d40ff8e9fc4daac45e73da590f4615c,83f7114e04b2e92a302573bd579541efae62d59114cef080a372f30bf01faf4c,f5dbdfc6fb2d5b1ede46686b0ec749ffba11f7aad66800c6bfb36cfe0c47386a,8d67c6877f5b59bdc5a22179566fa79bcfb15ca7c913087a4f53ba1715c1b8c0,CP-SCALE-AU-L002__gW1200_gE0680_s0150__linucb__seed83.json
CP-SCALE-AU-L002__g0340,rule,67,1625424537595,1625424.537595,360,4,360.0144072063267,359.87217156,ok,True,f45451c354383da570944ddf0fc7898e9cd7056ac0ff54e97a2a2c4b69036697,83f7114e04b2e92a302573bd579541efae62d59114cef080a372f30bf01faf4c,f5dbdfc6fb2d5b1ede46686b0ec749ffba11f7aad66800c6bfb36cfe0c47386a,a220cf8ff33478a3198d5bbf4d7f3934f48197c38801e84e8042b0590d0ec574,CP-SCALE-AU-L002__g0340__rule__seed67.json
CP-SCALE-AU-L002__g0340,rule,71,1625411081224,1625411.081224,360,4,360.0303909443319,360.00042056799975,ok,True,f45451c354383da570944ddf0fc7898e9cd7056ac0ff54e97a2a2c4b69036697,83f7114e04b2e92a302573bd579541efae62d59114cef080a372f30bf01faf4c,f5dbdfc6fb2d5b1ede46686b0ec749ffba11f7aad66800c6bfb36cfe0c47386a,470d734882cc0b6cc29d425c53b168079101459d60d948d821988497eaf57f23,CP-SCALE-AU-L002__g0340__rule__seed71.json
CP-SCALE-AU-L002__g0340,rule,73,1624641417479,1624641.417479,360,4,360.0142488107085,359.99037913899997,ok,True,f45451c354383da570944ddf0fc7898e9cd7056ac0ff54e97a2a2c4b69036697,83f7114e04b2e92a302573bd579541efae62d59114cef080a372f30bf01faf4c,f5dbdfc6fb2d5b1ede46686b0ec749ffba11f7aad66800c6bfb36cfe0c47386a,050a53661dbef71ae048bd5400232765dd62b82294e5c59924b68d67366f55e3,CP-SCALE-AU-L002__g0340__rule__seed73.json
CP-SCALE-AU-L002__g0340,rule,79,1625021897868,1625021.897868,360,4,360.0149760507047,360.00251576899973,ok,True,f45451c354383da570944ddf0fc7898e9cd7056ac0ff54e97a2a2c4b69036697,83f7114e04b2e92a302573bd579541efae62d59114cef080a372f30bf01faf4c,f5dbdfc6fb2d5b1ede46686b0ec749ffba11f7aad66800c6bfb36cfe0c47386a,81d5e8d19907b419ba6694cc0c0370dde46ce3f6d1471577c133b361b68b891d,CP-SCALE-AU-L002__g0340__rule__seed79.json
CP-SCALE-AU-L002__g0340,rule,83,1625777037427,1625777.037427,360,4,360.01397823542356,360.00078375999965,ok,True,f45451c354383da570944ddf0fc7898e9cd7056ac0ff54e97a2a2c4b69036697,83f7114e04b2e92a302573bd579541efae62d59114cef080a372f30bf01faf4c,f5dbdfc6fb2d5b1ede46686b0ec749ffba11f7aad66800c6bfb36cfe0c47386a,b1f80f3fea16f0226012ed70e5962cec2ed14706c457f7cc0653a560565a2f2a,CP-SCALE-AU-L002__g0340__rule__seed83.json
CP-SCALE-AU-L002__g0680,rule,67,1249861826600,1249861.8266,360,4,360.01193671673536,359.99750879400005,ok,True,00df7ab3f84b2c1c98462e6a24a6844edfbe3af85b434c40e44bf86efcce2a7b,83f7114e04b2e92a302573bd579541efae62d59114cef080a372f30bf01faf4c,f5dbdfc6fb2d5b1ede46686b0ec749ffba11f7aad66800c6bfb36cfe0c47386a,42c141ccd0b8468cac70097d468a9c9a087cf30163c947644ffa1b1a4a90d08f,CP-SCALE-AU-L002__g0680__rule__seed67.json
CP-SCALE-AU-L002__g0680,rule,71,1249202602907,1249202.602907,360,4,360.01610064134,359.9792903529999,ok,True,00df7ab3f84b2c1c98462e6a24a6844edfbe3af85b434c40e44bf86efcce2a7b,83f7114e04b2e92a302573bd579541efae62d59114cef080a372f30bf01faf4c,f5dbdfc6fb2d5b1ede46686b0ec749ffba11f7aad66800c6bfb36cfe0c47386a,84bdccb8f9c9188f7a91587e6f01316d6a3cc545f3b86b6bb688cc7124d38cac,CP-SCALE-AU-L002__g0680__rule__seed71.json
CP-SCALE-AU-L002__g0680,rule,73,1249066474829,1249066.474829,360,4,360.0130165629089,360.00405666200004,ok,True,00df7ab3f84b2c1c98462e6a24a6844edfbe3af85b434c40e44bf86efcce2a7b,83f7114e04b2e92a302573bd579541efae62d59114cef080a372f30bf01faf4c,f5dbdfc6fb2d5b1ede46686b0ec749ffba11f7aad66800c6bfb36cfe0c47386a,a113a147a05b3bd9a620320792ed972e9cbd6ebca10489ea2ac2481eb038e901,CP-SCALE-AU-L002__g0680__rule__seed73.json
CP-SCALE-AU-L002__g0680,rule,79,1249250824462,1249250.824462,360,4,360.01256320625544,359.95496789200024,ok,True,00df7ab3f84b2c1c98462e6a24a6844edfbe3af85b434c40e44bf86efcce2a7b,83f7114e04b2e92a302573bd579541efae62d59114cef080a372f30bf01faf4c,f5dbdfc6fb2d5b1ede46686b0ec749ffba11f7aad66800c6bfb36cfe0c47386a,f0aa7237a075212486117a1c13218d2a0db1ed360b8e4397dc2c4f7bad2c85e8,CP-SCALE-AU-L002__g0680__rule__seed79.json
CP-SCALE-AU-L002__g0680,rule,83,1248859076183,1248859.076183,360,4,360.0106761865318,359.93061484300006,ok,True,00df7ab3f84b2c1c98462e6a24a6844edfbe3af85b434c40e44bf86efcce2a7b,83f7114e04b2e92a302573bd579541efae62d59114cef080a372f30bf01faf4c,f5dbdfc6fb2d5b1ede46686b0ec749ffba11f7aad66800c6bfb36cfe0c47386a,af2be5ab811d8ed7a14b8a658c2d8d1ffc86eaf0a83149c848cec252d21dc701,CP-SCALE-AU-L002__g0680__rule__seed83.json
CP-SCALE-AU-L002__g1200,rule,67,883053006483,883053.006483,360,4,360.0235713161528,359.9908949239998,ok,True,daaf6d54933abd24eb20b16c253177d674328b8555bf6b795088f76ab2e671b0,83f7114e04b2e92a302573bd579541efae62d59114cef080a372f30bf01faf4c,f5dbdfc6fb2d5b1ede46686b0ec749ffba11f7aad66800c6bfb36cfe0c47386a,137e6e72eca1d152bbf259aa89c0ab6ec8cbeef538723a9035e6c545af32a449,CP-SCALE-AU-L002__g1200__rule__seed67.json
CP-SCALE-AU-L002__g1200,rule,71,884048095762,884048.095762,360,4,360.0113962441683,360.01535161899983,ok,True,daaf6d54933abd24eb20b16c253177d674328b8555bf6b795088f76ab2e671b0,83f7114e04b2e92a302573bd579541efae62d59114cef080a372f30bf01faf4c,f5dbdfc6fb2d5b1ede46686b0ec749ffba11f7aad66800c6bfb36cfe0c47386a,ec50148adc69b6538f493b457f3e98945903b219731a00707d8c2c4d316b6e9d,CP-SCALE-AU-L002__g1200__rule__seed71.json
CP-SCALE-AU-L002__g1200,rule,73,885516535848,885516.535848,360,4,360.0142053030431,360.00697132100004,ok,True,daaf6d54933abd24eb20b16c253177d674328b8555bf6b795088f76ab2e671b0,83f7114e04b2e92a302573bd579541efae62d59114cef080a372f30bf01faf4c,f5dbdfc6fb2d5b1ede46686b0ec749ffba11f7aad66800c6bfb36cfe0c47386a,d8d4b0a7b159a0333cf9032d698f23766fb62019c60a31f748420ab8b465bd65,CP-SCALE-AU-L002__g1200__rule__seed73.json
CP-SCALE-AU-L002__g1200,rule,79,883046981520,883046.98152,360,4,360.0128579288721,359.985711951,ok,True,daaf6d54933abd24eb20b16c253177d674328b8555bf6b795088f76ab2e671b0,83f7114e04b2e92a302573bd579541efae62d59114cef080a372f30bf01faf4c,f5dbdfc6fb2d5b1ede46686b0ec749ffba11f7aad66800c6bfb36cfe0c47386a,9b47eb38bdfabfaffb4023d746314c13d58000537ae0c282cea439fad1a6c4b6,CP-SCALE-AU-L002__g1200__rule__seed79.json
CP-SCALE-AU-L002__g1200,rule,83,882806735969,882806.735969,360,4,360.0128473639488,360.00523134,ok,True,daaf6d54933abd24eb20b16c253177d674328b8555bf6b795088f76ab2e671b0,83f7114e04b2e92a302573bd579541efae62d59114cef080a372f30bf01faf4c,f5dbdfc6fb2d5b1ede46686b0ec749ffba11f7aad66800c6bfb36cfe0c47386a,d8cda76956a2192afe67cc998a48bca1264a65df182f23e595cf1eba048946d5,CP-SCALE-AU-L002__g1200__rule__seed83.json
CP-SCALE-AU-L002__g1800,rule,67,683183515746,683183.515746,360,4,360.0102703794837,359.76746963100004,ok,True,929df9f700cdd73c14aa1aed2a4b8ec88eb4dbaddb0252134dc68e9409a0829b,83f7114e04b2e92a302573bd579541efae62d59114cef080a372f30bf01faf4c,f5dbdfc6fb2d5b1ede46686b0ec749ffba11f7aad66800c6bfb36cfe0c47386a,d94cd52611286ae9cc1973b8d9a23a8818060e82e851dad936579da48b97c8b8,CP-SCALE-AU-L002__g1800__rule__seed67.json
CP-SCALE-AU-L002__g1800,rule,71,682514759773,682514.759773,360,4,360.0468887761235,360.00264238700004,ok,True,929df9f700cdd73c14aa1aed2a4b8ec88eb4dbaddb0252134dc68e9409a0829b,83f7114e04b2e92a302573bd579541efae62d59114cef080a372f30bf01faf4c,f5dbdfc6fb2d5b1ede46686b0ec749ffba11f7aad66800c6bfb36cfe0c47386a,c164107d26e31b87685e646159f2de8f588c2c7ba5e2d2514ad181fa3a9cf1fe,CP-SCALE-AU-L002__g1800__rule__seed71.json
CP-SCALE-AU-L002__g1800,rule,73,681943050288,681943.050288,360,4,360.01214998960495,359.9099930020002,ok,True,929df9f700cdd73c14aa1aed2a4b8ec88eb4dbaddb0252134dc68e9409a0829b,83f7114e04b2e92a302573bd579541efae62d59114cef080a372f30bf01faf4c,f5dbdfc6fb2d5b1ede46686b0ec749ffba11f7aad66800c6bfb36cfe0c47386a,02b2429c509cbe0f1ca8e25d13c8e13bf70e9fed26366b0b0c31ed9a6e7b692c,CP-SCALE-AU-L002__g1800__rule__seed73.json
CP-SCALE-AU-L002__g1800,rule,79,681140286025,681140.286025,360,4,360.0087714679539,359.742848186,ok,True,929df9f700cdd73c14aa1aed2a4b8ec88eb4dbaddb0252134dc68e9409a0829b,83f7114e04b2e92a302573bd579541efae62d59114cef080a372f30bf01faf4c,f5dbdfc6fb2d5b1ede46686b0ec749ffba11f7aad66800c6bfb36cfe0c47386a,6633f812e44baac64d73d6e21d7cdd2762f784f573b794376ece215aff97a02c,CP-SCALE-AU-L002__g1800__rule__seed79.json
CP-SCALE-AU-L002__g1800,rule,83,681271734042,681271.734042,360,4,360.0086943656206,360.034597951,ok,True,929df9f700cdd73c14aa1aed2a4b8ec88eb4dbaddb0252134dc68e9409a0829b,83f7114e04b2e92a302573bd579541efae62d59114cef080a372f30bf01faf4c,f5dbdfc6fb2d5b1ede46686b0ec749ffba11f7aad66800c6bfb36cfe0c47386a,2451559f81b8b2779df00666b23ff37bd8e51465eb34ff5e9b5df1e48d149dca,CP-SCALE-AU-L002__g1800__rule__seed83.json
CP-SCALE-AU-L002__gW0340_gE1200_s0150,rule,67,1261416413051,1261416.413051,360,4,360.01393012702465,359.979730982,ok,True,c19525c20997580aae8cc683586362d193926c2b0a5acb702c039bb37584a967,83f7114e04b2e92a302573bd579541efae62d59114cef080a372f30bf01faf4c,f5dbdfc6fb2d5b1ede46686b0ec749ffba11f7aad66800c6bfb36cfe0c47386a,8cd84f2e88aea2fb852c83904531e708f27aeeb584de0677a08a8845e4df0bc1,CP-SCALE-AU-L002__gW0340_gE1200_s0150__rule__seed67.json
CP-SCALE-AU-L002__gW0340_gE1200_s0150,rule,71,1261531983552,1261531.983552,360,4,360.010347686708,360.0101462699995,ok,True,c19525c20997580aae8cc683586362d193926c2b0a5acb702c039bb37584a967,83f7114e04b2e92a302573bd579541efae62d59114cef080a372f30bf01faf4c,f5dbdfc6fb2d5b1ede46686b0ec749ffba11f7aad66800c6bfb36cfe0c47386a,5edc554aac3e3e1f29421deb2758237a0e0e609a4d83493ee600c95de78ad3fc,CP-SCALE-AU-L002__gW0340_gE1200_s0150__rule__seed71.json
CP-SCALE-AU-L002__gW0340_gE1200_s0150,rule,73,1260798083172,1260798.083172,360,4,360.0324546918273,359.4452647150001,ok,True,c19525c20997580aae8cc683586362d193926c2b0a5acb702c039bb37584a967,83f7114e04b2e92a302573bd579541efae62d59114cef080a372f30bf01faf4c,f5dbdfc6fb2d5b1ede46686b0ec749ffba11f7aad66800c6bfb36cfe0c47386a,3d3ad572d8e70f5fe88c566f1b2711c31f750a61846eb20d56cdf46d3aea4b45,CP-SCALE-AU-L002__gW0340_gE1200_s0150__rule__seed73.json
CP-SCALE-AU-L002__gW0340_gE1200_s0150,rule,79,1261642041171,1261642.041171,360,4,360.01281897723675,360.01405495100016,ok,True,c19525c20997580aae8cc683586362d193926c2b0a5acb702c039bb37584a967,83f7114e04b2e92a302573bd579541efae62d59114cef080a372f30bf01faf4c,f5dbdfc6fb2d5b1ede46686b0ec749ffba11f7aad66800c6bfb36cfe0c47386a,a36df92fd504fbe68680762ed50dd9a17ec828aadf24493dfa83c91f69191e68,CP-SCALE-AU-L002__gW0340_gE1200_s0150__rule__seed79.json
CP-SCALE-AU-L002__gW0340_gE1200_s0150,rule,83,1260516586141,1260516.586141,360,4,360.0136927962303,360.00581260499996,ok,True,c19525c20997580aae8cc683586362d193926c2b0a5acb702c039bb37584a967,83f7114e04b2e92a302573bd579541efae62d59114cef080a372f30bf01faf4c,f5dbdfc6fb2d5b1ede46686b0ec749ffba11f7aad66800c6bfb36cfe0c47386a,549a4298fe861c2f14581e5b6747427100383a35a61f8b2e928dae16a49eff1d,CP-SCALE-AU-L002__gW0340_gE1200_s0150__rule__seed83.json
CP-SCALE-AU-L002__gW0680_gE1200_s0150,rule,67,1066966382294,1066966.382294,360,4,360.0141116902232,360.028300403,ok,True,76b3ce4a426bc2159d59d0c133f7d5e3b01cafc6f3edf2313428f26881023dd4,83f7114e04b2e92a302573bd579541efae62d59114cef080a372f30bf01faf4c,f5dbdfc6fb2d5b1ede46686b0ec749ffba11f7aad66800c6bfb36cfe0c47386a,edad1994caaff0e2e2784b42225367b68da8172d2b56b6d9e9916b2aa5495360,CP-SCALE-AU-L002__gW0680_gE1200_s0150__rule__seed67.json
CP-SCALE-AU-L002__gW0680_gE1200_s0150,rule,71,1066827013524,1066827.013524,360,4,360.0138896740973,359.803893452,ok,True,76b3ce4a426bc2159d59d0c133f7d5e3b01cafc6f3edf2313428f26881023dd4,83f7114e04b2e92a302573bd579541efae62d59114cef080a372f30bf01faf4c,f5dbdfc6fb2d5b1ede46686b0ec749ffba11f7aad66800c6bfb36cfe0c47386a,8892ccf8b4a8943596285fc81e84604f2bc62750f1c1dfb9dd49ceee66f7f4f6,CP-SCALE-AU-L002__gW0680_gE1200_s0150__rule__seed71.json
CP-SCALE-AU-L002__gW0680_gE1200_s0150,rule,73,1067717228479,1067717.228479,360,4,360.0132891535759,360.0008997320001,ok,True,76b3ce4a426bc2159d59d0c133f7d5e3b01cafc6f3edf2313428f26881023dd4,83f7114e04b2e92a302573bd579541efae62d59114cef080a372f30bf01faf4c,f5dbdfc6fb2d5b1ede46686b0ec749ffba11f7aad66800c6bfb36cfe0c47386a,f185b9d84c9cdfebbd2c2fcafedcca9f74e095ca7fd10c92531b9d9b6cb22559,CP-SCALE-AU-L002__gW0680_gE1200_s0150__rule__seed73.json
CP-SCALE-AU-L002__gW0680_gE1200_s0150,rule,79,1067911022928,1067911.022928,360,4,360.0131641589105,359.8731595010004,ok,True,76b3ce4a426bc2159d59d0c133f7d5e3b01cafc6f3edf2313428f26881023dd4,83f7114e04b2e92a302573bd579541efae62d59114cef080a372f30bf01faf4c,f5dbdfc6fb2d5b1ede46686b0ec749ffba11f7aad66800c6bfb36cfe0c47386a,668163d596a7f2d06728f21e029df5292dbeb150b26f4eca16e02f2af95cf0e3,CP-SCALE-AU-L002__gW0680_gE1200_s0150__rule__seed79.json
CP-SCALE-AU-L002__gW0680_gE1200_s0150,rule,83,1066881008951,1066881.008951,360,4,360.04331425204873,359.3580730040003,ok,True,76b3ce4a426bc2159d59d0c133f7d5e3b01cafc6f3edf2313428f26881023dd4,83f7114e04b2e92a302573bd579541efae62d59114cef080a372f30bf01faf4c,f5dbdfc6fb2d5b1ede46686b0ec749ffba11f7aad66800c6bfb36cfe0c47386a,70dc11abc880436fba93696d756c904e388ba923b45cd59d2fb77f189131cb6a,CP-SCALE-AU-L002__gW0680_gE1200_s0150__rule__seed83.json
CP-SCALE-AU-L002__gW1200_gE0340_s0150,rule,67,1262234501400,1262234.5014,360,4,360.01229167729616,360.0055333930002,ok,True,68fd21ef61b7cfaa228bcc78aa122ab7ed1946dc1e9330e3ca3d0fbf6ff06af3,83f7114e04b2e92a302573bd579541efae62d59114cef080a372f30bf01faf4c,f5dbdfc6fb2d5b1ede46686b0ec749ffba11f7aad66800c6bfb36cfe0c47386a,cd1b962d2b87a7fefcd3023d84695fabe80a85d306876f49e61404dbc49fbda4,CP-SCALE-AU-L002__gW1200_gE0340_s0150__rule__seed67.json
CP-SCALE-AU-L002__gW1200_gE0340_s0150,rule,71,1260905730947,1260905.730947,360,4,360.0497534163296,359.95589675699995,ok,True,68fd21ef61b7cfaa228bcc78aa122ab7ed1946dc1e9330e3ca3d0fbf6ff06af3,83f7114e04b2e92a302573bd579541efae62d59114cef080a372f30bf01faf4c,f5dbdfc6fb2d5b1ede46686b0ec749ffba11f7aad66800c6bfb36cfe0c47386a,ed6097cc3664b4c59964df5324eba8742f082b4e8b0ae54c21437668366315d1,CP-SCALE-AU-L002__gW1200_gE0340_s0150__rule__seed71.json
CP-SCALE-AU-L002__gW1200_gE0340_s0150,rule,73,1263279751741,1263279.751741,360,4,360.013135753572,359.88849660100004,ok,True,68fd21ef61b7cfaa228bcc78aa122ab7ed1946dc1e9330e3ca3d0fbf6ff06af3,83f7114e04b2e92a302573bd579541efae62d59114cef080a372f30bf01faf4c,f5dbdfc6fb2d5b1ede46686b0ec749ffba11f7aad66800c6bfb36cfe0c47386a,21648c72186d77744c6b66b833ed6c6aaa524b829c07d07e3be6f0c07bd9fbf5,CP-SCALE-AU-L002__gW1200_gE0340_s0150__rule__seed73.json
CP-SCALE-AU-L002__gW1200_gE0340_s0150,rule,79,1261089034797,1261089.034797,360,4,360.0188455209136,359.9340513039999,ok,True,68fd21ef61b7cfaa228bcc78aa122ab7ed1946dc1e9330e3ca3d0fbf6ff06af3,83f7114e04b2e92a302573bd579541efae62d59114cef080a372f30bf01faf4c,f5dbdfc6fb2d5b1ede46686b0ec749ffba11f7aad66800c6bfb36cfe0c47386a,cf45ad1e8cdeeb0113c267b0a57adec7e586b5843324210620557380ebc8a286,CP-SCALE-AU-L002__gW1200_gE0340_s0150__rule__seed79.json
CP-SCALE-AU-L002__gW1200_gE0340_s0150,rule,83,1261421065167,1261421.065167,360,4,360.01295809447765,360.0128449999993,ok,True,68fd21ef61b7cfaa228bcc78aa122ab7ed1946dc1e9330e3ca3d0fbf6ff06af3,83f7114e04b2e92a302573bd579541efae62d59114cef080a372f30bf01faf4c,f5dbdfc6fb2d5b1ede46686b0ec749ffba11f7aad66800c6bfb36cfe0c47386a,a96a87610d7bea9efdab4484b1fd7ea4c57c11804ed28298cbbcbe9cbdb3fb5f,CP-SCALE-AU-L002__gW1200_gE0340_s0150__rule__seed83.json
CP-SCALE-AU-L002__gW1200_gE0680_s0150,rule,67,1067543900451,1067543.900451,360,4,360.04227045178413,359.48728664300006,ok,True,97eed4ff2c5b4a84d1d1b8e9645e81fe0d40ff8e9fc4daac45e73da590f4615c,83f7114e04b2e92a302573bd579541efae62d59114cef080a372f30bf01faf4c,f5dbdfc6fb2d5b1ede46686b0ec749ffba11f7aad66800c6bfb36cfe0c47386a,26b2f30841b06eccbbd19d0576bbb6bd2363be9c6ced429ffd5dc3d08e2c920d,CP-SCALE-AU-L002__gW1200_gE0680_s0150__rule__seed67.json
CP-SCALE-AU-L002__gW1200_gE0680_s0150,rule,71,1067307572504,1067307.572504,360,4,360.0123267658055,359.8202202099992,ok,True,97eed4ff2c5b4a84d1d1b8e9645e81fe0d40ff8e9fc4daac45e73da590f4615c,83f7114e04b2e92a302573bd579541efae62d59114cef080a372f30bf01faf4c,f5dbdfc6fb2d5b1ede46686b0ec749ffba11f7aad66800c6bfb36cfe0c47386a,07c10e464ab01f80a36b7f6cffe751778447e86e544a401eb88c608879eb263a,CP-SCALE-AU-L002__gW1200_gE0680_s0150__rule__seed71.json
CP-SCALE-AU-L002__gW1200_gE0680_s0150,rule,73,1065946746684,1065946.746684,360,4,360.0126981437206,359.9090267209999,ok,True,97eed4ff2c5b4a84d1d1b8e9645e81fe0d40ff8e9fc4daac45e73da590f4615c,83f7114e04b2e92a302573bd579541efae62d59114cef080a372f30bf01faf4c,f5dbdfc6fb2d5b1ede46686b0ec749ffba11f7aad66800c6bfb36cfe0c47386a,a1eea50737972e35535e026ab5e97ee1820642bd17a701f640bcade3a8c191ae,CP-SCALE-AU-L002__gW1200_gE0680_s0150__rule__seed73.json
CP-SCALE-AU-L002__gW1200_gE0680_s0150,rule,79,1067278442898,1067278.442898,360,4,360.0159085094929,359.9788839740004,ok,True,97eed4ff2c5b4a84d1d1b8e9645e81fe0d40ff8e9fc4daac45e73da590f4615c,83f7114e04b2e92a302573bd579541efae62d59114cef080a372f30bf01faf4c,f5dbdfc6fb2d5b1ede46686b0ec749ffba11f7aad66800c6bfb36cfe0c47386a,791214547cc0b8e947b62fa634a33a797a5fa9cff2e010dca2387b0761853fef,CP-SCALE-AU-L002__gW1200_gE0680_s0150__rule__seed79.json
CP-SCALE-AU-L002__gW1200_gE0680_s0150,rule,83,1066705794236,1066705.794236,360,4,360.0110518671572,360.0015168530008,ok,True,97eed4ff2c5b4a84d1d1b8e9645e81fe0d40ff8e9fc4daac45e73da590f4615c,83f7114e04b2e92a302573bd579541efae62d59114cef080a372f30bf01faf4c,f5dbdfc6fb2d5b1ede46686b0ec749ffba11f7aad66800c6bfb36cfe0c47386a,3411c29ec1cf5f8377ae056f18fc458eb6fec19ec80f1764b84f3887dabb3a0a,CP-SCALE-AU-L002__gW1200_gE0680_s0150__rule__seed83.json
CP-SCALE-AU-L002__g0340,static,67,1625128174688,1625128.174688,360,4,360.01368625462055,359.80913633499995,ok,True,f45451c354383da570944ddf0fc7898e9cd7056ac0ff54e97a2a2c4b69036697,83f7114e04b2e92a302573bd579541efae62d59114cef080a372f30bf01faf4c,f5dbdfc6fb2d5b1ede46686b0ec749ffba11f7aad66800c6bfb36cfe0c47386a,9337d66eebf4ddf14fa06b1ed8aaac5871e07c8e0a3d6388d4693953d3acfca5,CP-SCALE-AU-L002__g0340__static__seed67.json
CP-SCALE-AU-L002__g0340,static,71,1625811668251,1625811.668251,360,4,360.02143812179565,360.00716830300007,ok,True,f45451c354383da570944ddf0fc7898e9cd7056ac0ff54e97a2a2c4b69036697,83f7114e04b2e92a302573bd579541efae62d59114cef080a372f30bf01faf4c,f5dbdfc6fb2d5b1ede46686b0ec749ffba11f7aad66800c6bfb36cfe0c47386a,52670acd9f535243e71511eec6b372fe9e5a01c577938c8946711e941c18ce9f,CP-SCALE-AU-L002__g0340__static__seed71.json
CP-SCALE-AU-L002__g0340,static,73,1624928402608,1624928.402608,360,4,360.0217231847346,360.03728772099976,ok,True,f45451c354383da570944ddf0fc7898e9cd7056ac0ff54e97a2a2c4b69036697,83f7114e04b2e92a302573bd579541efae62d59114cef080a372f30bf01faf4c,f5dbdfc6fb2d5b1ede46686b0ec749ffba11f7aad66800c6bfb36cfe0c47386a,4a544ffef36598d6c9bd92ee19ecba32c5cdfecb17b1176ae4d07bdeda4273ea,CP-SCALE-AU-L002__g0340__static__seed73.json
CP-SCALE-AU-L002__g0340,static,79,1625021897868,1625021.897868,360,4,360.0155895128846,359.88666423500035,ok,True,f45451c354383da570944ddf0fc7898e9cd7056ac0ff54e97a2a2c4b69036697,83f7114e04b2e92a302573bd579541efae62d59114cef080a372f30bf01faf4c,f5dbdfc6fb2d5b1ede46686b0ec749ffba11f7aad66800c6bfb36cfe0c47386a,629232c459802820041364babd4290356ec2c17475e8a327c67fc9f313a4d4db,CP-SCALE-AU-L002__g0340__static__seed79.json
CP-SCALE-AU-L002__g0340,static,83,1625191198998,1625191.198998,360,4,360.0152649432421,359.9950021479999,ok,True,f45451c354383da570944ddf0fc7898e9cd7056ac0ff54e97a2a2c4b69036697,83f7114e04b2e92a302573bd579541efae62d59114cef080a372f30bf01faf4c,f5dbdfc6fb2d5b1ede46686b0ec749ffba11f7aad66800c6bfb36cfe0c47386a,e744078b85db12389ae7c9878599e0087fb0b096a3928c8604b75cd4b24c04e0,CP-SCALE-AU-L002__g0340__static__seed83.json
CP-SCALE-AU-L002__g0680,static,67,1249692275743,1249692.275743,360,4,360.0130171775818,360.0108561529996,ok,True,00df7ab3f84b2c1c98462e6a24a6844edfbe3af85b434c40e44bf86efcce2a7b,83f7114e04b2e92a302573bd579541efae62d59114cef080a372f30bf01faf4c,f5dbdfc6fb2d5b1ede46686b0ec749ffba11f7aad66800c6bfb36cfe0c47386a,288dec1f5a7378cd78830784e38d9b993acf4cf5790cf829f2b16ad126fd14c0,CP-SCALE-AU-L002__g0680__static__seed67.json
CP-SCALE-AU-L002__g0680,static,71,1249202758150,1249202.75815,360,4,360.01389763876796,359.69503571500036,ok,True,00df7ab3f84b2c1c98462e6a24a6844edfbe3af85b434c40e44bf86efcce2a7b,83f7114e04b2e92a302573bd579541efae62d59114cef080a372f30bf01faf4c,f5dbdfc6fb2d5b1ede46686b0ec749ffba11f7aad66800c6bfb36cfe0c47386a,cb83668eb29278bbe3d4d624a69edcaa3307d31b3b6ea16e8cb5799adad4b70f,CP-SCALE-AU-L002__g0680__static__seed71.json
CP-SCALE-AU-L002__g0680,static,73,1248721947424,1248721.947424,360,4,360.01115941256285,360.01119340000014,ok,True,00df7ab3f84b2c1c98462e6a24a6844edfbe3af85b434c40e44bf86efcce2a7b,83f7114e04b2e92a302573bd579541efae62d59114cef080a372f30bf01faf4c,f5dbdfc6fb2d5b1ede46686b0ec749ffba11f7aad66800c6bfb36cfe0c47386a,bb5a9948b05e520faf2fce7be835d61bd105763228cfd7317a9a04393a607322,CP-SCALE-AU-L002__g0680__static__seed73.json
CP-SCALE-AU-L002__g0680,static,79,1249250824462,1249250.824462,360,4,360.0136337801814,359.8002323220003,ok,True,00df7ab3f84b2c1c98462e6a24a6844edfbe3af85b434c40e44bf86efcce2a7b,83f7114e04b2e92a302573bd579541efae62d59114cef080a372f30bf01faf4c,f5dbdfc6fb2d5b1ede46686b0ec749ffba11f7aad66800c6bfb36cfe0c47386a,684b0ff18a46ee2f5cf4f840dd3ead2df8af4ff20105022623a04d04ba63ca9e,CP-SCALE-AU-L002__g0680__static__seed79.json
CP-SCALE-AU-L002__g0680,static,83,1248995408343,1248995.408343,360,4,360.0185838378966,360.0323098099998,ok,True,00df7ab3f84b2c1c98462e6a24a6844edfbe3af85b434c40e44bf86efcce2a7b,83f7114e04b2e92a302573bd579541efae62d59114cef080a372f30bf01faf4c,f5dbdfc6fb2d5b1ede46686b0ec749ffba11f7aad66800c6bfb36cfe0c47386a,68d069e240c8f2b03d79de41b1034f27c9f6ec24dd8bffe6bfa6c810e12d2cf9,CP-SCALE-AU-L002__g0680__static__seed83.json
CP-SCALE-AU-L002__g1200,static,67,883993876179,883993.876179,360,4,360.01135854795575,360.00468908400035,ok,True,daaf6d54933abd24eb20b16c253177d674328b8555bf6b795088f76ab2e671b0,83f7114e04b2e92a302573bd579541efae62d59114cef080a372f30bf01faf4c,f5dbdfc6fb2d5b1ede46686b0ec749ffba11f7aad66800c6bfb36cfe0c47386a,3da6679a9429ac6213f2a47ac11307eb71343ee4c7547f2527f6526b8415f7b7,CP-SCALE-AU-L002__g1200__static__seed67.json
CP-SCALE-AU-L002__g1200,static,71,882694868220,882694.86822,360,4,360.01158556342125,359.8955883560002,ok,True,daaf6d54933abd24eb20b16c253177d674328b8555bf6b795088f76ab2e671b0,83f7114e04b2e92a302573bd579541efae62d59114cef080a372f30bf01faf4c,f5dbdfc6fb2d5b1ede46686b0ec749ffba11f7aad66800c6bfb36cfe0c47386a,55aca7ac43a9248bbc25475027040375146d0d54b23643ec870327d2f7ce1cca,CP-SCALE-AU-L002__g1200__static__seed71.json
CP-SCALE-AU-L002__g1200,static,73,885969411753,885969.411753,360,4,360.012525819242,359.98511777299973,ok,True,daaf6d54933abd24eb20b16c253177d674328b8555bf6b795088f76ab2e671b0,83f7114e04b2e92a302573bd579541efae62d59114cef080a372f30bf01faf4c,f5dbdfc6fb2d5b1ede46686b0ec749ffba11f7aad66800c6bfb36cfe0c47386a,ee2f8598c75c721a04e5d50702e113c6914a61e82aed775a5fb611e403662d9c,CP-SCALE-AU-L002__g1200__static__seed73.json
CP-SCALE-AU-L002__g1200,static,79,884443551216,884443.551216,360,4,360.01214729994535,360.00384500999996,ok,True,daaf6d54933abd24eb20b16c253177d674328b8555bf6b795088f76ab2e671b0,83f7114e04b2e92a302573bd579541efae62d59114cef080a372f30bf01faf4c,f5dbdfc6fb2d5b1ede46686b0ec749ffba11f7aad66800c6bfb36cfe0c47386a,aeefe02a699db9f30e2aaf3c083cca55c87b97182ebea1e04c0bffc4aee6b2b7,CP-SCALE-AU-L002__g1200__static__seed79.json
CP-SCALE-AU-L002__g1200,static,83,883183394920,883183.39492,360,4,360.0135524049401,360.001447654,ok,True,daaf6d54933abd24eb20b16c253177d674328b8555bf6b795088f76ab2e671b0,83f7114e04b2e92a302573bd579541efae62d59114cef080a372f30bf01faf4c,f5dbdfc6fb2d5b1ede46686b0ec749ffba11f7aad66800c6bfb36cfe0c47386a,ee9e16fb3f815d206792e6c83997cec54713dbbab6cb522895017669ca8f24db,CP-SCALE-AU-L002__g1200__static__seed83.json
CP-SCALE-AU-L002__g1800,static,67,684249882980,684249.88298,360,4,360.0099326632917,360.01161404399954,ok,True,929df9f700cdd73c14aa1aed2a4b8ec88eb4dbaddb0252134dc68e9409a0829b,83f7114e04b2e92a302573bd579541efae62d59114cef080a372f30bf01faf4c,f5dbdfc6fb2d5b1ede46686b0ec749ffba11f7aad66800c6bfb36cfe0c47386a,fc67bd7386b543bd6cd4c0e590e359c286a300aa0d7ee82ab01c3ecdeb78a254,CP-SCALE-AU-L002__g1800__static__seed67.json
CP-SCALE-AU-L002__g1800,static,71,684085631748,684085.631748,360,4,360.0122057572007,359.84843458800003,ok,True,929df9f700cdd73c14aa1aed2a4b8ec88eb4dbaddb0252134dc68e9409a0829b,83f7114e04b2e92a302573bd579541efae62d59114cef080a372f30bf01faf4c,f5dbdfc6fb2d5b1ede46686b0ec749ffba11f7aad66800c6bfb36cfe0c47386a,4c485f7c2dd3e2f15e397336a9cd2bebbe85ef67f993e88fc3d558f7ed68307e,CP-SCALE-AU-L002__g1800__static__seed71.json
CP-SCALE-AU-L002__g1800,static,73,681956357175,681956.357175,360,4,360.0125608704984,359.8819211600003,ok,True,929df9f700cdd73c14aa1aed2a4b8ec88eb4dbaddb0252134dc68e9409a0829b,83f7114e04b2e92a302573bd579541efae62d59114cef080a372f30bf01faf4c,f5dbdfc6fb2d5b1ede46686b0ec749ffba11f7aad66800c6bfb36cfe0c47386a,b2aba6329c70341e52b7c3b97ad456013aee164fca814ea1e282b4f9f2e8fd23,CP-SCALE-AU-L002__g1800__static__seed73.json
CP-SCALE-AU-L002__g1800,static,79,681186671054,681186.671054,360,4,360.00978377461433,359.9822592190003,ok,True,929df9f700cdd73c14aa1aed2a4b8ec88eb4dbaddb0252134dc68e9409a0829b,83f7114e04b2e92a302573bd579541efae62d59114cef080a372f30bf01faf4c,f5dbdfc6fb2d5b1ede46686b0ec749ffba11f7aad66800c6bfb36cfe0c47386a,a3db64d94d4fcf484072ddf048baed9d354475d8e4cda264304f013c7f7e40da,CP-SCALE-AU-L002__g1800__static__seed79.json
CP-SCALE-AU-L002__g1800,static,83,682447551758,682447.551758,360,4,360.01516865566373,360.0146583699998,ok,True,929df9f700cdd73c14aa1aed2a4b8ec88eb4dbaddb0252134dc68e9409a0829b,83f7114e04b2e92a302573bd579541efae62d59114cef080a372f30bf01faf4c,f5dbdfc6fb2d5b1ede46686b0ec749ffba11f7aad66800c6bfb36cfe0c47386a,b778c9d141e7ae113e0f746799cdf384c80ddbe89d0a01da61ca8c40a2ab0eef,CP-SCALE-AU-L002__g1800__static__seed83.json
CP-SCALE-AU-L002__gW0340_gE1200_s0150,static,67,1260471228342,1260471.228342,360,4,360.0186732150614,360.044851245,ok,True,c19525c20997580aae8cc683586362d193926c2b0a5acb702c039bb37584a967,83f7114e04b2e92a302573bd579541efae62d59114cef080a372f30bf01faf4c,f5dbdfc6fb2d5b1ede46686b0ec749ffba11f7aad66800c6bfb36cfe0c47386a,6a99b732654be4bfa1e0c82ea70d0415ab394bd688c33b5772300f19ad974160,CP-SCALE-AU-L002__gW0340_gE1200_s0150__static__seed67.json
CP-SCALE-AU-L002__gW0340_gE1200_s0150,static,71,1260076545400,1260076.5454,360,4,360.0121611505747,360.00966475199994,ok,True,c19525c20997580aae8cc683586362d193926c2b0a5acb702c039bb37584a967,83f7114e04b2e92a302573bd579541efae62d59114cef080a372f30bf01faf4c,f5dbdfc6fb2d5b1ede46686b0ec749ffba11f7aad66800c6bfb36cfe0c47386a,e21975878980999ef14014543d43556afcfabe1f15e1297bd0d476e6aa3beddf,CP-SCALE-AU-L002__gW0340_gE1200_s0150__static__seed71.json
CP-SCALE-AU-L002__gW0340_gE1200_s0150,static,73,1261599508180,1261599.50818,360,4,360.0111550576985,359.99133843200025,ok,True,c19525c20997580aae8cc683586362d193926c2b0a5acb702c039bb37584a967,83f7114e04b2e92a302573bd579541efae62d59114cef080a372f30bf01faf4c,f5dbdfc6fb2d5b1ede46686b0ec749ffba11f7aad66800c6bfb36cfe0c47386a,89e89e30a49fe0203e91ae086e29eab5ee31d77012f1a99722429a63ec2e0b3a,CP-SCALE-AU-L002__gW0340_gE1200_s0150__static__seed73.json
CP-SCALE-AU-L002__gW0340_gE1200_s0150,static,79,1260211940251,1260211.940251,360,4,360.0137700177729,359.9749235459999,ok,True,c19525c20997580aae8cc683586362d193926c2b0a5acb702c039bb37584a967,83f7114e04b2e92a302573bd579541efae62d59114cef080a372f30bf01faf4c,f5dbdfc6fb2d5b1ede46686b0ec749ffba11f7aad66800c6bfb36cfe0c47386a,0431cb644b7d723c3b8dee8cb9533e32fa394371f3f937e653f7bd9274c730b5,CP-SCALE-AU-L002__gW0340_gE1200_s0150__static__seed79.json
CP-SCALE-AU-L002__gW0340_gE1200_s0150,static,83,1261125989159,1261125.989159,360,4,360.0122925750911,359.972747323,ok,True,c19525c20997580aae8cc683586362d193926c2b0a5acb702c039bb37584a967,83f7114e04b2e92a302573bd579541efae62d59114cef080a372f30bf01faf4c,f5dbdfc6fb2d5b1ede46686b0ec749ffba11f7aad66800c6bfb36cfe0c47386a,b7def72ad1a5cb97896ea2dd31944e866618058ade165f98f776df9843c02590,CP-SCALE-AU-L002__gW0340_gE1200_s0150__static__seed83.json
CP-SCALE-AU-L002__gW0680_gE1200_s0150,static,67,1066662908964,1066662.908964,360,4,360.01426761597395,360.0006426499999,ok,True,76b3ce4a426bc2159d59d0c133f7d5e3b01cafc6f3edf2313428f26881023dd4,83f7114e04b2e92a302573bd579541efae62d59114cef080a372f30bf01faf4c,f5dbdfc6fb2d5b1ede46686b0ec749ffba11f7aad66800c6bfb36cfe0c47386a,1eeb5fc9967ef8e0fdd3351af8ed2dede514bb70a808d9144fb93599a7e92391,CP-SCALE-AU-L002__gW0680_gE1200_s0150__static__seed67.json
CP-SCALE-AU-L002__gW0680_gE1200_s0150,static,71,1066068675551,1066068.675551,360,4,360.01367004960775,359.70813310899985,ok,True,76b3ce4a426bc2159d59d0c133f7d5e3b01cafc6f3edf2313428f26881023dd4,83f7114e04b2e92a302573bd579541efae62d59114cef080a372f30bf01faf4c,f5dbdfc6fb2d5b1ede46686b0ec749ffba11f7aad66800c6bfb36cfe0c47386a,66d2455dbb34e700dde25da3f9e78cca971125d356edf47c311b4b030fc739e4,CP-SCALE-AU-L002__gW0680_gE1200_s0150__static__seed71.json
CP-SCALE-AU-L002__gW0680_gE1200_s0150,static,73,1069525772828,1069525.772828,360,4,360.01115571707487,359.5254061310002,ok,True,76b3ce4a426bc2159d59d0c133f7d5e3b01cafc6f3edf2313428f26881023dd4,83f7114e04b2e92a302573bd579541efae62d59114cef080a372f30bf01faf4c,f5dbdfc6fb2d5b1ede46686b0ec749ffba11f7aad66800c6bfb36cfe0c47386a,b25d2af1e06f26b9204f333b0f4169ea4fe9fb4a3790ca6cc3c5d09550365079,CP-SCALE-AU-L002__gW0680_gE1200_s0150__static__seed73.json
CP-SCALE-AU-L002__gW0680_gE1200_s0150,static,79,1065700935600,1065700.9356,360,4,360.01277823373675,360.01097950500025,ok,True,76b3ce4a426bc2159d59d0c133f7d5e3b01cafc6f3edf2313428f26881023dd4,83f7114e04b2e92a302573bd579541efae62d59114cef080a372f30bf01faf4c,f5dbdfc6fb2d5b1ede46686b0ec749ffba11f7aad66800c6bfb36cfe0c47386a,f04ba86404da4e39e734353df998db149248ecbf8fa065475a2ecfdf6a6997d7,CP-SCALE-AU-L002__gW0680_gE1200_s0150__static__seed79.json
CP-SCALE-AU-L002__gW0680_gE1200_s0150,static,83,1066969657433,1066969.657433,360,4,360.01546427980065,360.03353993899987,ok,True,76b3ce4a426bc2159d59d0c133f7d5e3b01cafc6f3edf2313428f26881023dd4,83f7114e04b2e92a302573bd579541efae62d59114cef080a372f30bf01faf4c,f5dbdfc6fb2d5b1ede46686b0ec749ffba11f7aad66800c6bfb36cfe0c47386a,c1feac73cff45d4260e0ba3f0bfb1b4a822b5bb8ff6a54bcf15989c8bf57b835,CP-SCALE-AU-L002__gW0680_gE1200_s0150__static__seed83.json
CP-SCALE-AU-L002__gW1200_gE0340_s0150,static,67,1261878457451,1261878.457451,360,4,360.0284410789609,359.52778950799984,ok,True,68fd21ef61b7cfaa228bcc78aa122ab7ed1946dc1e9330e3ca3d0fbf6ff06af3,83f7114e04b2e92a302573bd579541efae62d59114cef080a372f30bf01faf4c,f5dbdfc6fb2d5b1ede46686b0ec749ffba11f7aad66800c6bfb36cfe0c47386a,0999fe56ed37364422451dbdb84cfb38804aa77ab313c795281fb93691bcbf58,CP-SCALE-AU-L002__gW1200_gE0340_s0150__static__seed67.json
CP-SCALE-AU-L002__gW1200_gE0340_s0150,static,71,1259606544197,1259606.544197,360,4,360.0147396400571,359.46008583,ok,True,68fd21ef61b7cfaa228bcc78aa122ab7ed1946dc1e9330e3ca3d0fbf6ff06af3,83f7114e04b2e92a302573bd579541efae62d59114cef080a372f30bf01faf4c,f5dbdfc6fb2d5b1ede46686b0ec749ffba11f7aad66800c6bfb36cfe0c47386a,77b08eeb4e25df5d6df374d3719509d555f0a5e60797b098ef2115e2fb1cae46,CP-SCALE-AU-L002__gW1200_gE0340_s0150__static__seed71.json
CP-SCALE-AU-L002__gW1200_gE0340_s0150,static,73,1262366690465,1262366.690465,360,4,360.0118797123432,359.95212833499954,ok,True,68fd21ef61b7cfaa228bcc78aa122ab7ed1946dc1e9330e3ca3d0fbf6ff06af3,83f7114e04b2e92a302573bd579541efae62d59114cef080a372f30bf01faf4c,f5dbdfc6fb2d5b1ede46686b0ec749ffba11f7aad66800c6bfb36cfe0c47386a,f141603dcb91457bf8a811cd6bcdaba59022a58f9abafe66850874dd0fc95b80,CP-SCALE-AU-L002__gW1200_gE0340_s0150__static__seed73.json
CP-SCALE-AU-L002__gW1200_gE0340_s0150,static,79,1261954395167,1261954.395167,360,4,360.01433937996626,359.74638041199995,ok,True,68fd21ef61b7cfaa228bcc78aa122ab7ed1946dc1e9330e3ca3d0fbf6ff06af3,83f7114e04b2e92a302573bd579541efae62d59114cef080a372f30bf01faf4c,f5dbdfc6fb2d5b1ede46686b0ec749ffba11f7aad66800c6bfb36cfe0c47386a,d641786b24a812b88c861ae15153142a6106a6ca01794459d83ef249c68f164d,CP-SCALE-AU-L002__gW1200_gE0340_s0150__static__seed79.json
CP-SCALE-AU-L002__gW1200_gE0340_s0150,static,83,1261602691273,1261602.691273,360,4,360.01658337563276,360.00985858299987,ok,True,68fd21ef61b7cfaa228bcc78aa122ab7ed1946dc1e9330e3ca3d0fbf6ff06af3,83f7114e04b2e92a302573bd579541efae62d59114cef080a372f30bf01faf4c,f5dbdfc6fb2d5b1ede46686b0ec749ffba11f7aad66800c6bfb36cfe0c47386a,a108e86fe4c54a403cc0c17deaff0c669ec54b15366b5c5470e729f85c4eeefc,CP-SCALE-AU-L002__gW1200_gE0340_s0150__static__seed83.json
CP-SCALE-AU-L002__gW1200_gE0680_s0150,static,67,1067012845866,1067012.845866,360,4,360.03386253491044,359.29257691500015,ok,True,97eed4ff2c5b4a84d1d1b8e9645e81fe0d40ff8e9fc4daac45e73da590f4615c,83f7114e04b2e92a302573bd579541efae62d59114cef080a372f30bf01faf4c,f5dbdfc6fb2d5b1ede46686b0ec749ffba11f7aad66800c6bfb36cfe0c47386a,99dc13ecc0edb3143f89e94219d0925663329553bf09bddbc93c0ea97c11ff96,CP-SCALE-AU-L002__gW1200_gE0680_s0150__static__seed67.json
CP-SCALE-AU-L002__gW1200_gE0680_s0150,static,71,1066503861335,1066503.861335,360,4,360.0116091147065,359.86194587600016,ok,True,97eed4ff2c5b4a84d1d1b8e9645e81fe0d40ff8e9fc4daac45e73da590f4615c,83f7114e04b2e92a302573bd579541efae62d59114cef080a372f30bf01faf4c,f5dbdfc6fb2d5b1ede46686b0ec749ffba11f7aad66800c6bfb36cfe0c47386a,daa146e3c29593098a8fc94b9fb06342e09cc2f76bc2b7416333e672d27d89c7,CP-SCALE-AU-L002__gW1200_gE0680_s0150__static__seed71.json
CP-SCALE-AU-L002__gW1200_gE0680_s0150,static,73,1066425194446,1066425.194446,360,4,360.01182651519775,359.813330051,ok,True,97eed4ff2c5b4a84d1d1b8e9645e81fe0d40ff8e9fc4daac45e73da590f4615c,83f7114e04b2e92a302573bd579541efae62d59114cef080a372f30bf01faf4c,f5dbdfc6fb2d5b1ede46686b0ec749ffba11f7aad66800c6bfb36cfe0c47386a,10908fc1f6554cc7db6e2029680d82a0a43df8e36b78b56bee2200a1bbb41b25,CP-SCALE-AU-L002__gW1200_gE0680_s0150__static__seed73.json
CP-SCALE-AU-L002__gW1200_gE0680_s0150,static,79,1067128673896,1067128.673896,360,4,360.010339230299,359.5435361300001,ok,True,97eed4ff2c5b4a84d1d1b8e9645e81fe0d40ff8e9fc4daac45e73da590f4615c,83f7114e04b2e92a302573bd579541efae62d59114cef080a372f30bf01faf4c,f5dbdfc6fb2d5b1ede46686b0ec749ffba11f7aad66800c6bfb36cfe0c47386a,debe0b4bbe6e42efad9bf1d0f36b6c393997ca88072b8a6a4de68008b6ce9c20,CP-SCALE-AU-L002__gW1200_gE0680_s0150__static__seed79.json
CP-SCALE-AU-L002__gW1200_gE0680_s0150,static,83,1066080419322,1066080.419322,360,4,360.01358254626393,360.00502726800005,ok,True,97eed4ff2c5b4a84d1d1b8e9645e81fe0d40ff8e9fc4daac45e73da590f4615c,83f7114e04b2e92a302573bd579541efae62d59114cef080a372f30bf01faf4c,f5dbdfc6fb2d5b1ede46686b0ec749ffba11f7aad66800c6bfb36cfe0c47386a,721aaf9a8f577a0be5f5b7a16c49a4c5b469ddf78d90da9fa70a6e4eb09c4235,CP-SCALE-AU-L002__gW1200_gE0680_s0150__static__seed83.json
